animal,measure,value,unit,range_min,range_max,n,sex,stat,source,url,source_licence,confidence,note
dingo,shoulder_height,542.2,mm,463.7,615.0,117,pooled,mean,"Koungoulos, Hulme-Beaman, Fillios et al. 2024 Sci Rep 14 (PMC11411105)",https://pmc.ncbi.nlm.nih.gov/articles/PMC11411105/,CC BY-NC-ND 4.0 (fact quoted only),B,"modern dingoes, reconstructed from limb-bone lengths with Harcourt 1974 equations; paper prints SD 29.87 cm which looks like an error"
dingo,shoulder_height,550,mm,,,,pooled,average,"Ballard & Wilson 2019 Front Zool 16:2 (PMC6373076), citing Smith 2015, Crowther 2014, Jackson 2017",https://pmc.ncbi.nlm.nih.gov/articles/PMC6373076/,CC BY 4.0,B,review statement
dingo,shoulder_height,590,mm,,,,male,mean,"Smith (ed.) 2015 The Dingo Debate ch.1, CSIRO, via Wikipedia 'Dingo'",https://en.wikipedia.org/wiki/Dingo,secondary (fact quoted),C,wild males; captive males 560
dingo,shoulder_height,560,mm,,,,female,mean,"Smith (ed.) 2015 The Dingo Debate ch.1, via Wikipedia 'Dingo'",https://en.wikipedia.org/wiki/Dingo,secondary (fact quoted),C,wild females; captive females 530
dingo,shoulder_height,,mm,440,620,,pooled,range,Australian Museum 'Dingo' fact sheet (Burrell & Eldridge; updated 2026-05-26),https://australian.museum/learn/animals/mammals/dingo/,© Australian Museum (fact quoted),C,
dingo,shoulder_height,460,mm,,,1,female,individual,"Ballard et al. 2023 GigaScience 12:giad018 (PMC10353722), Alpine dingo 'Cooinda'",https://pmc.ncbi.nlm.nih.gov/articles/PMC10353722/,CC BY 4.0,A,one animal; 22 kg
dingo,body_length,1230,mm,,,,pooled,average,Ballard & Wilson 2019 (PMC6373076),https://pmc.ncbi.nlm.nih.gov/articles/PMC6373076/,CC BY 4.0,B,'123 cm long'; definition not given (probably nose to tail tip)
dingo,body_length,,mm,860,1230,,pooled,range,Australian Museum 'Dingo' fact sheet,https://australian.museum/learn/animals/mammals/dingo/,© Australian Museum (fact quoted),C,'body length'
dingo,body_length,1250,mm,,,,male,mean,"Smith (ed.) 2015 via Wikipedia 'Dingo'",https://en.wikipedia.org/wiki/Dingo,secondary (fact quoted),C,wild; female 1220; captive M 1360 F 1330; definition not given
dingo,tail_length,,mm,260,380,,pooled,range,Australian Museum 'Dingo' fact sheet,https://australian.museum/learn/animals/mammals/dingo/,© Australian Museum (fact quoted),C,
dingo,weight,15,kg,,,,pooled,average,Ballard & Wilson 2019 (PMC6373076),https://pmc.ncbi.nlm.nih.gov/articles/PMC6373076/,CC BY 4.0,B,males slightly larger
dingo,weight,,kg,12,24,,pooled,range,Australian Museum 'Dingo' fact sheet,https://australian.museum/learn/animals/mammals/dingo/,© Australian Museum (fact quoted),C,
dingo,weight,15.8,kg,,,,male,mean,"Smith (ed.) 2015 via Wikipedia 'Dingo'",https://en.wikipedia.org/wiki/Dingo,secondary (fact quoted),C,wild; female 14.1; captive M 18.9 F 16.2
dingo,weight_estimated,14.25,kg,11.39,22.57,95,pooled,mean,Koungoulos et al. 2024 (PMC11411105),https://pmc.ncbi.nlm.nih.gov/articles/PMC11411105/,CC BY-NC-ND 4.0 (fact quoted only),B,"estimated from palate length/breadth (Lucas et al. 2019); SD 1.69"
dingo,skull_condylobasal_length,176.89,mm,147.25,199.80,63,pooled,mean,"Crowther, Fillios, Colman & Letnic 2014 J Zool 293:192-203, Table 2",https://doi.org/10.1111/jzo.12134,Wiley free-to-read (bronze OA; no open licence; fact quoted only),A,"pre-1900 dingoes; SD 11.06; read from a copy at savefraserislanddingoes.com because Wiley returned 403"
dingo,skull_length_inion_prosthion,189.0,mm,,,,pooled,mean,Crowther et al. 2014 J Zool (text),https://doi.org/10.1111/jzo.12134,Wiley bronze OA (fact quoted only),A,pre-20th-century dingoes; +-1.8 (probably SE)
dingo,skull_viscerocranium_length,90.78,mm,72.55,104.07,60,pooled,mean,Crowther et al. 2014 Table 2,https://doi.org/10.1111/jzo.12134,Wiley bronze OA (fact quoted only),A,nasion to prosthion; SD 6.94
dingo,skull_max_maxillary_width,59.03,mm,52.10,70.80,69,pooled,mean,Crowther et al. 2014 Table 2,https://doi.org/10.1111/jzo.12134,Wiley bronze OA (fact quoted only),A,palate width at P4/M1; SD 3.69
dingo,skull_postorbital_width,51.51,mm,40.58,63.51,54,pooled,mean,Crowther et al. 2014 Table 2,https://doi.org/10.1111/jzo.12134,Wiley bronze OA (fact quoted only),A,ectorbital to ectorbital; SD 4.51
dingo,skull_palate_length,87.62,mm,73.97,100.00,48,pooled,mean,Crowther et al. 2014 Table 2,https://doi.org/10.1111/jzo.12134,Wiley bronze OA (fact quoted only),A,SD 5.28
wolf_comparison,skull_condylobasal_length,207.10,mm,,,,pooled,mean,Crowther et al. 2014 (text),https://doi.org/10.1111/jzo.12134,Wiley bronze OA (fact quoted only),B,"wolf sample incl. Indian wolves (Gollan 1982); +-2.10 SE"
thai_pariah_dog,skull_length_inion_prosthion,179.5,mm,,,,male,mean,"Corbett 1985, quoted in Crowther et al. 2014",https://doi.org/10.1111/jzo.12134,Wiley bronze OA (fact quoted only),B,+-3.1
thai_pariah_dog,skull_length_inion_prosthion,173.2,mm,,,,female,mean,"Corbett 1985, quoted in Crowther et al. 2014",https://doi.org/10.1111/jzo.12134,Wiley bronze OA (fact quoted only),B,+-3.6
new_guinea_canid,shoulder_height,375,mm,332.4,417.6,12,pooled,mean,Koungoulos et al. 2024 (PMC11411105),https://pmc.ncbi.nlm.nih.gov/articles/PMC11411105/,CC BY-NC-ND 4.0 (fact quoted only),B,New Guinea singing / village dogs; reconstructed from limb bones (Harcourt)
new_guinea_canid,weight_estimated,8.58,kg,2.49,14.28,20,pooled,mean,Koungoulos et al. 2024 (PMC11411105),https://pmc.ncbi.nlm.nih.gov/articles/PMC11411105/,CC BY-NC-ND 4.0 (fact quoted only),B,SD 2.90; from palate
new_guinea_singing_dog,skull_greatest_length,162.72,mm,,,1,male,individual,"Parnaby, Ingleby & Divljan 2017 Rec Aust Mus 69:277-420 (holotype M.8502 of Canis hallstromi); Plazi treatment",https://doi.org/10.5281/zenodo.7562786,CC0 (Plazi treatment),A,"also: condylobasal 152.85, zygomatic breadth 101.05"
papuan_village_dog,skull_greatest_length,165.25,mm,,,1,unknown,individual,"Parnaby, Ingleby & Divljan 2017 (holotype A.3652 of C. f. var. papuensis); Plazi treatment",https://doi.org/10.5281/zenodo.5238002,CC0 (Plazi treatment),A,"also: condylobasal 154.36, zygomatic breadth 88.73"
carolina_dog,shoulder_height,,mm,457,610,,pooled,range,Carolina Dog Fanciers of America breed standard (AKC FSS) 2022,https://s3.amazonaws.com/cdn-origin-etr.akc.org/wp-content/uploads/2017/11/27150114/2022CDAKCBreedStandard-Edits2.mbo-4.08.22.pdf,breed standard (fact quoted),C,18-24 in
carolina_dog,shoulder_height,,mm,451,495,,pooled,range,United Kennel Club standard as quoted on Wikipedia 'Carolina Dog' infobox,https://en.wikipedia.org/wiki/Carolina_Dog,secondary (fact quoted),C,17.75-19.5 in
carolina_dog,weight,,kg,15.9,22.7,,pooled,range,CDFA / AKC FSS breed standard 2022,https://s3.amazonaws.com/cdn-origin-etr.akc.org/wp-content/uploads/2017/11/27150114/2022CDAKCBreedStandard-Edits2.mbo-4.08.22.pdf,breed standard (fact quoted),C,35-50 lb
carolina_dog,muzzle_over_cranium_length,1.0,ratio,,,,pooled,standard,CDFA / AKC FSS breed standard 2022,https://s3.amazonaws.com/cdn-origin-etr.akc.org/wp-content/uploads/2017/11/27150114/2022CDAKCBreedStandard-Edits2.mbo-4.08.22.pdf,breed standard (fact quoted),C,'approximately equal'
carolina_dog,front_pastern_angle,15-20,deg,15,20,,pooled,standard,CDFA / AKC FSS breed standard 2022,https://s3.amazonaws.com/cdn-origin-etr.akc.org/wp-content/uploads/2017/11/27150114/2022CDAKCBreedStandard-Edits2.mbo-4.08.22.pdf,breed standard (fact quoted),C,deviation from vertical (= 160-165 deg included at carpus in the wolf.yaml convention)
carolina_dog,tail_carriage_alert,45,deg,,,,pooled,standard,CDFA / AKC FSS breed standard 2022,https://s3.amazonaws.com/cdn-origin-etr.akc.org/wp-content/uploads/2017/11/27150114/2022CDAKCBreedStandard-Edits2.mbo-4.08.22.pdf,breed standard (fact quoted),C,above horizontal; last third hooks back (fishhook)
dingo,humerus_length_EST,165.8,mm,,,,pooled,derived,"inverted Harcourt 1974: SH = 3.43*HUM - 26.54 (mm), from Koungoulos 2024 mean SH 542.2",https://doi.org/10.1016/0305-4403(74)90040-5,derived estimate,EST,"not a measurement; formula recalled, check against Harcourt 1974"
dingo,radius_length_EST,164.4,mm,,,,pooled,derived,"inverted Harcourt 1974: SH = 3.18*RAD + 19.51",https://doi.org/10.1016/0305-4403(74)90040-5,derived estimate,EST,as above
dingo,femur_length_EST,176.8,mm,,,,pooled,derived,"inverted Harcourt 1974: SH = 3.14*FEM - 12.96",https://doi.org/10.1016/0305-4403(74)90040-5,derived estimate,EST,as above
dingo,tibia_length_EST,182.5,mm,155.6,207.4,117,pooled,derived,"inverted Harcourt 1974 with the verified tibia intercept: SH = 2.92*TIB + 9.41 (corrected Oct 7 by Firefly from 178.3, which used +21.62; see ref/research/missingfound/dingo-limb-bones)",https://pmc.ncbi.nlm.nih.gov/articles/PMC12345418/,derived estimate,EST,as above
