source,page,quantity,value,unit,n,sex,region,confidence,compare_note
Mech 1974 MS37,1,total_length,1370-1520,mm,,F,N America + Eurasia (by subspecies),C,printed imperial (4.5-6.0 ft) disagrees with metric; wolf.yaml has no total length (head-body 1055 + tail 455 = 1510): agree
Mech 1974 MS37,1,total_length,1270-1640,mm,,M,by subspecies,C,printed imperial (5.0-6.5 ft) disagrees with metric (1.52-1.98 m); flag
Mech 1974 MS37,1,weight,18-55,kg,,F,by subspecies,B,"wolf.yaml 31.8 (31-41): agree, wider range"
Mech 1974 MS37,1,weight,20-80,kg,,M,by subspecies,B,wolf.yaml upper 41: Mech range wider (extreme subspecies)
Mech 1974 MS37,2,guard_hair_length,60-100,mm,,,general (from Adorjan & Kolenosky 1969),B,"scout/03: back winter 85-145, summer 60-70: agree (same root source)"
Mech 1974 MS37,2,guard_hair_length_mane,120-150,mm,,,mane (Adorjan & Kolenosky 1969),B,scout/03 nape/mane 120-150 Ontario: agree (same source)
Mech 1974 MS37,2,dorsal_vs_ventral_hair,dorsal longer and darker than venter,text,,,,B,agrees with scout/03 and wolf.yaml traits
Mech 1974 MS37,2,precaudal_gland_position,70,mm from tail base,,,dorsal tail,B,NEW: stiff-haired (usually dark-tipped) patch on top of tail ~70 mm from base; place the tail spot here (~0.09 WH)
Mech 1974 MS37,2,shedding,late spring,season,,,,B,scout/03: summer coat sparse: agree
Mech 1974 MS37,2,toes,"front 5 (dewclaw proximal), hind 4",count,,,,A,agree with rig
Mech 1974 MS37,2,limb_posture,"digitigrade; chest narrow, keel-like; elbows turned in, paws turned out",text,,,(Young 1944; Iljin 1941),B,NEW for front view; agrees with Murie 1944 p.8 (front legs close together)
Mech 1974 MS37,2,dentition,i3/3 c1/1 p4/4 m2/3 = 42,count,,,,A,agree
Mech 1974 MS37,2,upper_canine_length,26,mm,,,,C,Fig.5 drawing: canine crown 0.116 CBL = ~29 mm at CBL 250; 3D 170753 tip 29.4 mm below palate: agree roughly
Mech 1974 MS37,1-2,orbital_angle,40-45,deg,,,"anterior view (Iljin 1941, Fig.2)",B,NEW: dogs 53-60; orbits face more forward-outward in dogs
Mech 1974 MS37,1,ears_vs_coyote,"relatively shorter ears, broader snout than coyote",text,,,,B,agrees wolf.yaml trait (ears small for head)
Mech 1974 MS37,2,mammae,10,count,,F,(Goldman 1944),B,new
Mech 1974 MS37,2,stomach_capacity,7-9,kg,,,,B,new (behaviour: gorge)
Mech 1974 MS37,2,travel_rate_usual,8,km/h,,,(Mech 1970),B,"= 2.2 m/s; wolf.yaml trot_speed 4.0 m/s (13-16 km/h, C): DISAGREE; Mech 1966 trot ~5 mph agrees with 8 km/h"
Mech 1974 MS37,2,running_speed,55-70,km/h,,,(Mech 1970),B,= 15-19 m/s; new (gallop cap)
Mech 1974 MS37,2,scent_detection_distance,2.4,km,,,,C,new
Mech 1974 MS37,2,growl_frequency,380-450,Hz,,,(Tembrock 1963),B,new (audio)
Mech 1974 MS37,2,bark_frequency,320-904,Hz,,,(Tembrock 1963),B,new
Mech 1974 MS37,2-3,howl_duration,0.5-11,s,3,M,(Theberge & Falls 1967),B,new; missingfound face-ear has howl timing: check
Mech 1974 MS37,2-3,howl_fundamental,150-780,Hz,3,M,"up to 12 harmonics; pitch constant or smooth, up to 4-5 direction changes",B,new
Mech 1974 MS37,3,estrus,5-7,days,,F,,B,new
Mech 1974 MS37,3,copulatory_tie,>30,min,,,,B,not for the game
Mech 1974 MS37,3,gestation,63,days,,F,,A,new
Mech 1974 MS37,3,litter_size,6 (1-11),count,,F,,B,new
Mech 1974 MS37,3,eyes_open,11-15,day,,pup,,B,new
Mech 1974 MS37,3,milk_teeth_present,3,week,,pup,,B,new
Mech 1974 MS37,3,weaning,5,week,,pup,,B,new
Mech 1974 MS37,3,to_rendezvous_site,after 8,week,,pup,,B,new
Mech 1974 MS37,3,pup_weight_october,27,kg,,pup,~5 months,B,agrees Mech 2008 (30-32 kg at 10-12 mo)
Mech 1974 MS37,3,adult_teeth,16-26,week,,pup,(Schonberner 1965),B,new
Mech 1974 MS37,3,epiphyses_calcify,12,month,,,(Rausch 1967),B,new: skeleton adult size at 1 year
Mech 1974 MS37,3,lifespan,up to 16; 10 is old in the wild,years,,,,B,new
Mech 1974 MS37,4,pack_size,5-8 (up to 36),count,,,,B,new
Mech 1974 MS37,4,daily_travel,few to 72,km/day,,,,B,new
Mech 1974 MS37,5,dominant_posture,"stiff-legged stance, ears erect and forward, lips pulled forward, mane bristling, tail vertical",text,,,(Schenkel 1947),B,tail vertical = +90 deg vs relaxed -75 deg; pose target
Mech 1974 MS37,5,active_submission,"lips and ears drawn back, tongue flicks, hindquarters lowered, tail alongside or between legs, body lowered, muzzle up",text,,,(Schenkel 1947),B,pose target
Mech 1974 MS37,5,passive_submission,"rolls onto back, paws drawn in",text,,,,B,pose target
Mech 1974 MS37,5,resting,"usually on side, sometimes on abdomen; deep sleep curled with nose beneath tail",text,,,,B,agrees idle loop (fetched/11)
Mech 1974 MS37,4 Fig5,skull_total_length_over_cbl,1.049,CBL,1,,"C. l. tundrarum, Alaska (drawing)",B,3D 170753: 1.034: agree
Mech 1974 MS37,4 Fig5,skull_height_above_prosthion_over_cbl,0.345,CBL,1,,drawing,B,3D 170753 top at 0.36: drawing ~4% lower (flatter forehead)
Mech 1974 MS37,4 Fig5,upper_canine_tip_below_prosthion_over_cbl,0.123,CBL,1,,drawing,B,3D 0.084-0.089 below prosthion level: drawing teeth longer/lower
Mech 1974 MS37,4 Fig5,condyle_rise_above_prosthion_level,3.05,deg,1,,drawing,B,3D 170753 3.0 deg: agree
Mech 1974 MS37,4 Fig5,mandible_condyle_infradentale_over_cbl,0.783,CBL,1,,drawing,B,3D 0.771 / 0.785; wolf.yaml 0.78: agree
Mech 1974 MS37,4 Fig5,ramus_height_over_cbl,0.316,CBL,1,,drawing,B,3D 170753 0.325: agree
Mech 1974 MS37,4 Fig5,zygomatic_breadth_over_cbl,0.554,CBL,1,,dorsal drawing,B,wolf.yaml 0.56: agree; 3D 0.58/0.62
Mech 1974 MS37,4 Fig5,zygion_behind_prosthion,0.66,CBL,1,,dorsal drawing,B,3D 0.69: agree
Mech 1974 MS37,4 Fig5,orbit_width_side_view,0.125,CBL,1,,drawing (EST),C,3D 30 mm/244 = 0.123: agree
Mech 1974 MS37,4 Fig5,orbit_height_side_view,0.10,CBL,1,,drawing (EST),C,3D 0.127: drawing smaller
Mech 1974 MS37,4 Fig5,orbit_centre,"(-0.49, -0.19)","CBL x,y",1,,drawing (EST),C,"3D (-0.50, -0.23): agree in x"
Mech 1974 MS37,4 Fig5,skull_side_iou_vs_3d,"0.81 (170753), 0.72 (170555)",IoU,1,,,B,shape check
Murie 1944 NPS Fauna 5,8,legs,"exceptionally long and prominent; hindquarters look slightly crouched; ears more prominent than expected; chest narrower than sled dog, front legs close together",text,,,Alaska,B,agrees wolf.yaml traits; adds the crouched rear
Murie 1944 NPS Fauna 5,8-9,colour,"white, black, gray; gray sometimes coyote-brown; some whitish with black mantle; striking silver mane in some; tail tipped black; black wolves sprinkled with rusty/yellow guard hairs; many with a vertical light line just behind the shoulder",text,,,"Mt McKinley, Alaska",B,NEW: light shoulder line + black tail tip for the palette
Murie 1944 NPS Fauna 5,9,weight_adult_male,~100 (45),lb (kg),,M,Alaska (estimate),C,heavier than wolf.yaml 31.8 (northern wolves)
Murie 1944 NPS Fauna 5,10-11,track_front,4.875-5.25 x 3.375-4.25 (124-133 x 86-108),in (mm) L x W,4,,"moist mud, mostly trotting",A,NEW: front track broader and slightly longer than hind
Murie 1944 NPS Fauna 5,10-11,track_hind,4.625-5 x 3-3.5 (117-127 x 76-89),in (mm) L x W,4,,moist mud,A,NEW
Murie 1944 NPS Fauna 5,11,pace_walk_trot_level,25-38 (635-965),in (mm),,,Murie: pace = distance between the tracks of the two hind (or two front) feet; full stride = 2 x pace,A,NEW: stride 1.27-1.93 m; at WH 750 = 1.7-2.6 WH
Murie 1944 NPS Fauna 5,11,pace_trot_gravel_consecutive,"30, 32, 32, 34 (762-864)",in (mm),4,,gravel bar,A,NEW: trot stride ~1.6-1.7 m
Murie 1944 NPS Fauna 5,11,pace_in_snow,27-30 (7 in snow); 29 trot (6 in snow),in,,,snow,A,NEW
Murie 1944 NPS Fauna 5,11,pace_climbing_45deg_slope,16 (406),in (mm),,,"band, few inches snow",A,NEW
Murie 1944 NPS Fauna 5,46,pup_week1_total_length,14.625 (371),in (mm),1,F,"captive wild-born pup Wags, ~1 week",A,NEW (pup model)
Murie 1944 NPS Fauna 5,46,pup_week1_tail,3.625 (92),in (mm),1,F,,A,NEW
Murie 1944 NPS Fauna 5,46,pup_week1_hind_foot,2.375 (60),in (mm),1,F,,A,NEW
Murie 1944 NPS Fauna 5,46,pup_week1_ear,1 (25),in (mm),1,F,,A,NEW
Murie 1944 NPS Fauna 5,46,shoulder_height_9wk,14.5 (368),in (mm),1,F,Jul 12 (born ~May 8),A,NEW growth curve
Murie 1944 NPS Fauna 5,46,shoulder_height_13wk,17.5 (445),in (mm),1,F,Aug 6,A,NEW
Murie 1944 NPS Fauna 5,46,shoulder_height_17wk,19.5 (495),in (mm),1,F,Sep 5,A,NEW
Murie 1944 NPS Fauna 5,46,shoulder_height_24wk,24 (610),in (mm),1,F,Oct 23,A,NEW
Murie 1944 NPS Fauna 5,46,shoulder_height_19mo,27 (686),in (mm),1,F,Dec 17 1941 (adult),A,wolf.yaml 750 (660-840): within range
Murie 1944 NPS Fauna 5,10-11,pup_tracks_4.5mo,front 4.75 x 3.75; hind 4.5 x 3,in,1,F,captive pup,A,tracks near adult size at 4.5 months
Murie 1944 NPS Fauna 5,26-27 Fig7,drawing_ratios_black_male,"body (prosternum-buttock) 1.08 WH; chest depth 0.41 WH; elbow height 0.59 WH; head nose-occiput 0.33 WH; tail hangs ~vertical, tip near hock",ratio,1,M,"O. J. Murie drawing, true side view facing right (EST, read on a grid)",C,"wolf.yaml keypoint chest 0.54, elbow 0.53, body 1.29 use other definitions: do not mix; tail agrees -75..-83"
Mech 1966 NPS Fauna 7,"~3,74",body_length,M 43-48 (1092-1219); F 41-45 (1041-1143),in (mm),114,M/F,"NE Minnesota (Stenlund 1955), measure undefined (probably total length)",C,close to Mech 1974 total lengths
Mech 1966 NPS Fauna 7,74,weight,F ~61 (27.7); M ~78 (35.4),lb (kg),114,F/M,NE Minnesota (Stenlund 1955),B,wolf.yaml 31.8: agree
Mech 1966 NPS Fauna 7,~,travel_trot_speed,~5 (8),mph (km/h),,,"Isle Royale, aerial",B,= 2.2 m/s: DISAGREES with wolf.yaml trot 4.0 m/s; agrees Mech 1974 8 km/h
Mech 1966 NPS Fauna 7,~,travel_mean_speed,1.7 (2.7),mph (km/h),,,incl. stops,B,= 0.76 m/s overall travel
Mech 2006 J Mammal 87:80 (abstract),80,peak_body_mass,M 40.8; F 31.2,kg,65+25,M/F,"NE Minnesota, age 5-6",A,wolf.yaml weight 31.8 (31-41): agree
Mech & Paul 2008 Can J Zool 86:933 (abstract),933,body_mass_adult,"NE MN: F 26.30, M 30.60; NW MN: F 30.01, M 35.94",kg,"950 F, 1006 M",F/M,Minnesota cline,A,agree; shows 15-20% regional range
Mech 2008 Can Field-Nat 122:173 (abstract),173,pup_weight,"3 mo: F ~8, M ~10; 10-12 mo: F 30, M 32",kg,"118 F, 141 M",F/M,Minnesota,A,NEW growth curve (near linear to 10-12 mo)
Houben & Mason 2004 Vert Pest Conf (abstract),75,coyote_weight,"adult M 16.2, F 13.4; juv M 14.0, F 13.0",kg,70,M/F,Virginia,B,NEW (coyote species file)
Young & Jackson 1951 (rights unresolved: fact only),259,coyote_external,"adult M Nebraska: TL 1250, tail 337, HF 212, 36 lb",mm,1,M,C. l. latrans,B,NEW coyote; many more per subspecies in Part II
Young & Jackson 1951 (rights unresolved: fact only),table,coyote_ear_from_notch,100-125,mm,~8,M/F,Alberta (Banff),B,NEW
Young & Jackson 1951 (rights unresolved: fact only),~,coyote_vs_wolf_canine_base,coyote <11 mm AP diameter; wolf >12 mm,mm,,,,B,NEW
Young & Jackson 1951 (rights unresolved: fact only),247,coyote_molt,"one molt per year, starting ~June, done early autumn; prime late Nov-Feb",text,,,,B,NEW (coat seasons)
