title,agency_or_author,year,pd_evidence,url,size,contents_for_us,verdict,stored_as
Canis lupus. Mammalian Species 37,"L. D. Mech, US Bureau of Sport Fisheries and Wildlife (Patuxent)",1974,"PDF p1: ""This document is a U.S. government work and is not subject to copyright in the United States.""; UNL landing page Comments: ""U.S. government work.""; author address p6 = federal","https://digitalcommons.unl.edu/usgsnpwrc/334 (PDF Cloudflare-blocked; copy supplied by GrumpyDingo); also https://archive.org/details/mammalianspecies-37 (ASM scan, no notice)",840 KB,"body sizes, hair lengths, gait speeds, ontogeny, behaviour postures; Fig.5 clean skull lateral/dorsal/ventral + mandible drawings (after Bee & Hall 1956); Fig.1 photo (trotting, 3/4 view)",PD. USE (stored; skull digitised). Caveat: Fig.5 redrawn after Bee & Hall 1956 (Univ. Kansas),mech1974_canis_lupus_mammalian_species_37.pdf; mech1974_fig5_skull_views_600dpi.png; mech1974_fig1_wolf_photo_trotting.jpg; mech1974_skull_outlines.json
"The Wolves of Mount McKinley (Fauna of the National Parks of the US, Fauna Series 5)","Adolph Murie, US National Park Service; drawings by Olaus J. Murie (US Biological Survey / FWS)",1944,"US GPO / NPS publication by a federal employee; archive.org possible-copyright-status ""This item is in the public domain.""",https://archive.org/details/wolvesofmountmck00muri ; https://archive.org/details/nps-fauna-5,24 MB PDF (not stored),"O. J. Murie plates Fig.7 (6 wolf portraits incl. a TRUE SIDE VIEW standing black male facing right, walking ""Grandpa"" facing right, galloping ""Dandy""), Figs 9-10 pen drawings (howling, resting poses); pace/stride, track sizes, pup growth (shoulder height by week), colour notes","PD. BEST NEW TEMPLATE for Priority 1 (stored the two plates, 350 dpi)",murie1944_fig7a_wolf_portraits_plate_p26.jpg; murie1944_fig7b_wolf_portraits_plate_p27.jpg; murie1944_fig7b_black_male_side_350dpi.png
Ecology of the Coyote in the Yellowstone (Fauna Series 4),"Adolph Murie, NPS",1940,US GPO / NPS; nps-fauna-4 licenseurl = Public Domain Mark 1.0,https://archive.org/details/ecologyofcoyotei00muri ; https://archive.org/details/nps-fauna-4,22-61 MB (not stored),"coyote behaviour, a few weights (emaciated 13.5 lb); photos","PD. Lead for the coyote species file (behaviour), little anatomy",-
The Wolves of Isle Royale (Fauna Series 7),L. David Mech for NPS,1966,"US GPO / NPS; archive.org: ""This item is in the public domain.""; nps-fauna-7 PD Mark (Mech was then a Purdue researcher funded by NPS: check)",https://archive.org/details/wolvesofisleroya00royal ; https://archive.org/details/nps-fauna-7,16-67 MB (not stored),"trot ~5 mph, travel 1.7 mph, body length & weights (Stenlund 1955), aerial photos of travelling wolves",Probably PD (NPS series). Numbers taken; photos are aerial,-
The Wolves of North America (Young & Goldman),S. P. Young (FWS) & E. A. Goldman (Dept. Interior); publ. American Wildlife Institute,1944,"NOT PD: copyright 26 May 1944 A181884, RENEWED 22 Mar 1972 R525537 by Nydia A. Young (widow) & Luther J. Goldman (child) (Copyright Renewals 1972 Jan-Jun, Project Gutenberg ebook 11845)",https://www.gutenberg.org/ebooks/11845 (renewal record); archive.org copies are borrow-only (wolvesofnorthame0000youn etc.),-,"plates, skull measurements, Part II classification",IN COPYRIGHT (to 2039). Single facts only; do not store plates,-
The Clever Coyote (Young & Jackson),"S. P. Young & H. H. T. Jackson, Senior Biologists FWS; publ. Stackpole & Wildlife Management Institute",1951,"Copyright 1951 by Wildlife Management Institute (title page). Renewal would be 1978-79: not found in a quick search of publicrecords.copyright.gov (search unreliable). archive.org serves clevercoyote0000stan as open (not lending) - suggests PD by non-renewal, not proven",https://archive.org/details/clevercoyote0000stan,26 MB PDF (not stored),"coyote external & skull measurements per subspecies (TL, tail, hind foot, ear, CBL), pelage & molt, photos (some credited to others)",UNRESOLVED: facts only until a human checks renewal (Copyright Office card catalog 1978-79),-
Age-related body mass and reproductive measurements of gray wolves in Minnesota (J Mammal 87:80-84),"L. D. Mech, USGS",2006,sole federal author (USGS NPWRC) -> US government work by 17 USC 105 (UNL page states only the citation),https://digitalcommons.unl.edu/usgsnpwrc/108,PDF Cloudflare-blocked,"peak mass M 40.8 F 31.2 kg; testis, nipple sizes",PD (by authorship). Abstract numbers taken; PDF needs a human download,-
Weight changes in wild wolves from ages 2 to 24 months (Can Field-Nat 122:173),"L. D. Mech, USGS",2008,"UNL Comments: ""U.S. government work.""",https://digitalcommons.unl.edu/usgsnpwrc/363,PDF blocked,pup growth curve (n = 259),PD. Abstract numbers taken; growth table needs the PDF,-
Wolf body mass cline across Minnesota related to taxonomy? (Can J Zool 86:933),L. D. Mech (USGS) & W. J. Paul (USDA APHIS),2008,"UNL Comments: ""This document is a U.S. government work and is not subject to copyright in the United States.""",https://digitalcommons.unl.edu/usgsnpwrc/403,PDF blocked,"adult mass by region, n = 1956",PD. Numbers taken,-
Use of cranial characters in taxonomy of the Minnesota wolf (Can J Zool 89:1188),"Mech, Nowak, Weisberg (USGS lists all three as USGS; Weisberg is U. Minnesota)",2011,mixed authorship: not clearly PD,https://digitalcommons.unl.edu/usgsnpwrc/351 ; https://pubs.usgs.gov/publication/70037807,PDF blocked,skull measurements (rostral ratios) of Minnesota wolves,Facts only; could give skull ratios for a second wolf reference,-
Accuracy and precision of estimating age of gray wolves by tooth wear (JWM 64:752),"Gipson, Ballard, Nowak, Mech",2000,"UNL Comments: ""This document is a U.S. government work..."" (mixed authors; notice as given)",https://digitalcommons.unl.edu/usgsnpwrc/400,PDF blocked,tooth wear by age (photos of wear classes),PD per notice; low priority,-
Intercanine width measurements ... Mexican wolf recovery area (J Mammal 99:1405),"Verzuh, Bergman et al. (USDA APHIS WS)",2018,"UNL Comments: ""This work is written by (a) US Government employee(s) and is in the public domain in the US.""",https://digitalcommons.unl.edu/icwdm_usdanwrc/2209,PDF blocked,"intercanine widths for Mexican wolf, coyote, feral dog, gray fox (28-35 mm overlap band)",PD. Useful for muzzle width at the canines; needs PDF,-
Weight and age of coyotes captured in Virginia (Proc 21st Vert Pest Conf),Houben & Mason (USDA APHIS WS),2004,federal authors; published by UC Davis proceedings (check),https://digitalcommons.unl.edu/icwdm_usdanwrc/365,-,coyote weights,Facts taken,-
"Wolves: Behavior, Ecology, and Conservation: Photo Sections I-II","ed. Mech & Boitani; photos by D. Smith (NPS), Mech, I. Babcock and others",2003,"UNL says ""U.S. government work"" but the book is U Chicago Press and photographers include non-federal people: NOT reliable",https://digitalcommons.unl.edu/usgsnpwrc/324 ; /323,-,wolf photos,Do not use without per-photo credit check,-
"Mammalian Species accounts, canids and hyaenids (31 checked)",American Society of Mammalogists; authors as listed,1972-2010,"ASM scans on archive.org carry NO notice. Author addresses: only No. 37 (Mech, federal) is clearly a US government work. No. 22 Canis rufus: Paradiso (FWS) + Nowak (U Kansas) = joint, not PD. No. 122 Vulpes velox: Egoscue, Smithsonian National Zoo; No. 234 Chrysocyon: Dietz, National Zoo CRC; No. 713 Alopex: Audet & Robbins NMNH + Lariviere (non-federal): Smithsonian status unclear, treat as ASM copyright. All others (79 Canis latrans Bekoff; 100 Cuon; 123 V. macrotis; 150 Hyaena hyaena; 189 Urocyon; 194 H. brunnea; 358 Nyctereutes; 363 Proteles; 485 C. simensis; 489 U. littoralis; 537 V. vulpes; 715 C. mesomelas; 766 Otocyon; 186, 256, 462, 558, 678, 714, 783, 795, 820, 821, 832, 847, 848) are university/foreign authors: ASM copyright","https://archive.org/details/mammalianspecies-NNN (taxonomyarchive, uploaded by R. Page)",0.2-1.3 MB each,"species measurements, skull figures","Only No. 37 PD. Others: single facts with citation. No accounts exist for Lycaon pictus, Canis aureus, C. adustus, Crocuta, or the dingo in this set",-
"USFWS image library (fws.gov/media), gray wolf / Mexican wolf / red wolf / coyote / gray fox",US Fish and Wildlife Service,2006-2024,"each media page: ""Usage Rights/License: Public Domain""; credits shown (e.g. Clark, Jim/USFWS; Rob Johnson; Thompson, Steve; USFWS). Red fox and arctic fox pages are CC BY-NC / CC BY-SA: excluded","https://www.fws.gov/media/mexican-wolf ; https://www.fws.gov/media/red-wolf ; https://www.fws.gov/media/gray-fox ; https://www.fws.gov/media/coyote-1 ; others gray-wolf, gray-wolf-1..8",0.2-14 MB,"Mexican wolf walking near-profile (facing left, legs visible); red wolf standing near-profile (facing right, head turned to camera); gray fox standing profile (facing left, head turned); coyote 3/4. Gray wolf pages are mostly head shots, lying or handled","PD. Stored 4 (Mexican wolf resized to 2600 px). The old digitalmedia.fws.gov now redirects to fws.gov/search/images (JavaScript app, not scriptable)",fws_mexican_wolf_walking_profile_jim_clark_2600px.jpg; fws_red_wolf_standing_profile_rob_johnson.jpg; fws_gray_fox_standing_profile_backbay.jpg; fws_coyote_standing_three_quarter_steve_thompson.jpg
"Dogs, Jackals, Wolves, and Foxes: A Monograph of the Canidae (45 colour plates by J. G. Keulemans)",St. George Mivart (not US gov; London: R. H. Porter),1890,"public domain by age (published 1890); archive.org open, scanned by U Toronto",https://archive.org/details/dogsjackalswolve00mivauoft,page jpg ~0.3-0.4 MB each,"hand-coloured side-view plates of every canid incl. THE DINGO (standing, true side facing right), common wolf, American wolf C. l. occidentalis (side, facing right), prairie wolf (coyote), jackals, dholes, Lycaon, raccoon dog; woodcuts of dingo cervical vertebrae and paw skeletons",PD. BEST DINGO TEMPLATE found (Priority 1.2). Stored 4 plates,mivart1890_plate_dingo_keulemans.jpg; mivart1890_plate_american_wolf_occidentalis_keulemans.jpg; mivart1890_plate_common_wolf_keulemans.jpg; mivart1890_plate_prairie_wolf_coyote_keulemans.jpg
North American Fauna (Bailey 1931 No. 53 Mammals of New Mexico; Bailey 1936 No. 55 Mammals of Oregon; Paradiso 1969 No. 66),US Biological Survey / FWS,1931-1969,federal series (PD as US government works),"archive.org: only borrow copies found (wolvesofmountmck0000unse, mammalsofmarylan0000jlpa); BHL API needs a key; FWS journals site https://meridian.allenpress.com/naf not tried",-,"wolf and coyote measurements, photos and drawings per state",LEAD: worth a human or a BHL-keyed search next,-
USGS Publications Warehouse,USGS,-,API works (pubs.usgs.gov/pubs-services/publication/?q=),https://pubs.usgs.gov/pubs-services/publication/?q=wolf%20morphology,-,lists Mech papers; links go to publishers (no hosted PDFs for these),Index only,-
NPGallery (npgallery.nps.gov),NPS,-,-,https://npgallery.nps.gov/NPGallery/Search/SearchResults?SearchString=wolf,-,-,Returned 404 on the search URL; not explored further,-
Young & Goldman 1944 HathiTrust / Stanford renewal database checks,-,-,catalog.hathitrust.org search and exhibits.stanford.edu returned 403 / JavaScript challenge; renewal found instead in the Gutenberg CCE text,-,-,-,-,-
