file,species,pose,url,author,licence,licence_url,facing,stance,legs_visible,occlusion,head,tail,sex,age,coat,size_px,real_animal_check,rank,notes
standing/01_alaskan-malamute_commonsAlaskamute2_Canarian_standing_L.jpg,alaskan-malamute,standing,https://commons.wikimedia.org/wiki/File:Alaskamute2.jpg,Canarian,CC BY 4.0,https://creativecommons.org/licenses/by/4.0/,left,square,4,slight,forward,curled,unknown,adult,winter,1920x1559; animal ~1700 px,"Commons EXIF data present; own work by uploader; ordinary show-ring photo, no AI/editing signs",1,"Best: show stack, body square to camera, all 4 feet planted, curled tail over back. Handler legs behind dog (not in front). Slightly soft focus. Looks young adult. Downloaded 1920px Commons thumbnail (original 2374px). Typical malamute: heavy bone, broad head, plume tail."
standing/02_alaskan-malamute_commonsAlaskamute1_Canarian_standing_L.jpg,alaskan-malamute,standing,https://commons.wikimedia.org/wiki/File:Alaskamute1.jpg,Canarian,CC BY 4.0,https://creativecommons.org/licenses/by/4.0/,left,square,4,none,turned,curled,unknown,adult,winter,1920x1648; animal ~1650 px,Commons; same show/photographer as Alaskamute2; real show-ring photo,2,"Show stack side-on, body nearly square to camera; head turned toward camera. Soft focus. 1920px thumbnail (original 1871px wide, so effectively full size)."
standing/03_alaskan-malamute_flickr3134785252_Wonderlane_standing_R.jpg,alaskan-malamute,standing,https://www.flickr.com/photos/71401718@N00/3134785252/,Wonderlane,CC BY 2.0,https://creativecommons.org/licenses/by/2.0/,right,other,4,none,forward,hanging,unknown,adult,winter,2048x1362; animal ~2000 px,"Flickr photo page licence BY 2.0 (licence id 4); candid street photo, Nikon-era JPEG, no edits",3,"True side profile, sharp, all 4 legs; dog leans forward against a rope tether so stance is stretched (hind legs back), not square. Good for body length, coat and head shape. Heavy-boned wolf-grey malamute type. 2048px (_k) size; original returned HTTP 429."
standing/04_alaskan-malamute_commonsJuneaustack_Winterwindmals_standing_L.jpg,alaskan-malamute,standing,https://commons.wikimedia.org/wiki/File:Juneaustack.jpg,Winterwindmals,Public domain (released by author),https://commons.wikimedia.org/wiki/Template:PD-self,left,square,4,none,turned,curled,unknown,adult,winter,1920x1536; animal ~1350 px,Commons EXIF Canon EOS Digital Rebel XT; breeder stack photo; no AI/editing signs,4,"Hand-stacked malamute, all 4 feet planted, but camera is about 25 degrees off side-on (front quarter toward camera) and head turned to camera. Use for coat/bone only, not length ratios. 1920px thumbnail of 2044px original."
standing/05_alaskan-malamute_flickr23607403603_SvenskaMassan_standing_L.jpg,alaskan-malamute,standing,https://www.flickr.com/photos/36333395@N06/23607403603/,SvenskaMassan,CC BY 2.0,https://creativecommons.org/licenses/by/2.0/,left,square,4,slight,forward,curled,unknown,adult,winter,1067x1600; animal ~650 px,"Flickr licence BY 2.0 checked on photo page; official show photo (Best of Breed, Group 5, My Dog show Gothenburg), EXIF Nikon D800",5,"BELOW SIZE RULE: dog only ~650px long (whole frame 1067x1600; Flickr original is only 1104x1656). Kept because it is a real judged show stack of a Best of Breed malamute (Cahppes Glacier Ice Cliff), true side-on on plain backdrop. Handler hand on back."
standing/06_alaskan-malamute_flickr23658935444_SvenskaMassan_standing_L.jpg,alaskan-malamute,standing,https://www.flickr.com/photos/36333395@N06/23658935444/,SvenskaMassan,CC BY 2.0,https://creativecommons.org/licenses/by/2.0/,left,square,4,slight,forward,curled,unknown,adult,winter,1067x1600; animal ~620 px,"Flickr licence BY 2.0 checked on photo page; official show photo, EXIF Nikon D800",6,"BELOW SIZE RULE (~620px dog). Group 5 placing malamute (Malamaison Its All True) stacked side-on, plain backdrop; handler partly behind tail."
walking/01_alaskan-malamute_flickr3134784310_Wonderlane_walking_R.jpg,alaskan-malamute,walking,https://www.flickr.com/photos/71401718@N00/3134784310/,Wonderlane,CC BY 2.0,https://creativecommons.org/licenses/by/2.0/,right,walking,4,none,forward,curled,unknown,adult,winter,2048x1362; animal ~1750 px,"Flickr photo page licence BY 2.0; candid photo, same dog/session as standing #3",1,"Side-on, mid-step (left fore lifted forward, hind legs in stride), on tether. Sharp, 2048px. Only usable walking shot found; slow walk, not a show gait."
head/01_alaskan-malamute_commonsAlaskan_Malamute_Inu_1_RandiHausken_head_R.jpg,alaskan-malamute,head,https://commons.wikimedia.org/wiki/File:Alaskan_Malamute_Inu_1.jpg,RandiHausken,CC BY 2.0,https://creativecommons.org/licenses/by/2.0/,right,other,0,none,close-up,hidden,unknown,adult,winter,1920x1285; head close-up,"Commons file from Flickr (Randi Hausken), EXIF Sony DSLR-A100; no edits",1,"True side-profile head study in snow: stop, muzzle length, ear set all readable. 1920px of 3872px original."
head/02_alaskan-malamute_flickr479914734_EdwardCorpuz_head_R.jpg,alaskan-malamute,head,https://www.flickr.com/photos/34759239@N00/479914734/,EdwardCorpuz,CC BY 2.0,https://creativecommons.org/licenses/by/2.0/,right,other,0,none,close-up,hidden,unknown,adult,winter,1024x683; head close-up,Flickr photo page licence BY 2.0; plain pet photo,2,"Side profile of muzzle/eye/cheek, very tight crop (ears and skull top cut off). Only 1024px available (no larger size served). Use for nose/lip/eye detail."
head/03_alaskan-malamute_flickr15982135374_PetsAdviser_head_R.jpg,alaskan-malamute,head,https://www.flickr.com/photos/88954214@N04/15982135374/,PetsAdviser,CC BY 2.0,https://creativecommons.org/licenses/by/2.0/,right,other,0,slight,turned,hidden,unknown,adult,winter,2048x1362; head close-up,"Flickr licence BY 2.0 (also on Commons, same licence); Westminster KC benching area, EXIF Nikon D3200",3,"Head and forequarters of a champion (GCH Peace River's Gathers No Moss At Sunstra) lying; head about 3/4 to side, mouth open. Not a clean profile; rank low."
head/04_alaskan-malamute_commonsAlaskan_Malamute_Inu_3_RandiHausken_head_R.jpg,alaskan-malamute,head,https://commons.wikimedia.org/wiki/File:Alaskan_Malamute_Inu_3.jpg,RandiHausken,CC BY 2.0,https://creativecommons.org/licenses/by/2.0/,right,other,0,none,close-up,hidden,unknown,adult,winter,1920x1285; head close-up,"Commons from Flickr, EXIF Sony DSLR-A100",4,"Same dog as head #1, head about 3/4 (both eyes visible). Useful for face markings (cap, mask), not for profile measurements."
lying/01_alaskan-malamute_flickr3229023754_JuliaBallarin_lying_R.jpg,alaskan-malamute,lying,https://www.flickr.com/photos/29181188@N05/3229023754/,JuliaBallarin,CC BY 2.0,https://creativecommons.org/licenses/by/2.0/,right,other,4,none,turned,hanging,unknown,adult,winter,2048x1463; animal ~1750 px,Flickr photo page licence BY 2.0; candid outdoor photo,1,"Sternal lying (sphinx-like, hind legs tucked) body side-on, head raised and turned 3/4. Sharp, heavy-coated classic grey malamute."
lying/02_alaskan-malamute_commonsAlaskan_Malamute_on_chain_202776441_GiancarloNitti_lying_R.jpg,alaskan-malamute,lying,https://commons.wikimedia.org/wiki/File:Alaskan_Malamute_on_chain_(202776441).jpg,GiancarloNitti,CC BY 3.0,https://creativecommons.org/licenses/by/3.0/,right,other,4,slight,turned,hanging,unknown,adult,winter,1920x1280; animal ~1100 px,"Commons file, EXIF Canon EOS 6D; photographer watermark in image",2,"Lying flat sternal in snow, body side-on, head resting forward/turned toward camera. Chain across foreground (slight occlusion of feet) and a photographer watermark. 1920px of 2048px original."
lying/03_alaskan-malamute_flickr8143227017_JeffGunn_lying_R.jpg,alaskan-malamute,lying,https://www.flickr.com/photos/25483059@N08/8143227017/,JeffGunn,CC BY 2.0,https://creativecommons.org/licenses/by/2.0/,right,other,4,slight,turned,hidden,unknown,adult,winter,2048x1536; animal ~1500 px,Flickr licence BY 2.0 (also on Commons); EXIF Canon PowerShot SX30 IS,3,"Red-and-white malamute lying flat on deck, body side-on, head down and facing camera. Table leg in front of the rump (slight occlusion). Red colour checked: rare but accepted malamute colour; build is heavy and malamute-typical."
