topic,station_or_level,quantity,value,unit,n,breed,body_mass_kg,method,source,doi,licence,use,confidence,notes
spinous_process_height,L1,tip of spinous process to center of spinal cord,37.2,mm,1,Labrador Retriever (female 7 y),33,lateral radiograph (Fig. 1 worked example),"Wadowska I, Dzierzecka M, Pasko S, Barszcz K, Bartyzel BJ 2020, Pol J Vet Sci 23(2):301-308",10.24425/pjvs.2020.133645,publisher PDF; licence not stated (treat as closed: cited facts only),fact,B,"measurement includes half the vertebral canal, so it overstates the process length itself; use the L1..L7 PATTERN, not the absolute mm"
spinous_process_height,L2,tip of spinous process to center of spinal cord,40.1,mm,1,Labrador Retriever,33,lateral radiograph,"Wadowska et al. 2020",10.24425/pjvs.2020.133645,closed: cited fact,fact,B,
spinous_process_height,L3,tip of spinous process to center of spinal cord,41.5,mm,1,Labrador Retriever,33,lateral radiograph,"Wadowska et al. 2020",10.24425/pjvs.2020.133645,closed: cited fact,fact,B,
spinous_process_height,L4,tip of spinous process to center of spinal cord,42.6,mm,1,Labrador Retriever,33,lateral radiograph,"Wadowska et al. 2020",10.24425/pjvs.2020.133645,closed: cited fact,fact,B,
spinous_process_height,L5,tip of spinous process to center of spinal cord,43.6,mm,1,Labrador Retriever,33,lateral radiograph,"Wadowska et al. 2020",10.24425/pjvs.2020.133645,closed: cited fact,fact,B,highest of the lumbar series
spinous_process_height,L6,tip of spinous process to center of spinal cord,40.1,mm,1,Labrador Retriever,33,lateral radiograph,"Wadowska et al. 2020",10.24425/pjvs.2020.133645,closed: cited fact,fact,B,
spinous_process_height,L7,tip of spinous process to center of spinal cord,32.8,mm,1,Labrador Retriever,33,lateral radiograph,"Wadowska et al. 2020",10.24425/pjvs.2020.133645,closed: cited fact,fact,B,"L7 ~25% shorter than L5: the bone topline drops just before the sacrum"
spinous_process_height_pattern,L1-L7,normalized height along the lumbar spine,"0.14-0.21 of the L1-to-last-vertebra distance; rises from L1, peaks ~L4-L5 (~0.20), falls to L7 (~0.14); third-degree fit h = -0.1801 d^3 + 0.0768 d^2 + 0.0834 d + a0",fraction,105 dogs,various breeds small-large,3-72,lateral radiographs,"Wadowska et al. 2020, Figs 3-4, Table 1",10.24425/pjvs.2020.133645,closed: cited fact,fact,B,"90% of measurements within 10% of the model for L1-L6, 14% error at L7; uniform shape across breeds"
spinous_process_inclination,T1-T10,direction,lean caudally (tips point tailward),text,,dog,,osteology texts,"canine osteology references (Auburn; imaios vet-anatomy)",,open web pages: cited fact,fact,B,no per-vertebra degree table for the dog was found in the open literature (gap)
spinous_process_inclination,T11,anticlinal vertebra: spinous process perpendicular to the long axis,"T11 in 85% / 75% / 89% of dogs (three radiographic definitions); small breeds more often T10",text,100,various,,lateral radiographs,"Baines EA, Grandage J, Herrtage ME, Baines SJ 2009, Vet Radiol Ultrasound 50(1):69-73",(DOI not captured),closed: cited fact,fact,B,"caudal to T11 the processes lean cranially (lumbar tips point headward)"
nuchal_ligament,C2 to T1,course,"funicular nuchal ligament runs from the caudal end of the C2 (axis) spinous process to the tips of the spinous processes of T1 (blending over T1-T3); continues caudally as the supraspinous ligament along every spine tip to Ca3; the laminar part is absent in the dog; absent entirely in the cat",text,,dog,,anatomy texts,"Evans & de Lahunta, Miller's Anatomy of the Dog (via UMN vet anatomy, WikiVet)",,closed textbook: cited fact,fact,B,"it limits cervical flexion; the neck TOPLINE therefore runs along the C2-spine-to-T1-spine chord, far above the cervical vertebral bodies"
nuchal_crest_height,neck above cervical column,published measurement of crest-to-vertebra distance,none found,,,,,"searches: nuchal ligament dog measurement, cervical radiograph crest",,,,gap,EST,"no radiographic/CT measurement of how far the dorsal neck contour sits above the cervical vertebrae was found; measured instead on the Ellenberger plate (rows below)"
skin_thickness,dorsal trunk,skin (epidermis+dermis) thickness,0.5-5 (thickest on dorsal neck; dorsum thicker than ventrum),mm,,dog,,histology/clinical refs,"Muller & Kirk's Small Animal Dermatology (Miller Griffin Campbell), standard figure",,closed textbook: cited fact,fact,C,secondary citation (edition page not checked)
subcutaneous_fat,lumbar (L3-L5 over longissimus; 2-3 cm off midline),thickness,2.89 +/- 1.15 (range 1.14-6.31),mm,28,mixed (miniature to medium),5.2-33.0 (mean 17.5),B-mode ultrasound,"Payan-Carreira R, Martins L, Miranda S, Oliverio P, Silva SR 2016, Acta Vet Scand 58",10.1186/s13028-016-0239-y,CC BY 4.0,table,B,"BCS 2-4 on 5-point scale; lumbar fat correlates with BCS r~0.8"
subcutaneous_fat,abdomen,thickness,3.15 +/- 1.62 (1.02-7.88),mm,28,mixed,5.2-33.0,ultrasound,"Payan-Carreira et al. 2016",10.1186/s13028-016-0239-y,CC BY 4.0,table,B,
subcutaneous_fat,chest,thickness,2.39 +/- 0.79 (1.22-4.02),mm,28,mixed,5.2-33.0,ultrasound,"Payan-Carreira et al. 2016",10.1186/s13028-016-0239-y,CC BY 4.0,table,B,
subcutaneous_fat,flank,thickness,2.28 +/- 0.93 (0.98-4.21),mm,28,mixed,5.2-33.0,ultrasound,"Payan-Carreira et al. 2016",10.1186/s13028-016-0239-y,CC BY 4.0,table,B,
subcutaneous_fat,thigh,thickness,2.63 +/- 1.27 (1.11-5.95),mm,28,mixed,5.2-33.0,ultrasound,"Payan-Carreira et al. 2016",10.1186/s13028-016-0239-y,CC BY 4.0,table,B,
derived_dorsal_soft_tissue,over lumbar spine tips,skin + subcutaneous fat over the tips,"~5-8 mm for an ideal-condition ~17 kg dog = ~0.012-0.017 x WH (WH ~450-500 mm)",mm and xWH,,dog,,sum of the two rows above,Scout derivation,,this file,EST,EST,"agrees with the Ellenberger plate offsets at the loin/croup (0.008-0.015 x WH): the drawn-plate profile is physically plausible"
withers_shape,withers,spine tips vs scapular cartilage (standing),"spine tips 16 px = 0.009 x WH ABOVE the scapular cartilage top at the withers station (x=1130)",xWH,1,drawn mastiff-type,,measured on Ellenberger Tafel 3 (01-skin-offsets landmarks),"Ellenberger Baum Dittrich & Munch, Anatomie des Hundes Tafel 3 (UWDC)",,public domain (No known copyright),measured,B,"one lean drawn dog; so withers contour = max(spine tips, scapula top), both within ~0.01 WH of each other"
withers_shape,withers,scapula top vs cranial thoracic tips (Stark model default pose),"scapula dorsal point z 422.8 mm vs max thoracic spine tip over the scapula span z 405.3 mm: scapula ~17 mm higher",mm,1 model,Beagle CT stretched to Shepherd size,,Stark 2021 meshes placed at the model default pose (scout/10-stark-meshes bodies.csv ground transforms),"Stark H et al. 2021, Sci Rep 11:11335",10.1038/s41598-021-90058-0,MIT (meshes); paper CC BY 4.0,measured,EST,"POSE-DEPENDENT: the model default pose is not a verified stance and the scapula rides on translation coordinates; take only: scapula top and cranial spine tips are within ~2-3% of WH of each other"
ventral_line,brisket (lowest sternum),skin height above ground,0.552,xWH,1,drawn mastiff-type,,Ellenberger Tafel 3 (station x=1335; skin y 1612),"Ellenberger Tafel 3 (UWDC)",,public domain,measured,B,"sternum bone sits 0.021 x WH above the brisket skin (01-skin-offsets)"
ventral_line,groin (end of visible underline),skin height above ground,0.689,xWH,1,drawn mastiff-type,,Ellenberger Tafel 3 (station x=2080),"Ellenberger Tafel 3 (UWDC)",,public domain,measured,B,"tuck-up rise brisket-to-groin = 0.137 x WH on this lean short-coated dog; full per-station underline in topline_profile.csv"
ventral_line,wolf belly,underline shape with coat,"brisket ~0.56 x WH; underline nearly level to the flank; the tuck-up is masked by belly-edge fur (24-100 mm hairs)",xWH,1 photo,gray wolf (spring coat),,measured on the top wolf template photo,"Rob Foster, iNaturalist obs. 130681789",,CC BY 4.0 (credit owed if shipped),measured,EST,fur outline; camera perspective uncorrected
topline_slope,wolf withers to tail,fur topline height above ground,"withers 1.00; mid-back 0.97; croup 0.92; tail base 0.82 x WH: the wolf topline SLOPES DOWN caudally, unlike the level show-stance plate dog (croup 1.00)",xWH,1 photo,gray wolf,,measured on the top wolf template photo (local ground line through both paw pairs),"Rob Foster, iNaturalist obs. 130681789",,CC BY 4.0,measured,C,"one photo, fur included, slight road slope corrected linearly; AwA photos (n=15) could firm this up"
neck_crest_rule,C2 to T1,neck topline vs nuchal ligament chord,"the drawn neck crest lies on the straight chord from the C2 spine top to the T1 spine tip within +/-25 px = +/-0.014 x WH (slightly convex cranially, slightly hollow just before the withers)",xWH,1,drawn mastiff-type (neck upright ~60 deg),,Ellenberger Tafel 3: skin line vs chord (810,460)-(1215,844),"Ellenberger Tafel 3 (UWDC)",,public domain,measured,B,"pose-dependent: holds for a raised neck; the chord IS the nuchal ligament course"
neck_crest_depth,C2,perpendicular distance crest to dorsal-most cervical bone,0.018,xWH,1,drawn mastiff-type,,Ellenberger Tafel 3,"Ellenberger Tafel 3 (UWDC)",,public domain,measured,B,"above the C2 spine top corner the skin is close"
neck_crest_depth,C3,perpendicular distance crest to vertebral arch,0.046,xWH,1,drawn mastiff-type,,Ellenberger Tafel 3,"Ellenberger Tafel 3 (UWDC)",,public domain,measured,B,
neck_crest_depth,C4,perpendicular distance crest to vertebral arch,0.079,xWH,1,drawn mastiff-type,,Ellenberger Tafel 3,"Ellenberger Tafel 3 (UWDC)",,public domain,measured,B,
neck_crest_depth,C5,perpendicular distance crest to vertebral arch,0.092,xWH,1,drawn mastiff-type,,Ellenberger Tafel 3,"Ellenberger Tafel 3 (UWDC)",,public domain,measured,B,
neck_crest_depth,C6,perpendicular distance crest to vertebral arch,0.105,xWH,1,drawn mastiff-type,,Ellenberger Tafel 3,"Ellenberger Tafel 3 (UWDC)",,public domain,measured,B,
neck_crest_depth,C7,perpendicular distance crest to vertebral arch,0.112,xWH,1,drawn mastiff-type,,Ellenberger Tafel 3,"Ellenberger Tafel 3 (UWDC)",,public domain,measured,B,"agrees with scout/08: trapezius-cervicalis neck-top bulge 0.116 above the cervical arches. The cervical BODIES sit low: the crest-to-arch gap grows from C2 to C7"
