source_id,breed,condition,joint,side,quantity,included_deg,sd_deg,original_flexion_deg,n_dogs,note
humphries2020_S4,labrador,standing,hip,L,mean,148.46,14.21,31.54,12,included=180-flexion
humphries2020_S4,labrador,trot,hip,L,min_included(max_flexion),128.85,16.15,51.15,12,mean of per-dog extremes
humphries2020_S4,labrador,trot,hip,L,max_included(min_flexion),161.47,16.2,18.53,12,mean of per-dog extremes
humphries2020_S4,german_shepherd,standing,hip,L,mean,189.21,11.19,-9.21,12,included=180-flexion
humphries2020_S4,german_shepherd,trot,hip,L,min_included(max_flexion),158.07,13.74,21.93,12,mean of per-dog extremes
humphries2020_S4,german_shepherd,trot,hip,L,max_included(min_flexion),199.99,14.88,-19.99,12,mean of per-dog extremes
humphries2020_S4,labrador,standing,hip,R,mean,152.39,10.22,27.61,12,included=180-flexion
humphries2020_S4,labrador,trot,hip,R,min_included(max_flexion),129.86,13.73,50.14,12,mean of per-dog extremes
humphries2020_S4,labrador,trot,hip,R,max_included(min_flexion),165.23,11.98,14.77,12,mean of per-dog extremes
humphries2020_S4,german_shepherd,standing,hip,R,mean,190.02,10.12,-10.02,12,included=180-flexion
humphries2020_S4,german_shepherd,trot,hip,R,min_included(max_flexion),156.2,11.08,23.8,12,mean of per-dog extremes
humphries2020_S4,german_shepherd,trot,hip,R,max_included(min_flexion),200.44,11.99,-20.44,12,mean of per-dog extremes
humphries2020_S4,labrador,standing,stifle,L,mean,145.13,9.09,34.87,12,included=180-flexion
humphries2020_S4,labrador,trot,stifle,L,min_included(max_flexion),98.72,9.06,81.28,12,mean of per-dog extremes
humphries2020_S4,labrador,trot,stifle,L,max_included(min_flexion),161.54,8.63,18.46,12,mean of per-dog extremes
humphries2020_S4,german_shepherd,standing,stifle,L,mean,135.81,9.09,44.19,12,included=180-flexion
humphries2020_S4,german_shepherd,trot,stifle,L,min_included(max_flexion),90.92,9.57,89.08,12,mean of per-dog extremes
humphries2020_S4,german_shepherd,trot,stifle,L,max_included(min_flexion),152.09,9.19,27.91,12,mean of per-dog extremes
humphries2020_S4,labrador,standing,stifle,R,mean,147.5,10.75,32.5,12,included=180-flexion
humphries2020_S4,labrador,trot,stifle,R,min_included(max_flexion),102.48,12.4,77.52,12,mean of per-dog extremes
humphries2020_S4,labrador,trot,stifle,R,max_included(min_flexion),167.56,11.97,12.44,12,mean of per-dog extremes
humphries2020_S4,german_shepherd,standing,stifle,R,mean,135.86,8.04,44.14,12,included=180-flexion
humphries2020_S4,german_shepherd,trot,stifle,R,min_included(max_flexion),91.3,6.38,88.7,12,mean of per-dog extremes
humphries2020_S4,german_shepherd,trot,stifle,R,max_included(min_flexion),152.38,7.94,27.62,12,mean of per-dog extremes
humphries2020_S4,labrador,standing,tarsus,L,mean,150.42,8.74,29.58,12,included=180-flexion
humphries2020_S4,labrador,trot,tarsus,L,min_included(max_flexion),97.39,6.7,82.61,12,mean of per-dog extremes
humphries2020_S4,labrador,trot,tarsus,L,max_included(min_flexion),164.83,6.56,15.17,12,mean of per-dog extremes
humphries2020_S4,german_shepherd,standing,tarsus,L,mean,121.65,11.36,58.35,12,included=180-flexion
humphries2020_S4,german_shepherd,trot,tarsus,L,min_included(max_flexion),82.78,12.81,97.22,12,mean of per-dog extremes
humphries2020_S4,german_shepherd,trot,tarsus,L,max_included(min_flexion),146.13,5.59,33.87,12,mean of per-dog extremes
humphries2020_S4,labrador,standing,tarsus,R,mean,156.91,9.4,23.09,12,included=180-flexion
humphries2020_S4,labrador,trot,tarsus,R,min_included(max_flexion),98.36,10.41,81.64,12,mean of per-dog extremes
humphries2020_S4,labrador,trot,tarsus,R,max_included(min_flexion),168.37,7.04,11.63,12,mean of per-dog extremes
humphries2020_S4,german_shepherd,standing,tarsus,R,mean,123.37,10.3,56.63,12,included=180-flexion
humphries2020_S4,german_shepherd,trot,tarsus,R,min_included(max_flexion),82.84,13.05,97.16,12,mean of per-dog extremes
humphries2020_S4,german_shepherd,trot,tarsus,R,max_included(min_flexion),146.52,9.4,33.48,12,mean of per-dog extremes
humphries2020_S4,labrador,standing,shoulder,L,mean,109.73,8.0,70.27,12,included=180-flexion
humphries2020_S4,labrador,trot,shoulder,L,min_included(max_flexion),104.38,14.6,75.62,12,mean of per-dog extremes
humphries2020_S4,labrador,trot,shoulder,L,max_included(min_flexion),141.12,11.35,38.88,12,mean of per-dog extremes
humphries2020_S4,german_shepherd,standing,shoulder,L,mean,119.67,9.57,60.33,12,included=180-flexion
humphries2020_S4,german_shepherd,trot,shoulder,L,min_included(max_flexion),112.76,11.1,67.24,12,mean of per-dog extremes
humphries2020_S4,german_shepherd,trot,shoulder,L,max_included(min_flexion),141.75,13.09,38.25,12,mean of per-dog extremes
humphries2020_S4,labrador,standing,shoulder,R,mean,103.91,8.18,76.09,12,included=180-flexion
humphries2020_S4,labrador,trot,shoulder,R,min_included(max_flexion),98.25,10.86,81.75,12,mean of per-dog extremes
humphries2020_S4,labrador,trot,shoulder,R,max_included(min_flexion),142.6,16.6,37.4,12,mean of per-dog extremes
humphries2020_S4,german_shepherd,standing,shoulder,R,mean,120.56,9.05,59.44,12,included=180-flexion
humphries2020_S4,german_shepherd,trot,shoulder,R,min_included(max_flexion),109.11,12.06,70.89,12,mean of per-dog extremes
humphries2020_S4,german_shepherd,trot,shoulder,R,max_included(min_flexion),144.01,12.32,35.99,12,mean of per-dog extremes
humphries2020_S4,labrador,standing,elbow,L,mean,136.45,6.96,43.55,12,included=180-flexion
humphries2020_S4,labrador,trot,elbow,L,min_included(max_flexion),77.21,6.62,102.79,12,mean of per-dog extremes
humphries2020_S4,labrador,trot,elbow,L,max_included(min_flexion),147.84,12.23,32.16,12,mean of per-dog extremes
humphries2020_S4,german_shepherd,standing,elbow,L,mean,137.45,10.03,42.55,12,included=180-flexion
humphries2020_S4,german_shepherd,trot,elbow,L,min_included(max_flexion),75.45,7.2,104.55,12,mean of per-dog extremes
humphries2020_S4,german_shepherd,trot,elbow,L,max_included(min_flexion),142.58,11.71,37.42,12,mean of per-dog extremes
humphries2020_S4,labrador,standing,elbow,R,mean,135.63,8.25,44.37,12,included=180-flexion
humphries2020_S4,labrador,trot,elbow,R,min_included(max_flexion),77.21,15.23,102.79,12,mean of per-dog extremes
humphries2020_S4,labrador,trot,elbow,R,max_included(min_flexion),144.34,15.15,35.66,12,mean of per-dog extremes
humphries2020_S4,german_shepherd,standing,elbow,R,mean,137.04,7.11,42.96,12,included=180-flexion
humphries2020_S4,german_shepherd,trot,elbow,R,min_included(max_flexion),74.37,9.43,105.63,12,mean of per-dog extremes
humphries2020_S4,german_shepherd,trot,elbow,R,max_included(min_flexion),142.31,8.52,37.69,12,mean of per-dog extremes
humphries2020_S4,labrador,standing,carpus,L,mean,154.61,9.46,25.39,12,included=180-flexion
humphries2020_S4,labrador,trot,carpus,L,min_included(max_flexion),82.36,11.47,97.64,12,mean of per-dog extremes
humphries2020_S4,labrador,trot,carpus,L,max_included(min_flexion),219.0,15.99,-39.0,12,mean of per-dog extremes
humphries2020_S4,german_shepherd,standing,carpus,L,mean,149.41,6.92,30.59,12,included=180-flexion
humphries2020_S4,german_shepherd,trot,carpus,L,min_included(max_flexion),86.43,14.54,93.57,12,mean of per-dog extremes
humphries2020_S4,german_shepherd,trot,carpus,L,max_included(min_flexion),224.42,9.53,-44.42,12,mean of per-dog extremes
humphries2020_S4,labrador,standing,carpus,R,mean,159.48,9.27,20.52,12,included=180-flexion
humphries2020_S4,labrador,trot,carpus,R,min_included(max_flexion),82.55,14.38,97.45,12,mean of per-dog extremes
humphries2020_S4,labrador,trot,carpus,R,max_included(min_flexion),221.69,10.7,-41.69,12,mean of per-dog extremes
humphries2020_S4,german_shepherd,standing,carpus,R,mean,155.75,8.16,24.25,12,included=180-flexion
humphries2020_S4,german_shepherd,trot,carpus,R,min_included(max_flexion),85.44,17.19,94.56,12,mean of per-dog extremes
humphries2020_S4,german_shepherd,trot,carpus,R,max_included(min_flexion),221.58,10.66,-41.58,12,mean of per-dog extremes
miao2026_S1,german_shepherd,walk,carpus,,cushioning_phase_rom,28.1,2.0,,4,"angular change from initial contact to max yield (impact cushioning), not full-stride ROM"
miao2026_S1,german_shepherd,trot,carpus,,cushioning_phase_rom,32.1,2.5,,4,"angular change from initial contact to max yield (impact cushioning), not full-stride ROM"
miao2026_S1,german_shepherd,walk,shoulder,,cushioning_phase_rom,5.5,1.3,,4,"angular change from initial contact to max yield (impact cushioning), not full-stride ROM"
miao2026_S1,german_shepherd,trot,shoulder,,cushioning_phase_rom,5.4,1.0,,4,"angular change from initial contact to max yield (impact cushioning), not full-stride ROM"
miao2026_S1,german_shepherd,walk,stifle,,cushioning_phase_rom,10.1,1.5,,4,"angular change from initial contact to max yield (impact cushioning), not full-stride ROM"
miao2026_S1,german_shepherd,trot,stifle,,cushioning_phase_rom,14.3,0.6,,4,"angular change from initial contact to max yield (impact cushioning), not full-stride ROM"
miao2026_S1,german_shepherd,walk,tarsus,,cushioning_phase_rom,2.2,0.5,,4,"angular change from initial contact to max yield (impact cushioning), not full-stride ROM"
miao2026_S1,german_shepherd,trot,tarsus,,cushioning_phase_rom,5.3,2.3,,4,"angular change from initial contact to max yield (impact cushioning), not full-stride ROM"
