body,glb,source_meshes,faces_original,faces_glb,mass_kg_full,mass_kg_beagle,mesh_scale_full,mesh_scale_beagle,joint,joint_type,parent,full_loc_in_parent_mm,full_ori_in_parent_rad,full_loc_in_child_mm,full_ori_in_child_rad,beagle_loc_in_parent_mm,beagle_ori_in_parent_rad,beagle_loc_in_child_mm,beagle_ori_in_child_rad,transform_axes_full,coord_defaults_beagle,full_default_pose_ground_4x4_mm,beagle_default_pose_ground_4x4_mm
thorax,meshes/thorax.glb,new-thorax.obj,524060,119999,3.76044,3.76044,1 1 1,0.8 0.8 0.8,ground_thorax,CustomJoint,ground,0.000 0.000 0.000,-0.000000 0.000000 -0.000000,0.000 0.000 0.000,-0.000000 0.000000 -0.000000,0.000 0.000 0.000,-0.000000 0.000000 -0.000000,0.000 0.000 0.000,-0.000000 0.000000 -0.000000,rotation1:1.000000 0.000000 0.000000:thorax_sagittal=0.05235987756:linear(1.000000 0.000000) | rotation2:0.000000 1.000000 0.000000:thorax_frontal=0.0:linear(1.000000 0.000000) | rotation3:0.000000 0.000000 1.000000:thorax_horizontal=0.0:linear(1.000000 0.000000) | translation1:1.000000 0.000000 0.000000:thorax_transx=0.0:linear(1.000000 0.000000) | translation2:0.000000 1.000000 0.000000:thorax_transy=-0.1:linear(1.000000 0.000000) | translation3:0.000000 0.000000 1.000000:thorax_transz=0.23:linear(1.000000 0.000000),thorax_sagittal=0.05235987756 thorax_frontal=0.0 thorax_horizontal=0.0 thorax_transx=0.0 thorax_transy=-0.1 thorax_transz=0.23,1.000000 0.000000 0.000000 0.000000 0.000000 0.998630 -0.052336 -100.000000 0.000000 0.052336 0.998630 230.000000 0.000000 0.000000 0.000000 1.000000,1.000000 0.000000 0.000000 0.000000 0.000000 0.998630 -0.052336 -100.000000 0.000000 0.052336 0.998630 230.000000 0.000000 0.000000 0.000000 1.000000
cervix,meshes/cervix.glb,new-cervix.obj,125330,30000,0.96876,0.96876,1 1 1,0.8 0.8 0.8,thorax_cervix,CustomJoint,thorax,0.000 -217.000 80.000,-0.000000 0.000000 -0.000000,0.000 0.000 0.000,-0.000000 0.000000 -0.000000,0.000 -173.600 64.000,-0.000000 0.000000 -0.000000,0.000 0.000 0.000,-0.000000 0.000000 -0.000000,rotation1:1.000000 0.000000 0.000000:cervix_sagittal=-0.174532925199:linear(1.000000 0.000000) | rotation2:0.000000 1.000000 0.000000:cervix_frontal=0.0:linear(1.000000 0.000000) | rotation3:0.000000 0.000000 1.000000:cervix_horizontal=0.0:linear(1.000000 0.000000) | translation1:1.000000 0.000000 0.000000:=0:const(0.000000) | translation2:0.000000 1.000000 0.000000:=0:const(0.000000) | translation3:0.000000 0.000000 1.000000:=0:const(0.000000),cervix_sagittal=-0.174532925199 cervix_frontal=0.0 cervix_horizontal=0.0 =0 =0 =0,1.000000 0.000000 0.000000 0.000000 0.000000 0.992546 0.121869 -320.889486 0.000000 -0.121869 0.992546 298.533460 0.000000 0.000000 0.000000 1.000000,1.000000 0.000000 0.000000 0.000000 0.000000 0.992546 0.121869 -276.711588 0.000000 -0.121869 0.992546 284.826768 0.000000 0.000000 0.000000 1.000000
caput,meshes/caput.glb,new-caput.obj,424874,100000,1.27236,1.27236,1 1 1,0.8 0.8 0.8,cervix_caput,CustomJoint,cervix,6.990 -177.500 41.553,-0.000000 0.000000 -0.000000,0.000 0.000 0.000,-0.000000 0.000000 -0.000000,5.592 -142.000 33.242,-0.000000 0.000000 -0.000000,0.000 0.000 0.000,-0.000000 0.000000 -0.000000,rotation1:1.000000 0.000000 0.000000:caput_sagittal=0.0:linear(1.000000 0.000000) | rotation2:0.000000 1.000000 0.000000:caput_frontal=0.0:linear(1.000000 0.000000) | rotation3:0.000000 0.000000 1.000000:caput_horizontal=0.0:linear(1.000000 0.000000) | translation1:1.000000 0.000000 0.000000:=0:const(0.000000) | translation2:0.000000 1.000000 0.000000:=0:const(0.000000) | translation3:0.000000 0.000000 1.000000:=0:const(0.000000),caput_sagittal=0.0 caput_frontal=0.0 caput_horizontal=0.0 =0 =0 =0,1.000000 0.000000 0.000000 6.990000 0.000000 0.992546 0.121869 -492.002403 0.000000 -0.121869 0.992546 361.408440 0.000000 0.000000 0.000000 1.000000,1.000000 0.000000 0.000000 5.592000 0.000000 0.992546 0.121869 -413.601922 0.000000 -0.121869 0.992546 335.126752 0.000000 0.000000 0.000000 1.000000
abdomen,meshes/abdomen.glb,new-abdomen.obj,140033,29998,3.76044,3.76044,1 1 1,0.8 0.8 0.8,thorax_abdomen,CustomJoint,thorax,0.000 48.000 160.900,-0.000000 0.000000 -0.000000,0.000 0.000 0.000,-0.000000 0.000000 -0.000000,0.000 38.400 128.720,-0.000000 0.000000 -0.000000,0.000 0.000 0.000,-0.000000 0.000000 -0.000000,rotation1:1.000000 0.000000 0.000000:abdomen_sagittal=0.0:linear(1.000000 0.000000) | rotation2:0.000000 1.000000 0.000000:abdomen_frontal=0.0:linear(1.000000 0.000000) | rotation3:0.000000 0.000000 1.000000:abdomen_horizontal=0.0:linear(1.000000 0.000000) | translation1:1.000000 0.000000 0.000000:=0:const(0.000000) | translation2:0.000000 1.000000 0.000000:=0:const(0.000000) | translation3:0.000000 0.000000 1.000000:=0:const(0.000000),abdomen_sagittal=0.0 abdomen_frontal=0.0 abdomen_horizontal=0.0 =0 =0 =0,1.000000 0.000000 0.000000 0.000000 0.000000 0.998630 -0.052336 -60.486638 0.000000 0.052336 0.998630 393.191618 0.000000 0.000000 0.000000 1.000000,1.000000 0.000000 0.000000 0.000000 0.000000 0.998630 -0.052336 -68.389310 0.000000 0.052336 0.998630 360.553294 0.000000 0.000000 0.000000 1.000000
cauda,meshes/cauda.glb,new-cauda.obj,65613,20000,0.01,0.01,1 1 1,0.8 0.8 0.8,abdomen_cauda,CustomJoint,abdomen,0.000 206.000 -12.900,-0.000000 0.000000 -0.000000,0.000 0.000 0.000,-0.000000 0.000000 -0.000000,0.000 164.800 -10.320,-0.000000 0.000000 -0.000000,0.000 0.000 0.000,-0.000000 0.000000 -0.000000,rotation1:1.000000 0.000000 0.000000:cauda_sagittal=0.0:linear(1.000000 0.000000) | rotation2:0.000000 1.000000 0.000000:cauda_frontal=0.0:linear(1.000000 0.000000) | rotation3:0.000000 0.000000 1.000000:cauda_horizontal=0.0:linear(1.000000 0.000000) | translation1:1.000000 0.000000 0.000000:=0:const(0.000000) | translation2:0.000000 1.000000 0.000000:=0:const(0.000000) | translation3:0.000000 0.000000 1.000000:=0:const(0.000000),cauda_sagittal=0.0 cauda_frontal=0.0 cauda_horizontal=0.0 =0 =0 =0,1.000000 0.000000 0.000000 0.000000 0.000000 0.998630 -0.052336 145.906180 0.000000 0.052336 0.998630 391.090504 0.000000 0.000000 0.000000 1.000000,1.000000 0.000000 0.000000 0.000000 0.000000 0.998630 -0.052336 96.724944 0.000000 0.052336 0.998630 358.872403 0.000000 0.000000 0.000000 1.000000
left_scapula,meshes/left_scapula.glb,new_stretched-scapula_l.obj,70646,30000,0.272,0.272,1 1 1,0.6 0.6 0.6,thorax_left_scapula,CustomJoint,thorax,0.000 0.000 0.000,-0.000000 0.000000 -0.000000,0.000 0.000 0.000,-0.000000 0.000000 -0.000000,0.000 0.000 0.000,-0.000000 0.000000 -0.000000,0.000 0.000 0.000,-0.000000 0.000000 -0.000000,rotation1:1.000000 0.000000 0.000000:left_r_m_superioris_sagittal=-0.190240888467:linear(1.000000 0.000000) | rotation2:0.000000 1.000000 0.000000:left_r_m_superioris_frontal=-0.048869219056:linear(1.000000 0.000000) | rotation3:0.000000 0.000000 1.000000:left_r_m_superioris_horizontal=-0.005235987756:linear(1.000000 0.000000) | translation1:1.000000 0.000000 0.000000:left_r_m_superioris_transx=0.06561:linear(1.000000 0.000000) | translation2:0.000000 1.000000 0.000000:left_r_m_superioris_transy=-0.183:linear(1.000000 0.000000) | translation3:0.000000 0.000000 1.000000:left_r_m_superioris_transz=0.11:linear(1.000000 0.000000),left_r_m_superioris_sagittal=-0.190240888467 left_r_m_superioris_frontal=-0.048869219056 left_r_m_superioris_horizontal=-0.005235987756 left_r_m_superioris_transx=0.06561 left_r_m_superioris_transy=-0.183 left_r_m_superioris_transz=0.11,0.998792 0.005230 -0.048850 65.610000 0.001528 0.990531 0.137280 -288.506160 0.049105 -0.137189 0.989327 330.271769 0.000000 0.000000 0.000000 1.000000,0.998792 0.005230 -0.048850 65.610000 0.001528 0.990531 0.137280 -288.506160 0.049105 -0.137189 0.989327 330.271769 0.000000 0.000000 0.000000 1.000000
left_humerus,meshes/left_humerus.glb,new_stretched-humerus_l.obj,37836,20000,0.36,0.36,1 1 1,0.6 0.6 0.6,left_scapula_left_humerus,CustomJoint,left_scapula,0.000 0.000 -117.984,-0.000000 0.000000 -0.000000,0.000 0.000 0.000,-0.000000 0.000000 -0.000000,0.000 0.000 -70.790,-0.000000 0.000000 -0.000000,0.000 0.000 0.000,-0.000000 0.000000 -0.000000,rotation1:1.000000 0.000000 0.000000:left_r_deltoidea_sagittal=0.923279174305:linear(1.000000 0.000000) | rotation2:0.000000 1.000000 0.000000:left_r_deltoidea_frontal=-0.001745329252:linear(1.000000 0.000000) | rotation3:0.000000 0.000000 1.000000:left_r_deltoidea_horizontal=0.024434609528:linear(1.000000 0.000000) | translation1:1.000000 0.000000 0.000000:=0:const(0.000000) | translation2:0.000000 1.000000 0.000000:=0:const(0.000000) | translation3:0.000000 0.000000 1.000000:=0:const(0.000000),left_r_deltoidea_sagittal=0.923279174305 left_r_deltoidea_frontal=-0.001745329252 left_r_deltoidea_horizontal=0.024434609528 =0 =0 =0,0.997559 -0.060198 -0.035381 71.373467 0.017567 0.706771 -0.707225 -304.702990 0.067579 0.704877 0.706103 213.547504 0.000000 0.000000 0.000000 1.000000,0.997559 -0.060198 -0.035381 69.068080 0.017567 0.706771 -0.707225 -298.224258 0.067579 0.704877 0.706103 260.237210 0.000000 0.000000 0.000000 1.000000
left_antebrachium,meshes/left_antebrachium.glb,new_stretched-antebrachium_l.obj,40360,20000,0.118,0.118,1 1 1,0.6 0.6 0.6,left_humerus_left_antebrachium,CustomJoint,left_humerus,0.000 0.000 -146.252,-0.000000 0.000000 -0.000000,0.000 0.000 0.000,-0.000000 0.000000 -0.000000,0.000 0.000 -87.751,-0.000000 0.000000 -0.000000,0.000 0.000 0.000,-0.000000 0.000000 -0.000000,rotation1:1.000000 0.000000 0.000000:left_r_cubitalis_sagittal=-0.865683308989:linear(1.000000 0.000000) | rotation2:0.000000 1.000000 0.000000:left_r_cubitalis_frontal=0.073303828584:linear(1.000000 0.000000) | rotation3:0.000000 0.000000 1.000000:left_r_cubitalis_horizontal=-0.01745329252:linear(1.000000 0.000000) | translation1:1.000000 0.000000 0.000000:=0:const(0.000000) | translation2:0.000000 1.000000 0.000000:=0:const(0.000000) | translation3:0.000000 0.000000 1.000000:=0:const(0.000000),left_r_cubitalis_sagittal=-0.865683308989 left_r_cubitalis_frontal=0.073303828584 left_r_cubitalis_horizontal=-0.01745329252 =0 =0 =0,0.999976 0.005381 0.004470 76.548002 -0.005726 0.996703 0.080939 -201.269761 -0.004020 -0.080962 0.996709 110.278288 0.000000 0.000000 0.000000 1.000000,0.999976 0.005381 0.004470 72.172801 -0.005726 0.996703 0.080939 -236.164320 -0.004020 -0.080962 0.996709 198.275680 0.000000 0.000000 0.000000 1.000000
left_carpus,meshes/left_carpus.glb,new_stretched-carpus_l.obj new_stretched-carpus_metacarpus_l.obj,33353,17000,0.0205,0.0205,1 1 1,0.6 0.6 0.6,left_antebrachium_left_carpus,CustomJoint,left_antebrachium,0.000 0.000 -193.093,-0.000000 0.000000 -0.000000,0.000 0.000 0.000,-0.000000 0.000000 -0.000000,0.000 0.000 -115.856,-0.000000 0.000000 -0.000000,0.000 0.000 0.000,-0.000000 0.000000 -0.000000,rotation1:1.000000 0.000000 0.000000:left_r_carpalis_sagittal=-0.649262481742:linear(1.000000 0.000000) | rotation2:0.000000 1.000000 0.000000:left_r_carpalis_frontal=0.013962634016:linear(1.000000 0.000000) | rotation3:0.000000 0.000000 1.000000:left_r_carpalis_horizontal=0.013962634016:linear(1.000000 0.000000) | translation1:1.000000 0.000000 0.000000:=0:const(0.000000) | translation2:0.000000 1.000000 0.000000:=0:const(0.000000) | translation3:0.000000 0.000000 1.000000:=0:const(0.000000),left_r_carpalis_sagittal=-0.649262481742 left_r_carpalis_frontal=0.013962634016 left_r_carpalis_horizontal=0.013962634016 =0 =0 =0,0.999708 -0.012376 0.020775 75.684833 -0.004636 0.745105 0.666931 -216.898446 -0.023734 -0.666832 0.744830 -82.179072 0.000000 0.000000 0.000000 1.000000,0.999708 -0.012376 0.020775 71.654900 -0.004636 0.745105 0.666931 -245.541532 -0.023734 -0.666832 0.744830 82.801264 0.000000 0.000000 0.000000 1.000000
left_forepaw,meshes/left_forepaw.glb,new_stretched-digiti_manus_l.obj,19130,10000,0.0205,0.0205,1 1 1,0.6 0.6 0.6,left_carpus_left_forepaw,CustomJoint,left_carpus,0.000 0.000 -100.288,-0.000000 0.000000 -0.000000,0.000 0.000 0.000,-0.000000 0.000000 -0.000000,0.000 0.000 -60.173,-0.000000 0.000000 -0.000000,0.000 0.000 0.000,-0.000000 0.000000 -0.000000,rotation1:1.000000 0.000000 0.000000:left_r_forepaw_sagittal=0.0:linear(1.000000 0.000000) | rotation2:0.000000 1.000000 0.000000:left_r_forepaw_frontal=0.0:linear(1.000000 0.000000) | rotation3:0.000000 0.000000 1.000000:left_r_forepaw_horizontal=0.0:linear(1.000000 0.000000) | translation1:1.000000 0.000000 0.000000:=0:const(0.000000) | translation2:0.000000 1.000000 0.000000:=0:const(0.000000) | translation3:0.000000 0.000000 1.000000:=0:const(0.000000),left_r_forepaw_sagittal=0.0 left_r_forepaw_frontal=0.0 left_r_forepaw_horizontal=0.0 =0 =0 =0,0.999708 -0.012376 0.020775 73.601311 -0.004636 0.745105 0.666931 -283.783530 -0.023734 -0.666832 0.744830 -156.876525 0.000000 0.000000 0.000000 1.000000,0.999708 -0.012376 0.020775 70.404786 -0.004636 0.745105 0.666931 -285.672582 -0.023734 -0.666832 0.744830 37.982793 0.000000 0.000000 0.000000 1.000000
right_scapula,meshes/right_scapula.glb,new_stretched-scapula_r.obj,70646,30000,0.272,0.272,1 1 1,0.6 0.6 0.6,thorax_right_scapula,CustomJoint,thorax,0.000 0.000 0.000,-0.000000 0.000000 -0.000000,0.000 0.000 0.000,-0.000000 0.000000 -0.000000,0.000 0.000 0.000,-0.000000 0.000000 -0.000000,0.000 0.000 0.000,-0.000000 0.000000 -0.000000,rotation1:1.000000 0.000000 0.000000:right_r_m_superioris_sagittal=-0.190240888467:linear(1.000000 0.000000) | rotation2:0.000000 1.000000 0.000000:right_r_m_superioris_frontal=-0.048869219056:linear(1.000000 0.000000) | rotation3:0.000000 0.000000 1.000000:right_r_m_superioris_horizontal=-0.005235987756:linear(1.000000 0.000000) | translation1:1.000000 0.000000 0.000000:right_r_m_superioris_transx=-0.06561:linear(1.000000 0.000000) | translation2:0.000000 1.000000 0.000000:right_r_m_superioris_transy=-0.183:linear(1.000000 0.000000) | translation3:0.000000 0.000000 1.000000:right_r_m_superioris_transz=0.11:linear(1.000000 0.000000),right_r_m_superioris_sagittal=-0.190240888467 right_r_m_superioris_frontal=-0.048869219056 right_r_m_superioris_horizontal=-0.005235987756 right_r_m_superioris_transx=-0.06561 right_r_m_superioris_transy=-0.183 right_r_m_superioris_transz=0.11,0.998792 0.005230 -0.048850 -65.610000 0.001528 0.990531 0.137280 -288.506160 0.049105 -0.137189 0.989327 330.271769 0.000000 0.000000 0.000000 1.000000,0.998792 0.005230 -0.048850 -65.610000 0.001528 0.990531 0.137280 -288.506160 0.049105 -0.137189 0.989327 330.271769 0.000000 0.000000 0.000000 1.000000
right_humerus,meshes/right_humerus.glb,new_stretched-humerus_r.obj,37836,20000,0.36,0.36,1 1 1,0.6 0.6 0.6,right_scapula_right_humerus,CustomJoint,right_scapula,0.000 0.000 -117.984,-0.000000 0.000000 -0.000000,0.000 0.000 0.000,-0.000000 0.000000 -0.000000,0.000 0.000 -70.790,-0.000000 0.000000 -0.000000,0.000 0.000 0.000,-0.000000 0.000000 -0.000000,rotation1:1.000000 0.000000 0.000000:right_r_deltoidea_sagittal=0.923279174305:linear(1.000000 0.000000) | rotation2:0.000000 1.000000 0.000000:right_r_deltoidea_frontal=-0.001745329252:linear(1.000000 0.000000) | rotation3:0.000000 0.000000 1.000000:right_r_deltoidea_horizontal=0.024434609528:linear(1.000000 0.000000) | translation1:1.000000 0.000000 0.000000:=0:const(0.000000) | translation2:0.000000 1.000000 0.000000:=0:const(0.000000) | translation3:0.000000 0.000000 1.000000:=0:const(0.000000),right_r_deltoidea_sagittal=0.923279174305 right_r_deltoidea_frontal=-0.001745329252 right_r_deltoidea_horizontal=0.024434609528 =0 =0 =0,0.997559 -0.060198 -0.035381 -59.846533 0.017567 0.706771 -0.707225 -304.702990 0.067579 0.704877 0.706103 213.547504 0.000000 0.000000 0.000000 1.000000,0.997559 -0.060198 -0.035381 -62.151920 0.017567 0.706771 -0.707225 -298.224258 0.067579 0.704877 0.706103 260.237210 0.000000 0.000000 0.000000 1.000000
right_antebrachium,meshes/right_antebrachium.glb,new_stretched-antebrachium_r.obj,40360,20000,0.118,0.118,1 1 1,0.6 0.6 0.6,right_humerus_right_antebrachium,CustomJoint,right_humerus,0.000 0.000 -146.252,-0.000000 0.000000 -0.000000,0.000 0.000 0.000,-0.000000 0.000000 -0.000000,0.000 0.000 -87.751,-0.000000 0.000000 -0.000000,0.000 0.000 0.000,-0.000000 0.000000 -0.000000,rotation1:1.000000 0.000000 0.000000:right_r_cubitalis_sagittal=-0.865683308989:linear(1.000000 0.000000) | rotation2:0.000000 1.000000 0.000000:right_r_cubitalis_frontal=0.073303828584:linear(1.000000 0.000000) | rotation3:0.000000 0.000000 1.000000:right_r_cubitalis_horizontal=-0.01745329252:linear(1.000000 0.000000) | translation1:1.000000 0.000000 0.000000:=0:const(0.000000) | translation2:0.000000 1.000000 0.000000:=0:const(0.000000) | translation3:0.000000 0.000000 1.000000:=0:const(0.000000),right_r_cubitalis_sagittal=-0.865683308989 right_r_cubitalis_frontal=0.073303828584 right_r_cubitalis_horizontal=-0.01745329252 =0 =0 =0,0.999976 0.005381 0.004470 -54.671998 -0.005726 0.996703 0.080939 -201.269761 -0.004020 -0.080962 0.996709 110.278288 0.000000 0.000000 0.000000 1.000000,0.999976 0.005381 0.004470 -59.047199 -0.005726 0.996703 0.080939 -236.164320 -0.004020 -0.080962 0.996709 198.275680 0.000000 0.000000 0.000000 1.000000
right_carpus,meshes/right_carpus.glb,new_stretched-carpus_r.obj new_stretched-carpus_metacarpus_r.obj,33353,17000,0.0205,0.0205,1 1 1,0.6 0.6 0.6,right_antebrachium_right_carpus,CustomJoint,right_antebrachium,0.000 0.000 -193.093,-0.000000 0.000000 -0.000000,0.000 0.000 0.000,-0.000000 0.000000 -0.000000,0.000 0.000 -115.856,-0.000000 0.000000 -0.000000,0.000 0.000 0.000,-0.000000 0.000000 -0.000000,rotation1:1.000000 0.000000 0.000000:right_r_carpalis_sagittal=-0.649262481742:linear(1.000000 0.000000) | rotation2:0.000000 1.000000 0.000000:right_r_carpalis_frontal=0.013962634016:linear(1.000000 0.000000) | rotation3:0.000000 0.000000 1.000000:right_r_carpalis_horizontal=0.013962634016:linear(1.000000 0.000000) | translation1:1.000000 0.000000 0.000000:=0:const(0.000000) | translation2:0.000000 1.000000 0.000000:=0:const(0.000000) | translation3:0.000000 0.000000 1.000000:=0:const(0.000000),right_r_carpalis_sagittal=-0.649262481742 right_r_carpalis_frontal=0.013962634016 right_r_carpalis_horizontal=0.013962634016 =0 =0 =0,0.999708 -0.012376 0.020775 -55.535167 -0.004636 0.745105 0.666931 -216.898446 -0.023734 -0.666832 0.744830 -82.179072 0.000000 0.000000 0.000000 1.000000,0.999708 -0.012376 0.020775 -59.565100 -0.004636 0.745105 0.666931 -245.541532 -0.023734 -0.666832 0.744830 82.801264 0.000000 0.000000 0.000000 1.000000
right_forepaw,meshes/right_forepaw.glb,new_stretched-digiti_manus_r.obj,19130,10000,0.0205,0.0205,1 1 1,0.6 0.6 0.6,right_carpus_right_forepaw,CustomJoint,right_carpus,0.000 0.000 -100.288,-0.000000 0.000000 -0.000000,0.000 0.000 0.000,-0.000000 0.000000 -0.000000,0.000 0.000 -60.173,-0.000000 0.000000 -0.000000,0.000 0.000 0.000,-0.000000 0.000000 -0.000000,rotation1:1.000000 0.000000 0.000000:right_r_forepaw_sagittal=0.0:linear(1.000000 0.000000) | rotation2:0.000000 1.000000 0.000000:right_r_forepaw_frontal=0.0:linear(1.000000 0.000000) | rotation3:0.000000 0.000000 1.000000:right_r_forepaw_horizontal=0.0:linear(1.000000 0.000000) | translation1:1.000000 0.000000 0.000000:=0:const(0.000000) | translation2:0.000000 1.000000 0.000000:=0:const(0.000000) | translation3:0.000000 0.000000 1.000000:=0:const(0.000000),right_r_forepaw_sagittal=0.0 right_r_forepaw_frontal=0.0 right_r_forepaw_horizontal=0.0 =0 =0 =0,0.999708 -0.012376 0.020775 -57.618689 -0.004636 0.745105 0.666931 -283.783530 -0.023734 -0.666832 0.744830 -156.876525 0.000000 0.000000 0.000000 1.000000,0.999708 -0.012376 0.020775 -60.815214 -0.004636 0.745105 0.666931 -285.672582 -0.023734 -0.666832 0.744830 37.982793 0.000000 0.000000 0.000000 1.000000
pelvis,meshes/pelvis.glb,new_stretched-pelvis.obj,92430,40000,0.544,0.544,1 1 1,0.6 0.6 0.6,cauda_pelvis,CustomJoint,cauda,0.000 0.000 0.000,-0.000000 0.000000 -0.000000,0.000 0.000 0.000,-0.000000 0.000000 -0.000000,0.000 0.000 0.000,-0.000000 0.000000 -0.000000,0.000 0.000 0.000,-0.000000 0.000000 -0.000000,rotation1:1.000000 0.000000 0.000000:m_inferioris_sagittal=0.50789081233:linear(1.000000 0.000000) | rotation2:0.000000 1.000000 0.000000:m_inferioris_frontal=0.0:linear(1.000000 0.000000) | rotation3:0.000000 0.000000 1.000000:m_inferioris_horizontal=0.0:linear(1.000000 0.000000) | translation1:1.000000 0.000000 0.000000:m_inferioris_transx=0.0:linear(1.000000 0.000000) | translation2:0.000000 1.000000 0.000000:m_inferioris_transy=0.0:linear(1.000000 0.000000) | translation3:0.000000 0.000000 1.000000:m_inferioris_transz=0.0:linear(1.000000 0.000000),m_inferioris_sagittal=0.50789081233 m_inferioris_frontal=0.0 m_inferioris_horizontal=0.0 m_inferioris_transx=0.0 m_inferioris_transy=0.0 m_inferioris_transz=0.0,1.000000 0.000000 0.000000 0.000000 0.000000 0.847122 -0.531399 145.906180 0.000000 0.531399 0.847122 391.090504 0.000000 0.000000 0.000000 1.000000,1.000000 0.000000 0.000000 0.000000 0.000000 0.847122 -0.531399 96.724944 0.000000 0.531399 0.847122 358.872403 0.000000 0.000000 0.000000 1.000000
left_femur,meshes/left_femur.glb,new_stretched-femur_l.obj,40220,20000,0.673,0.673,1 1 1,0.6 0.6 0.6,pelvis_left_femur,CustomJoint,pelvis,55.530 0.000 -103.000,-0.000000 0.000000 -0.000000,0.000 0.000 0.000,-0.000000 0.000000 -0.000000,33.318 0.000 -61.800,-0.000000 0.000000 -0.000000,0.000 0.000 0.000,-0.000000 0.000000 -0.000000,rotation1:1.000000 0.000000 0.000000:left_r_coxae_sagittal=-0.781907504893:linear(1.000000 0.000000) | rotation2:0.000000 1.000000 0.000000:left_r_coxae_frontal=0.00872664626:linear(1.000000 0.000000) | rotation3:0.000000 0.000000 1.000000:left_r_coxae_horizontal=0.001745329252:linear(1.000000 0.000000) | translation1:1.000000 0.000000 0.000000:=0:const(0.000000) | translation2:0.000000 1.000000 0.000000:=0:const(0.000000) | translation3:0.000000 0.000000 1.000000:=0:const(0.000000),left_r_coxae_sagittal=-0.781907504893 left_r_coxae_frontal=0.00872664626 left_r_coxae_horizontal=0.001745329252 =0 =0 =0,0.999960 -0.001745 0.008727 55.530000 -0.000216 0.975536 0.219838 200.640234 -0.008897 -0.219831 0.975497 303.836946 0.000000 0.000000 0.000000 1.000000,0.999960 -0.001745 0.008727 33.318000 -0.000216 0.975536 0.219838 129.565376 -0.008897 -0.219831 0.975497 306.520268 0.000000 0.000000 0.000000 1.000000
left_crus,meshes/left_crus.glb,new_stretched-crus_l.obj,41282,20000,0.194,0.194,1 1 1,0.6 0.6 0.6,left_femur_left_crus,CustomJoint,left_femur,0.000 0.000 -170.478,-0.000000 0.000000 -0.000000,0.000 0.000 0.000,-0.000000 0.000000 -0.000000,0.000 0.000 -102.287,-0.000000 0.000000 -0.000000,0.000 0.000 0.000,-0.000000 0.000000 -0.000000,rotation1:1.000000 0.000000 0.000000:left_r_genus_sagittal=0.588175957922:linear(1.000000 0.000000) | rotation2:0.000000 1.000000 0.000000:left_r_genus_frontal=0.027925268032:linear(1.000000 0.000000) | rotation3:0.000000 0.000000 1.000000:left_r_genus_horizontal=-0.006981317008:linear(1.000000 0.000000) | translation1:1.000000 0.000000 0.000000:=0:const(0.000000) | translation2:0.000000 1.000000 0.000000:=0:const(0.000000) | translation3:0.000000 0.000000 1.000000:=0:const(0.000000),left_r_genus_sagittal=0.588175957922 left_r_genus_frontal=0.027925268032 left_r_genus_horizontal=-0.006981317008 =0 =0 =0,0.999293 0.010366 0.036146 54.042320 0.003273 0.933623 -0.358242 163.162778 -0.037460 0.358107 0.932929 137.536359 0.000000 0.000000 0.000000 1.000000,0.999293 0.010366 0.036146 32.425392 0.003273 0.933623 -0.358242 107.078903 -0.037460 0.358107 0.932929 206.739917 0.000000 0.000000 0.000000 1.000000
left_calx,meshes/left_calx.glb,new_stretched-calx_l.obj new_stretched-calx_tarsus_l.obj new_stretched-calx_metatarsus_l.obj,40401,23263,0.055,0.055,1 1 1,0.6 0.6 0.6,left_crus_left_calx,CustomJoint,left_crus,0.000 0.000 -218.531,-0.000000 0.000000 -0.000000,0.000 0.000 0.000,-0.000000 0.000000 -0.000000,0.000 0.000 -131.119,-0.000000 0.000000 -0.000000,0.000 0.000 0.000,-0.000000 0.000000 -0.000000,rotation1:1.000000 0.000000 0.000000:left_r_talocruralis_sagittal=-1.050688209701:linear(1.000000 0.000000) | rotation2:0.000000 1.000000 0.000000:left_r_talocruralis_frontal=0.054105206812:linear(1.000000 0.000000) | rotation3:0.000000 0.000000 1.000000:left_r_talocruralis_horizontal=0.040142572796:linear(1.000000 0.000000) | translation1:1.000000 0.000000 0.000000:=0:const(0.000000) | translation2:0.000000 1.000000 0.000000:=0:const(0.000000) | translation3:0.000000 0.000000 1.000000:=0:const(0.000000),left_r_talocruralis_sagittal=-1.050688209701 left_r_talocruralis_frontal=0.054105206812 left_r_talocruralis_horizontal=0.040142572796 =0 =0 =0,0.994518 -0.066179 0.080960 46.143356 0.000205 0.775473 0.631381 241.449784 -0.104567 -0.627903 0.771235 -66.337402 0.000000 0.000000 0.000000 1.000000,0.994518 -0.066179 0.080960 27.686014 0.000205 0.775473 0.631381 154.051106 -0.104567 -0.627903 0.771235 84.415660 0.000000 0.000000 0.000000 1.000000
left_hindpaw,meshes/left_hindpaw.glb,new_stretched-digiti_pedis_l.obj,16068,10000,0.034,0.034,1 1 1,0.6 0.6 0.6,left_calx_left_hindpaw,CustomJoint,left_calx,0.000 0.000 -134.332,-0.000000 0.000000 -0.000000,0.000 0.000 0.000,-0.000000 0.000000 -0.000000,0.000 0.000 -80.599,-0.000000 0.000000 -0.000000,0.000 0.000 0.000,-0.000000 0.000000 -0.000000,rotation1:1.000000 0.000000 0.000000:left_r_hindpaw_sagittal=0.0:linear(1.000000 0.000000) | rotation2:0.000000 1.000000 0.000000:left_r_hindpaw_frontal=0.0:linear(1.000000 0.000000) | rotation3:0.000000 0.000000 1.000000:left_r_hindpaw_horizontal=0.0:linear(1.000000 0.000000) | translation1:1.000000 0.000000 0.000000:=0:const(0.000000) | translation2:0.000000 1.000000 0.000000:=0:const(0.000000) | translation3:0.000000 0.000000 1.000000:=0:const(0.000000),left_r_hindpaw_sagittal=0.0 left_r_hindpaw_frontal=0.0 left_r_hindpaw_horizontal=0.0 =0 =0 =0,0.994518 -0.066179 0.080960 35.267813 0.000205 0.775473 0.631381 156.635259 -0.104567 -0.627903 0.771235 -169.938864 0.000000 0.000000 0.000000 1.000000,0.994518 -0.066179 0.080960 21.160688 0.000205 0.775473 0.631381 103.162391 -0.104567 -0.627903 0.771235 22.254782 0.000000 0.000000 0.000000 1.000000
right_femur,meshes/right_femur.glb,new_stretched-femur_r.obj,40220,20000,0.673,0.673,1 1 1,0.6 0.6 0.6,pelvis_right_femur,CustomJoint,pelvis,-55.530 0.000 -103.000,-0.000000 0.000000 -0.000000,0.000 0.000 0.000,-0.000000 0.000000 -0.000000,-33.318 0.000 -61.800,-0.000000 0.000000 -0.000000,0.000 0.000 0.000,-0.000000 0.000000 -0.000000,rotation1:1.000000 0.000000 0.000000:right_r_coxae_sagittal=-0.781907504893:linear(1.000000 0.000000) | rotation2:0.000000 1.000000 0.000000:right_r_coxae_frontal=0.00872664626:linear(1.000000 0.000000) | rotation3:0.000000 0.000000 1.000000:right_r_coxae_horizontal=0.001745329252:linear(1.000000 0.000000) | translation1:1.000000 0.000000 0.000000:=0:const(0.000000) | translation2:0.000000 1.000000 0.000000:=0:const(0.000000) | translation3:0.000000 0.000000 1.000000:=0:const(0.000000),right_r_coxae_sagittal=-0.781907504893 right_r_coxae_frontal=0.00872664626 right_r_coxae_horizontal=0.001745329252 =0 =0 =0,0.999960 -0.001745 0.008727 -55.530000 -0.000216 0.975536 0.219838 200.640234 -0.008897 -0.219831 0.975497 303.836946 0.000000 0.000000 0.000000 1.000000,0.999960 -0.001745 0.008727 -33.318000 -0.000216 0.975536 0.219838 129.565376 -0.008897 -0.219831 0.975497 306.520268 0.000000 0.000000 0.000000 1.000000
right_crus,meshes/right_crus.glb,new_stretched-crus_r.obj,41282,20000,0.194,0.194,1 1 1,0.6 0.6 0.6,right_femur_right_crus,CustomJoint,right_femur,0.000 0.000 -170.478,-0.000000 0.000000 -0.000000,0.000 0.000 0.000,-0.000000 0.000000 -0.000000,0.000 0.000 -102.287,-0.000000 0.000000 -0.000000,0.000 0.000 0.000,-0.000000 0.000000 -0.000000,rotation1:1.000000 0.000000 0.000000:right_r_genus_sagittal=0.588175957922:linear(1.000000 0.000000) | rotation2:0.000000 1.000000 0.000000:right_r_genus_frontal=0.027925268032:linear(1.000000 0.000000) | rotation3:0.000000 0.000000 1.000000:right_r_genus_horizontal=-0.006981317008:linear(1.000000 0.000000) | translation1:1.000000 0.000000 0.000000:=0:const(0.000000) | translation2:0.000000 1.000000 0.000000:=0:const(0.000000) | translation3:0.000000 0.000000 1.000000:=0:const(0.000000),right_r_genus_sagittal=0.588175957922 right_r_genus_frontal=0.027925268032 right_r_genus_horizontal=-0.006981317008 =0 =0 =0,0.999293 0.010366 0.036146 -57.017680 0.003273 0.933623 -0.358242 163.162778 -0.037460 0.358107 0.932929 137.536359 0.000000 0.000000 0.000000 1.000000,0.999293 0.010366 0.036146 -34.210608 0.003273 0.933623 -0.358242 107.078903 -0.037460 0.358107 0.932929 206.739917 0.000000 0.000000 0.000000 1.000000
right_calx,meshes/right_calx.glb,new_stretched-calx_r.obj new_stretched-calx_tarsus_r.obj new_stretched-calx_metatarsus_r.obj,40401,23263,0.055,0.055,1 1 1,0.6 0.6 0.6,right_crus_right_calx,CustomJoint,right_crus,0.000 0.000 -218.531,-0.000000 0.000000 -0.000000,0.000 0.000 0.000,-0.000000 0.000000 -0.000000,0.000 0.000 -131.119,-0.000000 0.000000 -0.000000,0.000 0.000 0.000,-0.000000 0.000000 -0.000000,rotation1:1.000000 0.000000 0.000000:right_r_talocruralis_sagittal=-1.050688209701:linear(1.000000 0.000000) | rotation2:0.000000 1.000000 0.000000:right_r_talocruralis_frontal=0.054105206812:linear(1.000000 0.000000) | rotation3:0.000000 0.000000 1.000000:right_r_talocruralis_horizontal=0.040142572796:linear(1.000000 0.000000) | translation1:1.000000 0.000000 0.000000:=0:const(0.000000) | translation2:0.000000 1.000000 0.000000:=0:const(0.000000) | translation3:0.000000 0.000000 1.000000:=0:const(0.000000),right_r_talocruralis_sagittal=-1.050688209701 right_r_talocruralis_frontal=0.054105206812 right_r_talocruralis_horizontal=0.040142572796 =0 =0 =0,0.994518 -0.066179 0.080960 -64.916644 0.000205 0.775473 0.631381 241.449784 -0.104567 -0.627903 0.771235 -66.337402 0.000000 0.000000 0.000000 1.000000,0.994518 -0.066179 0.080960 -38.949986 0.000205 0.775473 0.631381 154.051106 -0.104567 -0.627903 0.771235 84.415660 0.000000 0.000000 0.000000 1.000000
right_hindpaw,meshes/right_hindpaw.glb,new_stretched-digiti_pedis_r.obj,16068,10000,0.034,0.034,1 1 1,0.6 0.6 0.6,right_calx_right_hindpaw,CustomJoint,right_calx,0.000 0.000 -134.332,-0.000000 0.000000 -0.000000,0.000 0.000 0.000,-0.000000 0.000000 -0.000000,0.000 0.000 -80.599,-0.000000 0.000000 -0.000000,0.000 0.000 0.000,-0.000000 0.000000 -0.000000,rotation1:1.000000 0.000000 0.000000:right_r_hindpaw_sagittal=0.0:linear(1.000000 0.000000) | rotation2:0.000000 1.000000 0.000000:right_r_hindpaw_frontal=0.0:linear(1.000000 0.000000) | rotation3:0.000000 0.000000 1.000000:right_r_hindpaw_horizontal=0.0:linear(1.000000 0.000000) | translation1:1.000000 0.000000 0.000000:=0:const(0.000000) | translation2:0.000000 1.000000 0.000000:=0:const(0.000000) | translation3:0.000000 0.000000 1.000000:=0:const(0.000000),right_r_hindpaw_sagittal=0.0 right_r_hindpaw_frontal=0.0 right_r_hindpaw_horizontal=0.0 =0 =0 =0,0.994518 -0.066179 0.080960 -75.792187 0.000205 0.775473 0.631381 156.635259 -0.104567 -0.627903 0.771235 -169.938864 0.000000 0.000000 0.000000 1.000000,0.994518 -0.066179 0.080960 -45.475312 0.000205 0.775473 0.631381 103.162391 -0.104567 -0.627903 0.771235 22.254782 0.000000 0.000000 0.000000 1.000000
