animal,measure,value,unit,range_min,range_max,n,sex,stat,specimen_context,source,url,source_licence,confidence,note
dog_formula,harcourt1974_humerus,SH = 3.43 * GL - 26.54,mm,,,,pooled,regression,Harcourt 1974 modern reference dogs; GL = greatest length (von den Driesch),"Harcourt 1974 J Archaeol Sci 1:151-175, as printed in Baranowski 2025 Animals 15:2171 Table 8 (CC BY 4.0); cross-checked by back-calculation on Onar et al. 2021 Animals 11:1163 Table 4/5 (CC BY 4.0)",https://pmc.ncbi.nlm.nih.gov/articles/PMC12345418/,CC BY 4.0 (quoting paper); Harcourt 1974 itself closed (Elsevier),A,verified: ALB No.1 recomputes to 609.0 mm vs printed 60.90 cm; ALB No.4 humerus 594.6 vs 59.46; ALB No.5 radius 604.3 vs 60.43. Harcourt error band not found in any open source
dog_formula,harcourt1974_radius,SH = 3.18 * GL + 19.51,mm,,,,pooled,regression,Harcourt 1974 modern reference dogs; GL = greatest length (von den Driesch),"Harcourt 1974 J Archaeol Sci 1:151-175, as printed in Baranowski 2025 Animals 15:2171 Table 8 (CC BY 4.0); cross-checked by back-calculation on Onar et al. 2021 Animals 11:1163 Table 4/5 (CC BY 4.0)",https://pmc.ncbi.nlm.nih.gov/articles/PMC12345418/,CC BY 4.0 (quoting paper); Harcourt 1974 itself closed (Elsevier),A,verified: ALB No.1 recomputes to 609.0 mm vs printed 60.90 cm; ALB No.4 humerus 594.6 vs 59.46; ALB No.5 radius 604.3 vs 60.43. Harcourt error band not found in any open source
dog_formula,harcourt1974_ulna,SH = 2.78 * GL + 6.21,mm,,,,pooled,regression,Harcourt 1974 modern reference dogs; GL = greatest length (von den Driesch),"Harcourt 1974 J Archaeol Sci 1:151-175, as printed in Baranowski 2025 Animals 15:2171 Table 8 (CC BY 4.0); cross-checked by back-calculation on Onar et al. 2021 Animals 11:1163 Table 4/5 (CC BY 4.0)",https://pmc.ncbi.nlm.nih.gov/articles/PMC12345418/,CC BY 4.0 (quoting paper); Harcourt 1974 itself closed (Elsevier),A,verified: ALB No.1 recomputes to 609.0 mm vs printed 60.90 cm; ALB No.4 humerus 594.6 vs 59.46; ALB No.5 radius 604.3 vs 60.43. Harcourt error band not found in any open source
dog_formula,harcourt1974_femur,SH = 3.14 * GL - 12.96,mm,,,,pooled,regression,Harcourt 1974 modern reference dogs; GL = greatest length (von den Driesch),"Harcourt 1974 J Archaeol Sci 1:151-175, as printed in Baranowski 2025 Animals 15:2171 Table 8 (CC BY 4.0); cross-checked by back-calculation on Onar et al. 2021 Animals 11:1163 Table 4/5 (CC BY 4.0)",https://pmc.ncbi.nlm.nih.gov/articles/PMC12345418/,CC BY 4.0 (quoting paper); Harcourt 1974 itself closed (Elsevier),A,verified: ALB No.1 recomputes to 609.0 mm vs printed 60.90 cm; ALB No.4 humerus 594.6 vs 59.46; ALB No.5 radius 604.3 vs 60.43. Harcourt error band not found in any open source
dog_formula,harcourt1974_tibia,SH = 2.92 * GL + 9.41,mm,,,,pooled,regression,Harcourt 1974 modern reference dogs; GL = greatest length (von den Driesch),"Harcourt 1974 J Archaeol Sci 1:151-175, as printed in Baranowski 2025 Animals 15:2171 Table 8 (CC BY 4.0); cross-checked by back-calculation on Onar et al. 2021 Animals 11:1163 Table 4/5 (CC BY 4.0)",https://pmc.ncbi.nlm.nih.gov/articles/PMC12345418/,CC BY 4.0 (quoting paper); Harcourt 1974 itself closed (Elsevier),A,verified: ALB No.1 recomputes to 609.0 mm vs printed 60.90 cm; ALB No.4 humerus 594.6 vs 59.46; ALB No.5 radius 604.3 vs 60.43. Harcourt error band not found in any open source
dog_formula,koudelka_lasota_scapula_height,SH = 4.06 * GL,mm,,,,pooled,factor,Koudelka 1885 factors as given by Lasota-Moskalewska; scapula uses height (HS),Baranowski 2025 Animals 15:2171 Table 8 (CC BY 4.0),https://pmc.ncbi.nlm.nih.gov/articles/PMC12345418/,CC BY 4.0,B,alternative method; used here only to show method spread
dog_formula,koudelka_lasota_humerus,SH = 3.37 * GL,mm,,,,pooled,factor,Koudelka 1885 factors as given by Lasota-Moskalewska; scapula uses height (HS),Baranowski 2025 Animals 15:2171 Table 8 (CC BY 4.0),https://pmc.ncbi.nlm.nih.gov/articles/PMC12345418/,CC BY 4.0,B,alternative method; used here only to show method spread
dog_formula,koudelka_lasota_radius,SH = 3.22 * GL,mm,,,,pooled,factor,Koudelka 1885 factors as given by Lasota-Moskalewska; scapula uses height (HS),Baranowski 2025 Animals 15:2171 Table 8 (CC BY 4.0),https://pmc.ncbi.nlm.nih.gov/articles/PMC12345418/,CC BY 4.0,B,alternative method; used here only to show method spread
dog_formula,koudelka_lasota_ulna,SH = 2.67 * GL,mm,,,,pooled,factor,Koudelka 1885 factors as given by Lasota-Moskalewska; scapula uses height (HS),Baranowski 2025 Animals 15:2171 Table 8 (CC BY 4.0),https://pmc.ncbi.nlm.nih.gov/articles/PMC12345418/,CC BY 4.0,B,alternative method; used here only to show method spread
dog_formula,koudelka_lasota_femur,SH = 3.01 * GL,mm,,,,pooled,factor,Koudelka 1885 factors as given by Lasota-Moskalewska; scapula uses height (HS),Baranowski 2025 Animals 15:2171 Table 8 (CC BY 4.0),https://pmc.ncbi.nlm.nih.gov/articles/PMC12345418/,CC BY 4.0,B,alternative method; used here only to show method spread
dog_formula,koudelka_lasota_tibia,SH = 2.92 * GL,mm,,,,pooled,factor,Koudelka 1885 factors as given by Lasota-Moskalewska; scapula uses height (HS),Baranowski 2025 Animals 15:2171 Table 8 (CC BY 4.0),https://pmc.ncbi.nlm.nih.gov/articles/PMC12345418/,CC BY 4.0,B,alternative method; used here only to show method spread
dingo,humerus_GL_EST,165.8,mm,142.9,187.0,117,pooled,derived,"modern dingoes, Koungoulos 2024 mean SH 542.2 mm (range 463.7-615.0)",inverted Harcourt 1974 (verified coefficients) applied to Koungoulos et al. 2024 Sci Rep 14 mean shoulder height,https://pmc.ncbi.nlm.nih.gov/articles/PMC11411105/,derived here; SH fact from CC BY-NC-ND paper,EST,"because Koungoulos SH values were themselves computed from limb GLs with these same equations, the inversion recovers the bone-length level of the sample (not a new regression error); range = inversion of the min/max SH; +-25 mm SH = +-7.3 mm; Koudelka-factor alternative 160.9 mm"
dingo,radius_GL_EST,164.4,mm,139.7,187.3,117,pooled,derived,"modern dingoes, Koungoulos 2024 mean SH 542.2 mm (range 463.7-615.0)",inverted Harcourt 1974 (verified coefficients) applied to Koungoulos et al. 2024 Sci Rep 14 mean shoulder height,https://pmc.ncbi.nlm.nih.gov/articles/PMC11411105/,derived here; SH fact from CC BY-NC-ND paper,EST,"because Koungoulos SH values were themselves computed from limb GLs with these same equations, the inversion recovers the bone-length level of the sample (not a new regression error); range = inversion of the min/max SH; +-25 mm SH = +-7.9 mm; Koudelka-factor alternative 168.4 mm"
dingo,ulna_GL_EST,192.8,mm,164.6,219.0,117,pooled,derived,"modern dingoes, Koungoulos 2024 mean SH 542.2 mm (range 463.7-615.0)",inverted Harcourt 1974 (verified coefficients) applied to Koungoulos et al. 2024 Sci Rep 14 mean shoulder height,https://pmc.ncbi.nlm.nih.gov/articles/PMC11411105/,derived here; SH fact from CC BY-NC-ND paper,EST,"because Koungoulos SH values were themselves computed from limb GLs with these same equations, the inversion recovers the bone-length level of the sample (not a new regression error); range = inversion of the min/max SH; +-25 mm SH = +-9.0 mm; Koudelka-factor alternative 203.1 mm"
dingo,femur_GL_EST,176.8,mm,151.8,200.0,117,pooled,derived,"modern dingoes, Koungoulos 2024 mean SH 542.2 mm (range 463.7-615.0)",inverted Harcourt 1974 (verified coefficients) applied to Koungoulos et al. 2024 Sci Rep 14 mean shoulder height,https://pmc.ncbi.nlm.nih.gov/articles/PMC11411105/,derived here; SH fact from CC BY-NC-ND paper,EST,"because Koungoulos SH values were themselves computed from limb GLs with these same equations, the inversion recovers the bone-length level of the sample (not a new regression error); range = inversion of the min/max SH; +-25 mm SH = +-8.0 mm; Koudelka-factor alternative 180.1 mm"
dingo,tibia_GL_EST,182.5,mm,155.6,207.4,117,pooled,derived,"modern dingoes, Koungoulos 2024 mean SH 542.2 mm (range 463.7-615.0)",inverted Harcourt 1974 (verified coefficients) applied to Koungoulos et al. 2024 Sci Rep 14 mean shoulder height,https://pmc.ncbi.nlm.nih.gov/articles/PMC11411105/,derived here; SH fact from CC BY-NC-ND paper,EST,"because Koungoulos SH values were themselves computed from limb GLs with these same equations, the inversion recovers the bone-length level of the sample (not a new regression error); range = inversion of the min/max SH; +-25 mm SH = +-8.6 mm; Koudelka-factor alternative 185.7 mm"
dingo,scapula_height_EST,133.5,mm,114.2,151.5,117,pooled,derived,as above,inverted Koudelka/Lasota-Moskalewska scapula factor 4.06 (Baranowski 2025) at Koungoulos 2024 mean SH,https://pmc.ncbi.nlm.nih.gov/articles/PMC12345418/,derived here,EST,"scapula height HS (dorsal border to glenoid), not a Harcourt bone; weaker"
dingo,humerus_GL_EST,179.7,mm,,,,male,derived,wild dingo mean SH 590 mm (Smith 2015 via Wikipedia; conf C),inverted Harcourt 1974,https://doi.org/10.1016/0305-4403(74)90040-5,derived here,EST,live-animal withers height is not the same as Harcourt skeletal SH; treat as upper guide
dingo,humerus_GL_EST,171.0,mm,,,,female,derived,wild dingo mean SH 560 mm (Smith 2015 via Wikipedia; conf C),inverted Harcourt 1974,https://doi.org/10.1016/0305-4403(74)90040-5,derived here,EST,live-animal withers height is not the same as Harcourt skeletal SH; treat as upper guide
dingo,radius_GL_EST,179.4,mm,,,,male,derived,wild dingo mean SH 590 mm (Smith 2015 via Wikipedia; conf C),inverted Harcourt 1974,https://doi.org/10.1016/0305-4403(74)90040-5,derived here,EST,live-animal withers height is not the same as Harcourt skeletal SH; treat as upper guide
dingo,radius_GL_EST,170.0,mm,,,,female,derived,wild dingo mean SH 560 mm (Smith 2015 via Wikipedia; conf C),inverted Harcourt 1974,https://doi.org/10.1016/0305-4403(74)90040-5,derived here,EST,live-animal withers height is not the same as Harcourt skeletal SH; treat as upper guide
dingo,ulna_GL_EST,210.0,mm,,,,male,derived,wild dingo mean SH 590 mm (Smith 2015 via Wikipedia; conf C),inverted Harcourt 1974,https://doi.org/10.1016/0305-4403(74)90040-5,derived here,EST,live-animal withers height is not the same as Harcourt skeletal SH; treat as upper guide
dingo,ulna_GL_EST,199.2,mm,,,,female,derived,wild dingo mean SH 560 mm (Smith 2015 via Wikipedia; conf C),inverted Harcourt 1974,https://doi.org/10.1016/0305-4403(74)90040-5,derived here,EST,live-animal withers height is not the same as Harcourt skeletal SH; treat as upper guide
dingo,femur_GL_EST,192.0,mm,,,,male,derived,wild dingo mean SH 590 mm (Smith 2015 via Wikipedia; conf C),inverted Harcourt 1974,https://doi.org/10.1016/0305-4403(74)90040-5,derived here,EST,live-animal withers height is not the same as Harcourt skeletal SH; treat as upper guide
dingo,femur_GL_EST,182.5,mm,,,,female,derived,wild dingo mean SH 560 mm (Smith 2015 via Wikipedia; conf C),inverted Harcourt 1974,https://doi.org/10.1016/0305-4403(74)90040-5,derived here,EST,live-animal withers height is not the same as Harcourt skeletal SH; treat as upper guide
dingo,tibia_GL_EST,198.8,mm,,,,male,derived,wild dingo mean SH 590 mm (Smith 2015 via Wikipedia; conf C),inverted Harcourt 1974,https://doi.org/10.1016/0305-4403(74)90040-5,derived here,EST,live-animal withers height is not the same as Harcourt skeletal SH; treat as upper guide
dingo,tibia_GL_EST,188.6,mm,,,,female,derived,wild dingo mean SH 560 mm (Smith 2015 via Wikipedia; conf C),inverted Harcourt 1974,https://doi.org/10.1016/0305-4403(74)90040-5,derived here,EST,live-animal withers height is not the same as Harcourt skeletal SH; treat as upper guide
ancient_dingo,humerus_GL_EST,153.2,mm,,,1,unknown,derived,"Curracurrang 1CU5/16 burial, c.2000 BP, SH 49.89 cm from long bones (Harcourt)",Koungoulos et al. 2023 PLOS ONE 18:e0286576 (PMC10588905),https://pmc.ncbi.nlm.nih.gov/articles/PMC10588905/,CC BY 4.0,EST,individual bone GLs not printed in the paper; inversion assumes all bones agree
ancient_dingo,radius_GL_EST,150.8,mm,,,1,unknown,derived,"Curracurrang 1CU5/16 burial, c.2000 BP, SH 49.89 cm from long bones (Harcourt)",Koungoulos et al. 2023 PLOS ONE 18:e0286576 (PMC10588905),https://pmc.ncbi.nlm.nih.gov/articles/PMC10588905/,CC BY 4.0,EST,individual bone GLs not printed in the paper; inversion assumes all bones agree
ancient_dingo,ulna_GL_EST,177.2,mm,,,1,unknown,derived,"Curracurrang 1CU5/16 burial, c.2000 BP, SH 49.89 cm from long bones (Harcourt)",Koungoulos et al. 2023 PLOS ONE 18:e0286576 (PMC10588905),https://pmc.ncbi.nlm.nih.gov/articles/PMC10588905/,CC BY 4.0,EST,individual bone GLs not printed in the paper; inversion assumes all bones agree
ancient_dingo,femur_GL_EST,163.0,mm,,,1,unknown,derived,"Curracurrang 1CU5/16 burial, c.2000 BP, SH 49.89 cm from long bones (Harcourt)",Koungoulos et al. 2023 PLOS ONE 18:e0286576 (PMC10588905),https://pmc.ncbi.nlm.nih.gov/articles/PMC10588905/,CC BY 4.0,EST,individual bone GLs not printed in the paper; inversion assumes all bones agree
ancient_dingo,tibia_GL_EST,167.6,mm,,,1,unknown,derived,"Curracurrang 1CU5/16 burial, c.2000 BP, SH 49.89 cm from long bones (Harcourt)",Koungoulos et al. 2023 PLOS ONE 18:e0286576 (PMC10588905),https://pmc.ncbi.nlm.nih.gov/articles/PMC10588905/,CC BY 4.0,EST,individual bone GLs not printed in the paper; inversion assumes all bones agree
iron_age_anatolian_dog,humerus_GL,184.76,mm,,,1,female,individual,"Alaybeyi ALB No.1, Alaybeyi Hoyuk (Erzurum), Iron Age; printed SH 60.90 cm","Onar V, Siddiq AB, Pazvant G et al. 2021 Animals 11:1163 Table 5 (PMC8073760)",https://pmc.ncbi.nlm.nih.gov/articles/PMC8073760/,CC BY 4.0,A,"von den Driesch GL; mean of left and right where both present; large landrace dogs (~60 cm), not pariah-sized"
iron_age_anatolian_dog,radius_GL,183.65,mm,,,1,female,individual,"Alaybeyi ALB No.1, Alaybeyi Hoyuk (Erzurum), Iron Age; printed SH 60.90 cm","Onar V, Siddiq AB, Pazvant G et al. 2021 Animals 11:1163 Table 5 (PMC8073760)",https://pmc.ncbi.nlm.nih.gov/articles/PMC8073760/,CC BY 4.0,A,"von den Driesch GL; mean of left and right where both present; large landrace dogs (~60 cm), not pariah-sized"
iron_age_anatolian_dog,femur_GL,201.24,mm,,,1,female,individual,"Alaybeyi ALB No.1, Alaybeyi Hoyuk (Erzurum), Iron Age; printed SH 60.90 cm","Onar V, Siddiq AB, Pazvant G et al. 2021 Animals 11:1163 Table 5 (PMC8073760)",https://pmc.ncbi.nlm.nih.gov/articles/PMC8073760/,CC BY 4.0,A,"von den Driesch GL; mean of left and right where both present; large landrace dogs (~60 cm), not pariah-sized"
iron_age_anatolian_dog,tibia_GL,204.42,mm,,,1,female,individual,"Alaybeyi ALB No.1, Alaybeyi Hoyuk (Erzurum), Iron Age; printed SH 60.90 cm","Onar V, Siddiq AB, Pazvant G et al. 2021 Animals 11:1163 Table 5 (PMC8073760)",https://pmc.ncbi.nlm.nih.gov/articles/PMC8073760/,CC BY 4.0,A,"von den Driesch GL; mean of left and right where both present; large landrace dogs (~60 cm), not pariah-sized"
iron_age_anatolian_dog,humerus_GL,195.04,mm,,,1,male,individual,"Alaybeyi ALB No.7, Alaybeyi Hoyuk (Erzurum), Iron Age; printed SH 64.23 cm","Onar V, Siddiq AB, Pazvant G et al. 2021 Animals 11:1163 Table 5 (PMC8073760)",https://pmc.ncbi.nlm.nih.gov/articles/PMC8073760/,CC BY 4.0,A,"von den Driesch GL; mean of left and right where both present; large landrace dogs (~60 cm), not pariah-sized"
iron_age_anatolian_dog,radius_GL,192.65,mm,,,1,male,individual,"Alaybeyi ALB No.7, Alaybeyi Hoyuk (Erzurum), Iron Age; printed SH 64.23 cm","Onar V, Siddiq AB, Pazvant G et al. 2021 Animals 11:1163 Table 5 (PMC8073760)",https://pmc.ncbi.nlm.nih.gov/articles/PMC8073760/,CC BY 4.0,A,"von den Driesch GL; mean of left and right where both present; large landrace dogs (~60 cm), not pariah-sized"
iron_age_anatolian_dog,ulna_GL,226.71,mm,,,1,male,individual,"Alaybeyi ALB No.7, Alaybeyi Hoyuk (Erzurum), Iron Age; printed SH 64.23 cm","Onar V, Siddiq AB, Pazvant G et al. 2021 Animals 11:1163 Table 5 (PMC8073760)",https://pmc.ncbi.nlm.nih.gov/articles/PMC8073760/,CC BY 4.0,A,"von den Driesch GL; mean of left and right where both present; large landrace dogs (~60 cm), not pariah-sized"
iron_age_anatolian_dog,femur_GL,214.12,mm,,,1,male,individual,"Alaybeyi ALB No.7, Alaybeyi Hoyuk (Erzurum), Iron Age; printed SH 64.23 cm","Onar V, Siddiq AB, Pazvant G et al. 2021 Animals 11:1163 Table 5 (PMC8073760)",https://pmc.ncbi.nlm.nih.gov/articles/PMC8073760/,CC BY 4.0,A,"von den Driesch GL; mean of left and right where both present; large landrace dogs (~60 cm), not pariah-sized"
iron_age_anatolian_dog,tibia_GL,219.32,mm,,,1,male,individual,"Alaybeyi ALB No.7, Alaybeyi Hoyuk (Erzurum), Iron Age; printed SH 64.23 cm","Onar V, Siddiq AB, Pazvant G et al. 2021 Animals 11:1163 Table 5 (PMC8073760)",https://pmc.ncbi.nlm.nih.gov/articles/PMC8073760/,CC BY 4.0,A,"von den Driesch GL; mean of left and right where both present; large landrace dogs (~60 cm), not pariah-sized"
iron_age_anatolian_dog,humerus_GL,175.25,mm,,,1,male,individual,"Alaybeyi ALB No.2, Alaybeyi Hoyuk (Erzurum), Iron Age; printed SH 57.46 cm","Onar V, Siddiq AB, Pazvant G et al. 2021 Animals 11:1163 Table 5 (PMC8073760)",https://pmc.ncbi.nlm.nih.gov/articles/PMC8073760/,CC BY 4.0,A,"von den Driesch GL; mean of left and right where both present; large landrace dogs (~60 cm), not pariah-sized"
iron_age_anatolian_dog,humerus_GL,181.09,mm,,,1,unknown,individual,"Alaybeyi ALB No.4, Alaybeyi Hoyuk (Erzurum), Iron Age; printed SH 59.46 cm","Onar V, Siddiq AB, Pazvant G et al. 2021 Animals 11:1163 Table 5 (PMC8073760)",https://pmc.ncbi.nlm.nih.gov/articles/PMC8073760/,CC BY 4.0,A,"von den Driesch GL; mean of left and right where both present; large landrace dogs (~60 cm), not pariah-sized"
iron_age_anatolian_dog,radius_GL,183.91,mm,,,1,unknown,individual,"Alaybeyi ALB No.5, Alaybeyi Hoyuk (Erzurum), Iron Age; printed SH 60.43 cm","Onar V, Siddiq AB, Pazvant G et al. 2021 Animals 11:1163 Table 5 (PMC8073760)",https://pmc.ncbi.nlm.nih.gov/articles/PMC8073760/,CC BY 4.0,A,"von den Driesch GL; mean of left and right where both present; large landrace dogs (~60 cm), not pariah-sized"
iron_age_anatolian_dog,humerus_GL,166.86,mm,,,1,unknown,individual,"Yoncatepe grave M5, Van-Yoncatepe early Iron Age necropolis, single skeleton","Onar et al. 2021 Animals 11:1163 Table 5, citing Onar et al. Yoncatepe work and unpublished data",https://pmc.ncbi.nlm.nih.gov/articles/PMC8073760/,CC BY 4.0,B,"table also prints N values 35-49 for M6, unexplained; treat M6 as B"
iron_age_anatolian_dog,radius_GL,168.43,mm,,,1,unknown,individual,"Yoncatepe grave M5, Van-Yoncatepe early Iron Age necropolis, single skeleton","Onar et al. 2021 Animals 11:1163 Table 5, citing Onar et al. Yoncatepe work and unpublished data",https://pmc.ncbi.nlm.nih.gov/articles/PMC8073760/,CC BY 4.0,B,"table also prints N values 35-49 for M6, unexplained; treat M6 as B"
iron_age_anatolian_dog,ulna_GL,185.35,mm,,,1,unknown,individual,"Yoncatepe grave M5, Van-Yoncatepe early Iron Age necropolis, single skeleton","Onar et al. 2021 Animals 11:1163 Table 5, citing Onar et al. Yoncatepe work and unpublished data",https://pmc.ncbi.nlm.nih.gov/articles/PMC8073760/,CC BY 4.0,B,"table also prints N values 35-49 for M6, unexplained; treat M6 as B"
iron_age_anatolian_dog,femur_GL,181.61,mm,,,1,unknown,individual,"Yoncatepe grave M5, Van-Yoncatepe early Iron Age necropolis, single skeleton","Onar et al. 2021 Animals 11:1163 Table 5, citing Onar et al. Yoncatepe work and unpublished data",https://pmc.ncbi.nlm.nih.gov/articles/PMC8073760/,CC BY 4.0,B,"table also prints N values 35-49 for M6, unexplained; treat M6 as B"
iron_age_anatolian_dog,tibia_GL,180.23,mm,,,1,unknown,individual,"Yoncatepe grave M5, Van-Yoncatepe early Iron Age necropolis, single skeleton","Onar et al. 2021 Animals 11:1163 Table 5, citing Onar et al. Yoncatepe work and unpublished data",https://pmc.ncbi.nlm.nih.gov/articles/PMC8073760/,CC BY 4.0,B,"table also prints N values 35-49 for M6, unexplained; treat M6 as B"
iron_age_anatolian_dog,humerus_GL,180.52,mm,,,1,unknown,individual,"Yoncatepe grave M6, Van-Yoncatepe early Iron Age necropolis, single skeleton","Onar et al. 2021 Animals 11:1163 Table 5, citing Onar et al. Yoncatepe work and unpublished data",https://pmc.ncbi.nlm.nih.gov/articles/PMC8073760/,CC BY 4.0,B,"table also prints N values 35-49 for M6, unexplained; treat M6 as B"
iron_age_anatolian_dog,radius_GL,180.72,mm,,,1,unknown,individual,"Yoncatepe grave M6, Van-Yoncatepe early Iron Age necropolis, single skeleton","Onar et al. 2021 Animals 11:1163 Table 5, citing Onar et al. Yoncatepe work and unpublished data",https://pmc.ncbi.nlm.nih.gov/articles/PMC8073760/,CC BY 4.0,B,"table also prints N values 35-49 for M6, unexplained; treat M6 as B"
iron_age_anatolian_dog,ulna_GL,205.81,mm,,,1,unknown,individual,"Yoncatepe grave M6, Van-Yoncatepe early Iron Age necropolis, single skeleton","Onar et al. 2021 Animals 11:1163 Table 5, citing Onar et al. Yoncatepe work and unpublished data",https://pmc.ncbi.nlm.nih.gov/articles/PMC8073760/,CC BY 4.0,B,"table also prints N values 35-49 for M6, unexplained; treat M6 as B"
iron_age_anatolian_dog,femur_GL,192.9,mm,,,1,unknown,individual,"Yoncatepe grave M6, Van-Yoncatepe early Iron Age necropolis, single skeleton","Onar et al. 2021 Animals 11:1163 Table 5, citing Onar et al. Yoncatepe work and unpublished data",https://pmc.ncbi.nlm.nih.gov/articles/PMC8073760/,CC BY 4.0,B,"table also prints N values 35-49 for M6, unexplained; treat M6 as B"
iron_age_anatolian_dog,tibia_GL,197.48,mm,,,1,unknown,individual,"Yoncatepe grave M6, Van-Yoncatepe early Iron Age necropolis, single skeleton","Onar et al. 2021 Animals 11:1163 Table 5, citing Onar et al. Yoncatepe work and unpublished data",https://pmc.ncbi.nlm.nih.gov/articles/PMC8073760/,CC BY 4.0,B,"table also prints N values 35-49 for M6, unexplained; treat M6 as B"
modern_dog_mixed,humerus_GL,176.29,mm,,,37,pooled,mean of breed means,18 modern breeds incl. 1 Canaan dog and 6 mixbreeds,Onar et al. 2021 Table 6,https://pmc.ncbi.nlm.nih.gov/articles/PMC8073760/,CC BY 4.0,B,"radius 178.45, ulna 208.92, femur 192.04, tibia 195.67 (same table)"
dingo,total_length,1235,mm,,,1,male,individual,"LACM 49543, wild, 319 km WSW Cunnamulla, Queensland; collector K.E. Stager; skin and skull; 17.2 kg","LACM Vertebrates via GBIF (dynamicProperties ""total-tail-hindfoot-ear"")",https://www.gbif.org/occurrence/1065354700,CC0 1.0,B,standard museum order total-tail-hind foot-ear assumed (VertNet convention); ear probably notch-to-tip
dingo,tail_length,365,mm,,,1,male,individual,"LACM 49543, wild, 319 km WSW Cunnamulla, Queensland; collector K.E. Stager; skin and skull; 17.2 kg","LACM Vertebrates via GBIF (dynamicProperties ""total-tail-hindfoot-ear"")",https://www.gbif.org/occurrence/1065354700,CC0 1.0,B,standard museum order total-tail-hind foot-ear assumed (VertNet convention); ear probably notch-to-tip
dingo,hind_foot_length,210,mm,,,1,male,individual,"LACM 49543, wild, 319 km WSW Cunnamulla, Queensland; collector K.E. Stager; skin and skull; 17.2 kg","LACM Vertebrates via GBIF (dynamicProperties ""total-tail-hindfoot-ear"")",https://www.gbif.org/occurrence/1065354700,CC0 1.0,B,standard museum order total-tail-hind foot-ear assumed (VertNet convention); ear probably notch-to-tip
dingo,ear_length,100,mm,,,1,male,individual,"LACM 49543, wild, 319 km WSW Cunnamulla, Queensland; collector K.E. Stager; skin and skull; 17.2 kg","LACM Vertebrates via GBIF (dynamicProperties ""total-tail-hindfoot-ear"")",https://www.gbif.org/occurrence/1065354700,CC0 1.0,B,standard museum order total-tail-hind foot-ear assumed (VertNet convention); ear probably notch-to-tip
dingo,total_length,1215,mm,,,1,male,individual,"LACM 49542, wild, 319 km WSW Cunnamulla, Queensland; collector K.E. Stager; skin and skull; 16.3 kg","LACM Vertebrates via GBIF (dynamicProperties ""total-tail-hindfoot-ear"")",https://www.gbif.org/occurrence/1065381998,CC0 1.0,B,standard museum order total-tail-hind foot-ear assumed (VertNet convention); ear probably notch-to-tip
dingo,tail_length,340,mm,,,1,male,individual,"LACM 49542, wild, 319 km WSW Cunnamulla, Queensland; collector K.E. Stager; skin and skull; 16.3 kg","LACM Vertebrates via GBIF (dynamicProperties ""total-tail-hindfoot-ear"")",https://www.gbif.org/occurrence/1065381998,CC0 1.0,B,standard museum order total-tail-hind foot-ear assumed (VertNet convention); ear probably notch-to-tip
dingo,hind_foot_length,195,mm,,,1,male,individual,"LACM 49542, wild, 319 km WSW Cunnamulla, Queensland; collector K.E. Stager; skin and skull; 16.3 kg","LACM Vertebrates via GBIF (dynamicProperties ""total-tail-hindfoot-ear"")",https://www.gbif.org/occurrence/1065381998,CC0 1.0,B,standard museum order total-tail-hind foot-ear assumed (VertNet convention); ear probably notch-to-tip
dingo,ear_length,90,mm,,,1,male,individual,"LACM 49542, wild, 319 km WSW Cunnamulla, Queensland; collector K.E. Stager; skin and skull; 16.3 kg","LACM Vertebrates via GBIF (dynamicProperties ""total-tail-hindfoot-ear"")",https://www.gbif.org/occurrence/1065381998,CC0 1.0,B,standard museum order total-tail-hind foot-ear assumed (VertNet convention); ear probably notch-to-tip
iron_age_anatolian_dog,radius_over_humerus,0.994,ratio,,,1,female,derived,Alaybeyi ALB No.1,Onar et al. 2021 Table 5 (ratio computed here),https://pmc.ncbi.nlm.nih.gov/articles/PMC8073760/,CC BY 4.0,A,"same individual, complete limb set"
iron_age_anatolian_dog,tibia_over_femur,1.016,ratio,,,1,female,derived,Alaybeyi ALB No.1,Onar et al. 2021 Table 5 (ratio computed here),https://pmc.ncbi.nlm.nih.gov/articles/PMC8073760/,CC BY 4.0,A,"same individual, complete limb set"
iron_age_anatolian_dog,femur_over_humerus,1.089,ratio,,,1,female,derived,Alaybeyi ALB No.1,Onar et al. 2021 Table 5 (ratio computed here),https://pmc.ncbi.nlm.nih.gov/articles/PMC8073760/,CC BY 4.0,A,"same individual, complete limb set"
iron_age_anatolian_dog,fore_over_hind_HR_FT,0.908,ratio,,,1,female,derived,Alaybeyi ALB No.1,Onar et al. 2021 Table 5 (ratio computed here),https://pmc.ncbi.nlm.nih.gov/articles/PMC8073760/,CC BY 4.0,A,"same individual, complete limb set"
iron_age_anatolian_dog,radius_over_humerus,0.988,ratio,,,1,male,derived,Alaybeyi ALB No.7,Onar et al. 2021 Table 5 (ratio computed here),https://pmc.ncbi.nlm.nih.gov/articles/PMC8073760/,CC BY 4.0,A,"same individual, complete limb set"
iron_age_anatolian_dog,tibia_over_femur,1.024,ratio,,,1,male,derived,Alaybeyi ALB No.7,Onar et al. 2021 Table 5 (ratio computed here),https://pmc.ncbi.nlm.nih.gov/articles/PMC8073760/,CC BY 4.0,A,"same individual, complete limb set"
iron_age_anatolian_dog,femur_over_humerus,1.098,ratio,,,1,male,derived,Alaybeyi ALB No.7,Onar et al. 2021 Table 5 (ratio computed here),https://pmc.ncbi.nlm.nih.gov/articles/PMC8073760/,CC BY 4.0,A,"same individual, complete limb set"
iron_age_anatolian_dog,ulna_over_radius,1.177,ratio,,,1,male,derived,Alaybeyi ALB No.7,Onar et al. 2021 Table 5 (ratio computed here),https://pmc.ncbi.nlm.nih.gov/articles/PMC8073760/,CC BY 4.0,A,"same individual, complete limb set"
iron_age_anatolian_dog,fore_over_hind_HR_FT,0.894,ratio,,,1,male,derived,Alaybeyi ALB No.7,Onar et al. 2021 Table 5 (ratio computed here),https://pmc.ncbi.nlm.nih.gov/articles/PMC8073760/,CC BY 4.0,A,"same individual, complete limb set"
iron_age_anatolian_dog,radius_over_humerus,1.009,ratio,,,1,unknown,derived,Yoncatepe grave M5,Onar et al. 2021 Table 5 (ratio computed here),https://pmc.ncbi.nlm.nih.gov/articles/PMC8073760/,CC BY 4.0,B,"same individual, complete limb set"
iron_age_anatolian_dog,tibia_over_femur,0.992,ratio,,,1,unknown,derived,Yoncatepe grave M5,Onar et al. 2021 Table 5 (ratio computed here),https://pmc.ncbi.nlm.nih.gov/articles/PMC8073760/,CC BY 4.0,B,"same individual, complete limb set"
iron_age_anatolian_dog,femur_over_humerus,1.088,ratio,,,1,unknown,derived,Yoncatepe grave M5,Onar et al. 2021 Table 5 (ratio computed here),https://pmc.ncbi.nlm.nih.gov/articles/PMC8073760/,CC BY 4.0,B,"same individual, complete limb set"
iron_age_anatolian_dog,ulna_over_radius,1.1,ratio,,,1,unknown,derived,Yoncatepe grave M5,Onar et al. 2021 Table 5 (ratio computed here),https://pmc.ncbi.nlm.nih.gov/articles/PMC8073760/,CC BY 4.0,B,"same individual, complete limb set"
iron_age_anatolian_dog,fore_over_hind_HR_FT,0.927,ratio,,,1,unknown,derived,Yoncatepe grave M5,Onar et al. 2021 Table 5 (ratio computed here),https://pmc.ncbi.nlm.nih.gov/articles/PMC8073760/,CC BY 4.0,B,"same individual, complete limb set"
iron_age_anatolian_dog,radius_over_humerus,1.001,ratio,,,1,unknown,derived,Yoncatepe grave M6,Onar et al. 2021 Table 5 (ratio computed here),https://pmc.ncbi.nlm.nih.gov/articles/PMC8073760/,CC BY 4.0,B,"same individual, complete limb set"
iron_age_anatolian_dog,tibia_over_femur,1.024,ratio,,,1,unknown,derived,Yoncatepe grave M6,Onar et al. 2021 Table 5 (ratio computed here),https://pmc.ncbi.nlm.nih.gov/articles/PMC8073760/,CC BY 4.0,B,"same individual, complete limb set"
iron_age_anatolian_dog,femur_over_humerus,1.069,ratio,,,1,unknown,derived,Yoncatepe grave M6,Onar et al. 2021 Table 5 (ratio computed here),https://pmc.ncbi.nlm.nih.gov/articles/PMC8073760/,CC BY 4.0,B,"same individual, complete limb set"
iron_age_anatolian_dog,ulna_over_radius,1.139,ratio,,,1,unknown,derived,Yoncatepe grave M6,Onar et al. 2021 Table 5 (ratio computed here),https://pmc.ncbi.nlm.nih.gov/articles/PMC8073760/,CC BY 4.0,B,"same individual, complete limb set"
iron_age_anatolian_dog,fore_over_hind_HR_FT,0.925,ratio,,,1,unknown,derived,Yoncatepe grave M6,Onar et al. 2021 Table 5 (ratio computed here),https://pmc.ncbi.nlm.nih.gov/articles/PMC8073760/,CC BY 4.0,B,"same individual, complete limb set"
