key,species,n,formula,CBL,ZB,scapula,humerus,radius,MC3,femur,tibia,MT3,brachial,crural,MT3/femur,FL/HL,ZB/CBL,FL/HBskel,HL/HBskel,CBL/HBskel,rib/HBskel,neck_frac,thorax_frac,lumbar_frac
gray_wolf,Canis lupus,2,7-13-7-3,253.5,142.5,175.5,232.0,236.5,102.8,247.5,258.0,112.0,1.019,1.042,0.453,0.925,0.562,0.527,0.57,0.234,0.219,0.275,0.433,0.292
coyote,Canis latrans,3,7-13-7-3,196.0,102.4,114.0,166.3,170.7,67.8,175.0,188.7,78.1,1.026,1.078,0.446,0.916,0.522,0.505,0.551,0.244,0.205,0.296,0.416,0.288
golden_jackal,Canis aureus,1,7-13-7-3,147.1,92.3,101.7,126.3,123.5,53.9,135.2,140.9,62.2,0.978,1.042,0.46,0.898,0.627,0.451,0.503,0.219,0.2,0.295,0.41,0.295
african_wild_dog,Lycaon pictus,3,7-13-7-3,190.5,131.8,146.2,173.3,188.7,80.2,196.6,205.9,89.0,1.089,1.047,0.453,0.9,0.692,0.474,0.527,0.204,0.233,0.278,0.431,0.291
red_fox,Vulpes vulpes,3,7-13-7-3,130.3,73.6,73.7,112.8,109.1,46.0,117.1,134.4,64.0,0.967,1.148,0.547,0.849,0.565,0.448,0.527,0.218,0.185,0.282,0.415,0.304
spotted_hyena,Crocuta crocuta,2,7-15-5-4,232.2,163.4,185.9,196.8,205.7,91.7,226.0,181.6,85.4,1.045,0.804,0.378,1.002,0.704,0.424,0.423,0.199,0.274,0.299,0.509,0.192
striped_hyena,Hyaena hyaena,1,7-14-5-3,220.6,160.2,164.0,183.0,214.0,76.6,202.0,183.0,84.9,1.169,0.906,0.42,1.008,0.726,0.494,0.49,0.23,0.269,0.32,0.482,0.197
arctic_fox,Vulpes lagopus,3,7-13-7-3,132.1,75.1,73.2,107.8,103.0,41.7,109.1,126.2,54.8,0.955,1.157,0.502,0.87,0.569,0.488,0.561,0.256,0.197,0.265,0.433,0.302
fennec,Vulpes zerda,1,7-13-7-3,85.2,46.5,43.2,71.2,64.9,25.3,70.6,84.5,36.6,0.912,1.197,0.518,0.842,0.546,0.446,0.53,0.236,0.191,0.276,0.417,0.307
maned_wolf,Chrysocyon brachyurus,1,7-13-7-3,218.0,127.8,153.0,253.0,271.0,117.1,271.0,305.0,135.8,1.071,1.125,0.501,0.901,0.586,0.645,0.716,0.219,0.198,0.322,0.403,0.275
dhole,Cuon alpinus,1,7-13-7-3,169.3,106.7,120.0,151.6,139.0,64.1,172.6,170.7,75.8,0.917,0.989,0.439,0.846,0.63,0.412,0.487,0.197,0.224,0.264,0.435,0.301
ethiopian_wolf,Canis simensis,1,7-13-7-3,198.4,98.9,122.2,175.5,175.2,69.8,185.2,191.8,83.7,0.998,1.036,0.452,0.913,0.498,0.487,0.533,0.23,0.199,0.297,0.416,0.287
black_backed_jackal,Canis mesomelas,1,7-13-7-3,146.6,87.2,90.8,130.3,136.5,57.3,138.8,152.8,63.1,1.048,1.101,0.455,0.914,0.595,0.483,0.528,0.218,0.204,0.289,0.423,0.288
side_striped_jackal,Canis adustus,1,7-13-7-3,157.1,84.8,98.8,134.8,135.4,60.7,145.3,147.9,66.7,1.004,1.018,0.459,0.919,0.54,0.488,0.531,0.232,0.197,0.329,0.4,0.27
bat_eared_fox,Otocyon megalotis,2,7-13-7-3,108.8,63.0,67.9,96.3,105.8,41.5,108.2,117.0,54.1,1.099,1.081,0.5,0.872,0.579,0.504,0.578,0.225,0.201,0.295,0.416,0.289
gray_fox,Urocyon cinereoargenteus,3,7-13-7-3,115.2,65.4,64.6,95.9,83.0,37.2,101.2,110.8,50.0,0.865,1.095,0.494,0.825,0.568,0.379,0.46,0.202,0.16,0.29,0.414,0.297
bush_dog,Speothos venaticus,1,7-13-7-3,135.1,83.5,77.9,99.5,82.4,38.2,103.5,94.5,42.3,0.828,0.913,0.409,0.916,0.618,0.381,0.415,0.234,0.185,0.275,0.451,0.273
crab_eating_fox,Cerdocyon thous,2,7-13-7-3,147.1,84.2,89.9,123.0,113.4,52.6,134.7,137.9,61.7,0.922,1.024,0.458,0.864,0.572,0.459,0.531,0.234,0.18,0.282,0.421,0.297
