quantity,value,unit,n,species_breed,method,source,URL,licence,use,confidence,notes
ear_length_notch_to_tip,112,mm (median; IQR 107-116; range 93-137),196,"grey wolf, Israel (C. l. arabs/pallipes type)","GBIF occurrence search, basisOfRecord=PRESERVED_SPECIMEN, parsed dynamicProperties / remarks (ear from notch); adults only; 50-200 mm kept",Steinhardt Museum of Natural History (SMNHTAU) mammal collection via GBIF,https://api.gbif.org/v1/occurrence/search (records listed in ear_records.csv),CC0,absolute ear length for a small southern wolf,A,"ear/head-body 0.105 (IQR 0.099-0.112, n 189); ear/hind foot 0.50 (0.48-0.52, n 193); sex not recorded"
ear_length_notch_to_tip,117,mm (median; IQR 110-124; range 88-145),45,"grey wolf, North America (mostly Wisconsin UWZM, Alaska UAM/UAFMC)","GBIF occurrence search, basisOfRecord=PRESERVED_SPECIMEN, parsed dynamicProperties / remarks (ear from notch); adults only; 50-200 mm kept","UWZM, UAM (CC BY-NC, aggregate only) + UAFMC, MCZ via GBIF",https://api.gbif.org/v1/occurrence/search (records listed in ear_records.csv),"mixed: 42 CC BY-NC (fact only, rows not stored), 3 CC0",ear length for a northern wolf,A,"ear/total length 0.080 (0.075-0.084, n 37); ear/hind foot 0.46 (0.44-0.49, n 37); only the 3 CC0 rows are in ear_records.csv"
ear_height,12.7,cm (mean; range about 11-13),11,"grey wolf, Taimyr, adult males",published field measurements,"Heptner, Naumov et al. Mammals of the Soviet Union Vol II part 1a (English transl. 1998), wolf chapter p. ~183",https://archive.org/details/mammalsofsov211998gept,CC BY-NC-SA (archive.org/BHL scan): fact only,ear/CBL ratio: same males have CBL mean 247.6 mm -> ear/CBL 0.51,A,"females: ear 12.0 cm mean with CBL mean 232.3 mm -> 0.52. Means of the same series, not paired per animal"
ear_height,13.0,cm (average; range 11-19),,"grey wolf, Belovezhsk (Bialowieza) Forest, males",table after Gavrin & Donaurov 1954,"Heptner, Naumov et al. Mammals of the Soviet Union Vol II part 1a (English transl. 1998), wolf chapter",https://archive.org/details/mammalsofsov211998gept,CC BY-NC-SA: fact only,cross-check for the Bialowieza skull 170753 (CBL 244.3): ear/CBL about 0.53,B,females listed 11-12 range with average 13 (OCR; likely typo in source)
ear_height,110-190,"mm (range, all USSR wolves)",,"grey wolf, USSR general",summary statement,"Heptner, Naumov et al. Mammals of the Soviet Union Vol II part 1a (English transl. 1998), wolf chapter",https://archive.org/details/mammalsofsov211998gept,CC BY-NC-SA: fact only,upper bound only,B,190 mm is an extreme; Taimyr means 120-127 mm
ear_height,10-14.5,cm (range),18,"Mongolian wolf C. l. chanco/tschiliensis, males",published field measurements,"Heptner, Naumov et al. Mammals of the Soviet Union Vol II part 1a (English transl. 1998), wolf chapter",https://archive.org/details/mammalsofsov211998gept,CC BY-NC-SA: fact only,small steppe wolf comparison,B,females 9.5-13 cm (n 8)
ear_length_ext_canal_to_tip,11.0,cm (mean +- 0.6; range 9.0-12.9),445,"red wolf (C. rufus), North Carolina, live-caught","live animals, edge of external auditory canal to ear tip","Hinton, West, Sullivan, Frair & Chamberlain 2022, BMC Zoology 7:21, Table 2",https://europepmc.org/article/PMC/PMC10127370,CC BY 4.0,ear vs body size for a small wolf; shoulder height 67.2 cm -> ear/shoulder 0.164,A,"males 11.3, females 10.7 cm"
ear_length_ext_canal_to_tip,9.9,cm (mean +- 0.6; range 8.0-12.8),237,"coyote, grey, North Carolina, live-caught",as above,"Hinton, West, Sullivan, Frair & Chamberlain 2022, BMC Zoology 7:21, Table 2",https://europepmc.org/article/PMC/PMC10127370,CC BY 4.0,coyote comparison; shoulder 56.3 cm -> ear/shoulder 0.176,A,coyotes have relatively larger ears than red wolves (Table 2)
ear_length_notch_to_tip,110,mm (median; IQR 103-117),141,"coyote, North America","GBIF occurrence search, basisOfRecord=PRESERVED_SPECIMEN, parsed dynamicProperties / remarks (ear from notch); adults only; 50-200 mm kept","LACM, HSU, UCM, CAS, UAFMC, UCONN (CC0), UWSP (CC BY), MCZ/UAM (CC BY-NC aggregate)",https://api.gbif.org/v1/occurrence/search (records listed in ear_records.csv),mixed; CC0/CC BY rows (n 102) stored,coyote comparison,A,"ear/hind foot 0.60 (0.55-0.64, n 119): coyote ears are relatively longer than wolf or dingo ears; ear/total 0.096. Two outliers 175 and 190 mm kept (medians unaffected)"
ear_length_notch_to_tip,79,mm (median; IQR 76-82),185,"golden jackal, Israel","GBIF occurrence search, basisOfRecord=PRESERVED_SPECIMEN, parsed dynamicProperties / remarks (ear from notch); adults only; 50-200 mm kept",SMNHTAU via GBIF,https://api.gbif.org/v1/occurrence/search (records listed in ear_records.csv),CC0,small Canis comparison,A,ear/head-body 0.101; ear/hind foot 0.48
ear_height,"6.7-10 (males, n 8); 7.1-9.1 (females, n 15)",cm,23,"golden jackal, southern Tajikistan",published field measurements,"Heptner, Naumov et al. Mammals of the Soviet Union Vol II part 1a (English transl. 1998), wolf chapter, jackal chapter",https://archive.org/details/mammalsofsov211998gept,CC BY-NC-SA: fact only,cross-check of the SMNHTAU jackal median,B,
ear_length_notch_to_tip,100; 90,mm (two individuals),2,"dingo, wild males, 319 km WSW of Cunnamulla, Queensland",museum field label T-T-HF-E,"LACM via GBIF occurrences 1065354700, 1065381998",https://www.gbif.org/occurrence/1065354700,CC0,dingo absolute ear length,A (n 2),ear/hind foot 0.48 and 0.46: same proportion as the wolf; already in missingfound/dingo-limb-bones
ear_length_over_CBL,0.53,ratio,2,dingo,"LACM ear 95 mm mean / dingo CBL mean 176.9 mm (Crowther et al. 2014, n 63, already in fetched/07-dingo)",derived,https://doi.org/10.1111/jzo.12134,derived from CC0 + fact,dingo ear length in the skull frame,EST,"different animals; LACM males are probably above the CBL mean, so 0.50-0.54"
ear_length_over_CBL,0.47-0.52,ratio,,grey wolf,"Taimyr means (0.51 m, 0.52 f) and NA median 117 mm / wolf.yaml CBL 253.5 (0.46); Bialowieza 130/244.3 = 0.53",derived from rows above,,derived,wolf ear length in the skull frame: use 0.50,B,
ear_len_over_earbase_to_nose,0.356,ratio (median; IQR 0.326-0.419),55,wolf (AwA-Pose photos),"ear base kp to ear tip kp / ear base to nose kp; profile heads (|dx| >= 1.3|dy| between ear base and nose, as in ref/research/ear-angles)","AwA-Pose keypoints (ref/awa-pose/canids.json), Banik et al. 2021",https://github.com/prinik/AwA-Pose,MIT,visible-ear length vs head length in 2D photos,B,"2D projection, mixed poses; same method gives German shepherd 0.497 (n 146), red fox 0.483 (n 81), collie 0.396"
ear_len_over_earbase_to_nose,basenji 0.319 (n 34); Norwegian elkhound 0.292 (45); malamute 0.305 (25); Siberian husky 0.309 (7); Eskimo dog 0.355 (12); kelpie 0.335 (12); German shepherd 0.447 (14); Ibizan hound 0.493 (48),ratio (median),,StanfordExtra breeds,as above; visible ear base and tip only (v=1),"StanfordExtra v12 keypoints+outlines (ref/research/fetched/02-outline-landmarks/data.json), Biggs et al. 2020",https://github.com/benjiebob/StanfordExtra,MIT,pariah / spitz stand-ins for the dingo and Carolina Dog,B,"dingo: 0 usable ears (ear tips unlabelled or NaN in all 108 dingo entries); dhole 0; African hunting dog 2 ears (0.89, 1.00)"
ear_base_keypoint_position_wolf_frame,"(-0.948, -0.358)","CBL, x fwd, y down, origin prosthion (median; IQR x -1.045..-0.862, y -0.596..-0.266)",150,"wolf (AwA-Pose, 83 profile heads)","2D similarity transform per photo: visible eye -> orbit centre EST (-0.496,-0.228), nose kp -> nose skin tip (0.071,-0.090) from Ellenberger T3; one-eye-labelled heads only; ears whose base maps in front of the eye dropped","AwA-Pose keypoints (ref/awa-pose/canids.json), Banik et al. 2021",https://github.com/prinik/AwA-Pose,MIT,where the ear leaves the head outline in a side view,C,"strict profile subset (both ear bases close, n 62 ears): (-0.919, -0.428). Relative to the hinge (-0.754,-0.028): 0.17-0.19 behind, 0.33-0.40 above; to orbit centre: 0.42-0.45 behind, 0.13-0.20 above; to akrokranion (-1.034,-0.293): 0.09-0.12 ahead, 0.07-0.14 above (on the fur/skin outline)"
ear_tip_keypoint_position_wolf_frame,"(-1.044, -0.691)","CBL (median; IQR x -1.273..-0.891, y -0.828..-0.538)",144,wolf (AwA-Pose),as above,"AwA-Pose keypoints (ref/awa-pose/canids.json), Banik et al. 2021",https://github.com/prinik/AwA-Pose,MIT,tip position for a relaxed-to-alert ear,C,"strict subset (-0.947, -0.717)"
visible_ear_length_keypoints_wolf_frame,0.328,CBL (median; IQR 0.250-0.389),144,wolf (AwA-Pose),distance ear base kp to ear tip kp after the transform,"AwA-Pose keypoints (ref/awa-pose/canids.json), Banik et al. 2021",https://github.com/prinik/AwA-Pose,MIT,"visible length above the head outline, foreshortened",C,"museum notch-to-tip is about 0.50 CBL; the keypoint length is shorter because the base kp sits where the pinna meets the head outline and ears are often turned. Fox 0.46, German shepherd 0.49"
ear_angle_from_palate_axis,108.9,deg (median; IQR 92.8-133.9),144,wolf (AwA-Pose),"angle at ear base from the forward palate (+x) axis to the ear line, up positive, after transform","AwA-Pose keypoints (ref/awa-pose/canids.json), Banik et al. 2021",https://github.com/prinik/AwA-Pose,MIT,consistency check with ref/research/ear-angles (126-148 deg from the base-to-nose line),C,"the base-to-nose line in this frame points about 15 deg below the palate axis, so 109 + 15 = 124 deg from the base-to-nose line"
ear_base_centre_on_plate,"(-0.890, -0.314); front (-0.796, -0.342); rear (-0.983, -0.286)","CBL, wolf frame",1,"large short-coated dog (Great Dane type, cropped ears; base not changed by cropping)","plate px read on 3x gridded crop; plate mapped to wolf frame by prosthion (204,650)->(0,0) and jaw hinge (655,535 EST +-10 px)->(-0.7537,-0.0284); scale 617 px per CBL","Ellenberger, Baum, Dittrich & Muench, Handbuch der Anatomie der Tiere fuer Kuenstler: Der Hund, Tafel 3 (skeleton in body outline)",https://search.library.wisc.edu/digital/AHFYCAGUWKQA5Y83,Public domain (pre-1931; UWDC No Known Copyright),ear base sits directly above the external ear canal,B,"external acoustic meatus on the same plate maps to (-0.838, -0.019): the ear base centre is straight above it"
ear_base_width_side_view,0.195,CBL (front-to-rear along the head outline),1,Great Dane type (Ellenberger T3),distance between ear base front and rear points above,"Ellenberger, Baum, Dittrich & Muench, Handbuch der Anatomie der Tiere fuer Kuenstler: Der Hund, Tafel 3 (skeleton in body outline)",https://search.library.wisc.edu/digital/AHFYCAGUWKQA5Y83,Public domain,ear base width for drawing,B,= 48 mm on a 244 mm-CBL wolf; ear base width / museum ear length = 0.39 for a wolf ear of 0.50 CBL
ear_side_view_width_profile,t=0.25: 0.935; t=0.5: 0.713; t=0.75: 0.507; t=0.9: 0.373,width / visible ear length (median),73-127 per station,"prick-eared StanfordExtra breeds pooled (basenji, malamute, Siberian husky, Eskimo dog, Norwegian elkhound, German shepherd, kelpie, Ibizan hound)",width of the silhouette outline perpendicular to the ear axis at fraction t from base kp to tip kp,"StanfordExtra v12 keypoints+outlines (ref/research/fetched/02-outline-landmarks/data.json), Biggs et al. 2020",https://github.com/benjiebob/StanfordExtra,MIT,side-view ear outline template,C,basenji: 0.81/0.68/0.51/0.38; elkhound 0.98/0.85/0.60/0.46; GSD 0.89/0.70/0.50/0.41. Mixed views (ears often 3/4 to the camera) widen these. Outline simplified at 0.4% of bbox diagonal
ear_front_share_of_width,t=0.25: 0.425; t=0.5: 0.316; t=0.75: 0.259; t=0.9: 0.202,front (nose-side) half-width / visible ear length (median),73-127,same pool,part of the width on the nose side of the base-tip axis,"StanfordExtra v12 keypoints+outlines (ref/research/fetched/02-outline-landmarks/data.json), Biggs et al. 2020",https://github.com/benjiebob/StanfordExtra,MIT,"front edge nearly straight, rear edge convex",C,rear half-width = total - front: 0.51 / 0.40 / 0.25 / 0.17
ear_tip_bluntness_w90_over_w50,basenji 0.56; elkhound 0.54; GSD 0.59; pooled 0.52,ratio,,StanfordExtra prick-eared breeds,w90/w50; an ideal straight-sided triangle gives 0.2,"StanfordExtra v12 keypoints+outlines (ref/research/fetched/02-outline-landmarks/data.json), Biggs et al. 2020",https://github.com/benjiebob/StanfordExtra,MIT,tip roundness,C,all breeds read as blunt/rounded tips by this crude measure; keypoint tip placement and outline simplification both inflate it
ear_tip_shape,wolf ears shorter relative to the head and more rounded at the tip than coyote ears (pointed),text,,grey wolf vs coyote,field identification guide,"International Wolf Center, ""Was that a wolf?""",https://wolf.org/wolf-info/basic-wolf-info/was-that-a-wolf/,copyright: fact only,tip shape: rounded for wolf,B,consistent with the museum ratios: coyote ear/hind foot 0.60 vs wolf 0.46-0.50
ear_shape,"Carolina Dog: ears mobile, slightly rounded at the tip, triangular with a wide base, tapering; carried upright when alert, offset slightly and leaning slightly forward and outward; can rotate back along the neck",text,,Carolina Dog (breed standard),breed standard,"United Kennel Club, Carolina Dog standard, revised 2 Jan 2023",https://www.ukcdogs.com/docs/breeds/carolina-dog-ukc.pdf,copyright: paraphrased fact only,hero ear shape,A (as a standard; not a measurement),"eyes almond-shaped, outer corner higher than inner; muzzle about equal to cranium length; stop slight but distinct"
ear_shape,"dingo: relatively broad head and erect ears (Australian Museum); ""erect pointed ears"" is the usual summary of Corbett, and some secondary sources say the tips are rounded",text,,dingo,secondary summaries of Corbett 2001/2003,"Australian Museum, Dingo (Canis lupus dingo) page; Corbett via secondary summaries",https://australian.museum/learn/animals/mammals/dingo/,copyright: fact only,dingo ear shape,C,Australian Museum page checked 2026-10-07: no ear measurements; tip shape not confirmed from a primary source
ear_shape,jackal (C. aureus): ears erect but blunter than a fox's,text,,golden jackal,field characteristics,"Heptner, Naumov et al. Mammals of the Soviet Union Vol II part 1a (English transl. 1998), wolf chapter",https://archive.org/details/mammalsofsov211998gept,CC BY-NC-SA: fact only,comparison,B,
