joint,type,parent,child,coordinate,kind,axis,default_rad,default_deg,range_min,range_max,range_min_deg,range_max_deg,clamped,locked,loc_in_parent_x,loc_in_parent_y,loc_in_parent_z,orient_in_parent_deg
GndtoBod,CustomJoint,ground,Body,Gnd_Rx,rotational,1 0 0,0.0,0.0,-3.14159265359,3.14159265359,-180.0,180.0,true,false,0.0,0.0,0.0,0.0 0.0 0.0
GndtoBod,CustomJoint,ground,Body,Gnd_Ry,rotational,0 1 0,0.0,0.0,-3.14159265359,3.14159265359,-180.0,180.0,true,false,0.0,0.0,0.0,0.0 0.0 0.0
GndtoBod,CustomJoint,ground,Body,Gnd_Rz,rotational,0 0 1,0.0,0.0,-3.14159265359,3.14159265359,-180.0,180.0,true,false,0.0,0.0,0.0,0.0 0.0 0.0
GndtoBod,CustomJoint,ground,Body,Gnd_Tx,translational,1 0 0,0.0,,-10.0,10.0,,,true,false,0.0,0.0,0.0,0.0 0.0 0.0
GndtoBod,CustomJoint,ground,Body,Gnd_Ty,translational,0 1 0,0.0,,-10.0,10.0,,,true,false,0.0,0.0,0.0,0.0 0.0 0.0
GndtoBod,CustomJoint,ground,Body,Gnd_Tz,translational,0 0 1,0.675,,-10.0,10.0,,,true,false,0.0,0.0,0.0,0.0 0.0 0.0
Hip,CustomJoint,Body,Thigh,Hip_Rx,rotational,1 0 0,0.0,0.0,-0.2617994,0.7853982,-15.0,45.0,true,false,-0.02179143,0.03598182,-0.0810486,0.0 0.0 0.0
Hip,CustomJoint,Body,Thigh,Hip_Ry,rotational,0 1 0,-0.523599,-30.0,-2.0943951,0.610866,-120.0,35.0,true,false,-0.02179143,0.03598182,-0.0810486,0.0 0.0 0.0
Hip,CustomJoint,Body,Thigh,Hip_Rz,rotational,0 0 1,0.0,0.0,-0.5235988,0.698131701,-30.0,40.0,true,false,-0.02179143,0.03598182,-0.0810486,0.0 0.0 0.0
Knee,CustomJoint,Thigh,Shank,Knee_Rx,rotational,1 0 0,0.0,0.0,-0.08727,0.08727,-5.0,5.0,true,true,0.00167498,0.01187438,-0.1855383,0.0 0.0 0.0
Knee,CustomJoint,Thigh,Shank,Knee_Ry,rotational,0 1 0,0.872664626,50.0,-0.0,2.35619449,-0.0,135.0,true,false,0.00167498,0.01187438,-0.1855383,0.0 0.0 0.0
Knee,CustomJoint,Thigh,Shank,Knee_Rz,rotational,0 0 1,0.0,0.0,-0.08727,0.08727,-5.0,5.0,true,true,0.00167498,0.01187438,-0.1855383,0.0 0.0 0.0
Ankle,CustomJoint,Shank,Foot,Ankle_Rx,rotational,1 0 0,0.0,0.0,-0.08727,0.08727,-5.0,5.0,true,true,0.00196232,-0.0151506,-0.197942,0.0 0.0 0.0
Ankle,CustomJoint,Shank,Foot,Ankle_Ry,rotational,0 1 0,-0.7854,-45.0,-2.35619449,-0.2618,-135.0,-15.0,true,false,0.00196232,-0.0151506,-0.197942,0.0 0.0 0.0
Ankle,CustomJoint,Shank,Foot,Ankle_Rz,rotational,0 0 1,0.0,0.0,-0.08727,0.08727,-5.0,5.0,true,true,0.00196232,-0.0151506,-0.197942,0.0 0.0 0.0
