joint,type,parent,child,loc_in_parent_x,loc_in_parent_y,loc_in_parent_z,ori_in_parent_x_rad,ori_in_parent_y_rad,ori_in_parent_z_rad,loc_in_child_x,loc_in_child_y,loc_in_child_z,ori_in_child_x_rad,ori_in_child_y_rad,ori_in_child_z_rad,transform_axis,axis_x,axis_y,axis_z,coordinate,function,centre_global_x,centre_global_y,centre_global_z,centre_side_x_m,centre_side_y_m
ground_thorax,CustomJoint,ground,thorax,0.0,0.0,0.0,-0.0,0.0,-0.0,0.0,0.0,0.0,-0.0,0.0,-0.0,rotation1,1.0,0.0,0.0,thorax_sagittal,linear(1 0),0.0,-0.1,0.23,0.1,-0.23
ground_thorax,CustomJoint,ground,thorax,0.0,0.0,0.0,-0.0,0.0,-0.0,0.0,0.0,0.0,-0.0,0.0,-0.0,rotation2,0.0,1.0,0.0,thorax_frontal,linear(1 0),0.0,-0.1,0.23,0.1,-0.23
ground_thorax,CustomJoint,ground,thorax,0.0,0.0,0.0,-0.0,0.0,-0.0,0.0,0.0,0.0,-0.0,0.0,-0.0,rotation3,0.0,0.0,1.0,thorax_horizontal,linear(1 0),0.0,-0.1,0.23,0.1,-0.23
ground_thorax,CustomJoint,ground,thorax,0.0,0.0,0.0,-0.0,0.0,-0.0,0.0,0.0,0.0,-0.0,0.0,-0.0,translation1,1.0,0.0,0.0,thorax_transx,linear(1 0),0.0,-0.1,0.23,0.1,-0.23
ground_thorax,CustomJoint,ground,thorax,0.0,0.0,0.0,-0.0,0.0,-0.0,0.0,0.0,0.0,-0.0,0.0,-0.0,translation2,0.0,1.0,0.0,thorax_transy,linear(1 0),0.0,-0.1,0.23,0.1,-0.23
ground_thorax,CustomJoint,ground,thorax,0.0,0.0,0.0,-0.0,0.0,-0.0,0.0,0.0,0.0,-0.0,0.0,-0.0,translation3,0.0,0.0,1.0,thorax_transz,linear(1 0),0.0,-0.1,0.23,0.1,-0.23
thorax_cervix,CustomJoint,thorax,cervix,0.0,-0.1736,0.064,-0.0,0.0,-0.0,0.0,0.0,0.0,-0.0,0.0,-0.0,rotation1,1.0,0.0,0.0,cervix_sagittal,linear(1 0),0.0,-0.276712,0.284827,0.276712,-0.284827
thorax_cervix,CustomJoint,thorax,cervix,0.0,-0.1736,0.064,-0.0,0.0,-0.0,0.0,0.0,0.0,-0.0,0.0,-0.0,rotation2,0.0,1.0,0.0,cervix_frontal,linear(1 0),0.0,-0.276712,0.284827,0.276712,-0.284827
thorax_cervix,CustomJoint,thorax,cervix,0.0,-0.1736,0.064,-0.0,0.0,-0.0,0.0,0.0,0.0,-0.0,0.0,-0.0,rotation3,0.0,0.0,1.0,cervix_horizontal,linear(1 0),0.0,-0.276712,0.284827,0.276712,-0.284827
thorax_cervix,CustomJoint,thorax,cervix,0.0,-0.1736,0.064,-0.0,0.0,-0.0,0.0,0.0,0.0,-0.0,0.0,-0.0,translation1,1.0,0.0,0.0,,x0.8 const(0),0.0,-0.276712,0.284827,0.276712,-0.284827
thorax_cervix,CustomJoint,thorax,cervix,0.0,-0.1736,0.064,-0.0,0.0,-0.0,0.0,0.0,0.0,-0.0,0.0,-0.0,translation2,0.0,1.0,0.0,,x0.8 const(0),0.0,-0.276712,0.284827,0.276712,-0.284827
thorax_cervix,CustomJoint,thorax,cervix,0.0,-0.1736,0.064,-0.0,0.0,-0.0,0.0,0.0,0.0,-0.0,0.0,-0.0,translation3,0.0,0.0,1.0,,x0.8 const(0),0.0,-0.276712,0.284827,0.276712,-0.284827
cervix_caput,CustomJoint,cervix,caput,0.005592,-0.142,0.03324232,-0.0,0.0,-0.0,0.0,0.0,0.0,-0.0,0.0,-0.0,rotation1,1.0,0.0,0.0,caput_sagittal,linear(1 0),0.005592,-0.413602,0.335127,0.413602,-0.335127
cervix_caput,CustomJoint,cervix,caput,0.005592,-0.142,0.03324232,-0.0,0.0,-0.0,0.0,0.0,0.0,-0.0,0.0,-0.0,rotation2,0.0,1.0,0.0,caput_frontal,linear(1 0),0.005592,-0.413602,0.335127,0.413602,-0.335127
cervix_caput,CustomJoint,cervix,caput,0.005592,-0.142,0.03324232,-0.0,0.0,-0.0,0.0,0.0,0.0,-0.0,0.0,-0.0,rotation3,0.0,0.0,1.0,caput_horizontal,linear(1 0),0.005592,-0.413602,0.335127,0.413602,-0.335127
cervix_caput,CustomJoint,cervix,caput,0.005592,-0.142,0.03324232,-0.0,0.0,-0.0,0.0,0.0,0.0,-0.0,0.0,-0.0,translation1,1.0,0.0,0.0,,x0.8 const(0),0.005592,-0.413602,0.335127,0.413602,-0.335127
cervix_caput,CustomJoint,cervix,caput,0.005592,-0.142,0.03324232,-0.0,0.0,-0.0,0.0,0.0,0.0,-0.0,0.0,-0.0,translation2,0.0,1.0,0.0,,x0.8 const(0),0.005592,-0.413602,0.335127,0.413602,-0.335127
cervix_caput,CustomJoint,cervix,caput,0.005592,-0.142,0.03324232,-0.0,0.0,-0.0,0.0,0.0,0.0,-0.0,0.0,-0.0,translation3,0.0,0.0,1.0,,x0.8 const(0),0.005592,-0.413602,0.335127,0.413602,-0.335127
thorax_abdomen,CustomJoint,thorax,abdomen,0.0,0.0384,0.12872,-0.0,0.0,-0.0,0.0,0.0,0.0,-0.0,0.0,-0.0,rotation1,1.0,0.0,0.0,abdomen_sagittal,linear(1 0),0.0,-0.068389,0.360553,0.068389,-0.360553
thorax_abdomen,CustomJoint,thorax,abdomen,0.0,0.0384,0.12872,-0.0,0.0,-0.0,0.0,0.0,0.0,-0.0,0.0,-0.0,rotation2,0.0,1.0,0.0,abdomen_frontal,linear(1 0),0.0,-0.068389,0.360553,0.068389,-0.360553
thorax_abdomen,CustomJoint,thorax,abdomen,0.0,0.0384,0.12872,-0.0,0.0,-0.0,0.0,0.0,0.0,-0.0,0.0,-0.0,rotation3,0.0,0.0,1.0,abdomen_horizontal,linear(1 0),0.0,-0.068389,0.360553,0.068389,-0.360553
thorax_abdomen,CustomJoint,thorax,abdomen,0.0,0.0384,0.12872,-0.0,0.0,-0.0,0.0,0.0,0.0,-0.0,0.0,-0.0,translation1,1.0,0.0,0.0,,x0.8 const(0),0.0,-0.068389,0.360553,0.068389,-0.360553
thorax_abdomen,CustomJoint,thorax,abdomen,0.0,0.0384,0.12872,-0.0,0.0,-0.0,0.0,0.0,0.0,-0.0,0.0,-0.0,translation2,0.0,1.0,0.0,,x0.8 const(0),0.0,-0.068389,0.360553,0.068389,-0.360553
thorax_abdomen,CustomJoint,thorax,abdomen,0.0,0.0384,0.12872,-0.0,0.0,-0.0,0.0,0.0,0.0,-0.0,0.0,-0.0,translation3,0.0,0.0,1.0,,x0.8 const(0),0.0,-0.068389,0.360553,0.068389,-0.360553
abdomen_cauda,CustomJoint,abdomen,cauda,0.0,0.1648,-0.01032,-0.0,0.0,-0.0,0.0,0.0,0.0,-0.0,0.0,-0.0,rotation1,1.0,0.0,0.0,cauda_sagittal,linear(1 0),0.0,0.096725,0.358872,-0.096725,-0.358872
abdomen_cauda,CustomJoint,abdomen,cauda,0.0,0.1648,-0.01032,-0.0,0.0,-0.0,0.0,0.0,0.0,-0.0,0.0,-0.0,rotation2,0.0,1.0,0.0,cauda_frontal,linear(1 0),0.0,0.096725,0.358872,-0.096725,-0.358872
abdomen_cauda,CustomJoint,abdomen,cauda,0.0,0.1648,-0.01032,-0.0,0.0,-0.0,0.0,0.0,0.0,-0.0,0.0,-0.0,rotation3,0.0,0.0,1.0,cauda_horizontal,linear(1 0),0.0,0.096725,0.358872,-0.096725,-0.358872
abdomen_cauda,CustomJoint,abdomen,cauda,0.0,0.1648,-0.01032,-0.0,0.0,-0.0,0.0,0.0,0.0,-0.0,0.0,-0.0,translation1,1.0,0.0,0.0,,x0.8 const(0),0.0,0.096725,0.358872,-0.096725,-0.358872
abdomen_cauda,CustomJoint,abdomen,cauda,0.0,0.1648,-0.01032,-0.0,0.0,-0.0,0.0,0.0,0.0,-0.0,0.0,-0.0,translation2,0.0,1.0,0.0,,x0.8 const(0),0.0,0.096725,0.358872,-0.096725,-0.358872
abdomen_cauda,CustomJoint,abdomen,cauda,0.0,0.1648,-0.01032,-0.0,0.0,-0.0,0.0,0.0,0.0,-0.0,0.0,-0.0,translation3,0.0,0.0,1.0,,x0.8 const(0),0.0,0.096725,0.358872,-0.096725,-0.358872
thorax_left_scapula,CustomJoint,thorax,left_scapula,0.0,0.0,0.0,-0.0,0.0,-0.0,0.0,0.0,0.0,-0.0,0.0,-0.0,rotation1,1.0,0.0,0.0,left_r_m_superioris_sagittal,linear(1 0),0.06561,-0.288506,0.330272,0.288506,-0.330272
thorax_left_scapula,CustomJoint,thorax,left_scapula,0.0,0.0,0.0,-0.0,0.0,-0.0,0.0,0.0,0.0,-0.0,0.0,-0.0,rotation2,0.0,1.0,0.0,left_r_m_superioris_frontal,linear(1 0),0.06561,-0.288506,0.330272,0.288506,-0.330272
thorax_left_scapula,CustomJoint,thorax,left_scapula,0.0,0.0,0.0,-0.0,0.0,-0.0,0.0,0.0,0.0,-0.0,0.0,-0.0,rotation3,0.0,0.0,1.0,left_r_m_superioris_horizontal,linear(1 0),0.06561,-0.288506,0.330272,0.288506,-0.330272
thorax_left_scapula,CustomJoint,thorax,left_scapula,0.0,0.0,0.0,-0.0,0.0,-0.0,0.0,0.0,0.0,-0.0,0.0,-0.0,translation1,1.0,0.0,0.0,left_r_m_superioris_transx,linear(1 0),0.06561,-0.288506,0.330272,0.288506,-0.330272
thorax_left_scapula,CustomJoint,thorax,left_scapula,0.0,0.0,0.0,-0.0,0.0,-0.0,0.0,0.0,0.0,-0.0,0.0,-0.0,translation2,0.0,1.0,0.0,left_r_m_superioris_transy,linear(1 0),0.06561,-0.288506,0.330272,0.288506,-0.330272
thorax_left_scapula,CustomJoint,thorax,left_scapula,0.0,0.0,0.0,-0.0,0.0,-0.0,0.0,0.0,0.0,-0.0,0.0,-0.0,translation3,0.0,0.0,1.0,left_r_m_superioris_transz,linear(1 0),0.06561,-0.288506,0.330272,0.288506,-0.330272
left_scapula_left_humerus,CustomJoint,left_scapula,left_humerus,0.0,0.0,-0.0707901066816,-0.0,0.0,-0.0,0.0,0.0,0.0,-0.0,0.0,-0.0,rotation1,1.0,0.0,0.0,left_r_deltoidea_sagittal,linear(1 0),0.069068,-0.298224,0.260237,0.298224,-0.260237
left_scapula_left_humerus,CustomJoint,left_scapula,left_humerus,0.0,0.0,-0.0707901066816,-0.0,0.0,-0.0,0.0,0.0,0.0,-0.0,0.0,-0.0,rotation2,0.0,1.0,0.0,left_r_deltoidea_frontal,linear(1 0),0.069068,-0.298224,0.260237,0.298224,-0.260237
left_scapula_left_humerus,CustomJoint,left_scapula,left_humerus,0.0,0.0,-0.0707901066816,-0.0,0.0,-0.0,0.0,0.0,0.0,-0.0,0.0,-0.0,rotation3,0.0,0.0,1.0,left_r_deltoidea_horizontal,linear(1 0),0.069068,-0.298224,0.260237,0.298224,-0.260237
left_scapula_left_humerus,CustomJoint,left_scapula,left_humerus,0.0,0.0,-0.0707901066816,-0.0,0.0,-0.0,0.0,0.0,0.0,-0.0,0.0,-0.0,translation1,1.0,0.0,0.0,,x0.6 const(0),0.069068,-0.298224,0.260237,0.298224,-0.260237
left_scapula_left_humerus,CustomJoint,left_scapula,left_humerus,0.0,0.0,-0.0707901066816,-0.0,0.0,-0.0,0.0,0.0,0.0,-0.0,0.0,-0.0,translation2,0.0,1.0,0.0,,x0.6 const(0),0.069068,-0.298224,0.260237,0.298224,-0.260237
left_scapula_left_humerus,CustomJoint,left_scapula,left_humerus,0.0,0.0,-0.0707901066816,-0.0,0.0,-0.0,0.0,0.0,0.0,-0.0,0.0,-0.0,translation3,0.0,0.0,1.0,,x0.6 const(0),0.069068,-0.298224,0.260237,0.298224,-0.260237
left_humerus_left_antebrachium,CustomJoint,left_humerus,left_antebrachium,0.0,0.0,-0.0877513893222,-0.0,0.0,-0.0,0.0,0.0,0.0,-0.0,0.0,-0.0,rotation1,1.0,0.0,0.0,left_r_cubitalis_sagittal,linear(1 0),0.072173,-0.236164,0.198276,0.236164,-0.198276
left_humerus_left_antebrachium,CustomJoint,left_humerus,left_antebrachium,0.0,0.0,-0.0877513893222,-0.0,0.0,-0.0,0.0,0.0,0.0,-0.0,0.0,-0.0,rotation2,0.0,1.0,0.0,left_r_cubitalis_frontal,linear(1 0),0.072173,-0.236164,0.198276,0.236164,-0.198276
left_humerus_left_antebrachium,CustomJoint,left_humerus,left_antebrachium,0.0,0.0,-0.0877513893222,-0.0,0.0,-0.0,0.0,0.0,0.0,-0.0,0.0,-0.0,rotation3,0.0,0.0,1.0,left_r_cubitalis_horizontal,linear(1 0),0.072173,-0.236164,0.198276,0.236164,-0.198276
left_humerus_left_antebrachium,CustomJoint,left_humerus,left_antebrachium,0.0,0.0,-0.0877513893222,-0.0,0.0,-0.0,0.0,0.0,0.0,-0.0,0.0,-0.0,translation1,1.0,0.0,0.0,,x0.6 const(0),0.072173,-0.236164,0.198276,0.236164,-0.198276
left_humerus_left_antebrachium,CustomJoint,left_humerus,left_antebrachium,0.0,0.0,-0.0877513893222,-0.0,0.0,-0.0,0.0,0.0,0.0,-0.0,0.0,-0.0,translation2,0.0,1.0,0.0,,x0.6 const(0),0.072173,-0.236164,0.198276,0.236164,-0.198276
left_humerus_left_antebrachium,CustomJoint,left_humerus,left_antebrachium,0.0,0.0,-0.0877513893222,-0.0,0.0,-0.0,0.0,0.0,0.0,-0.0,0.0,-0.0,translation3,0.0,0.0,1.0,,x0.6 const(0),0.072173,-0.236164,0.198276,0.236164,-0.198276
left_antebrachium_left_carpus,CustomJoint,left_antebrachium,left_carpus,0.0,0.0,-0.1158556907016,-0.0,0.0,-0.0,0.0,0.0,0.0,-0.0,0.0,-0.0,rotation1,1.0,0.0,0.0,left_r_carpalis_sagittal,linear(1 0),0.071655,-0.245542,0.082801,0.245542,-0.082801
left_antebrachium_left_carpus,CustomJoint,left_antebrachium,left_carpus,0.0,0.0,-0.1158556907016,-0.0,0.0,-0.0,0.0,0.0,0.0,-0.0,0.0,-0.0,rotation2,0.0,1.0,0.0,left_r_carpalis_frontal,linear(1 0),0.071655,-0.245542,0.082801,0.245542,-0.082801
left_antebrachium_left_carpus,CustomJoint,left_antebrachium,left_carpus,0.0,0.0,-0.1158556907016,-0.0,0.0,-0.0,0.0,0.0,0.0,-0.0,0.0,-0.0,rotation3,0.0,0.0,1.0,left_r_carpalis_horizontal,linear(1 0),0.071655,-0.245542,0.082801,0.245542,-0.082801
left_antebrachium_left_carpus,CustomJoint,left_antebrachium,left_carpus,0.0,0.0,-0.1158556907016,-0.0,0.0,-0.0,0.0,0.0,0.0,-0.0,0.0,-0.0,translation1,1.0,0.0,0.0,,x0.6 const(0),0.071655,-0.245542,0.082801,0.245542,-0.082801
left_antebrachium_left_carpus,CustomJoint,left_antebrachium,left_carpus,0.0,0.0,-0.1158556907016,-0.0,0.0,-0.0,0.0,0.0,0.0,-0.0,0.0,-0.0,translation2,0.0,1.0,0.0,,x0.6 const(0),0.071655,-0.245542,0.082801,0.245542,-0.082801
left_antebrachium_left_carpus,CustomJoint,left_antebrachium,left_carpus,0.0,0.0,-0.1158556907016,-0.0,0.0,-0.0,0.0,0.0,0.0,-0.0,0.0,-0.0,translation3,0.0,0.0,1.0,,x0.6 const(0),0.071655,-0.245542,0.082801,0.245542,-0.082801
left_carpus_left_forepaw,CustomJoint,left_carpus,left_forepaw,0.0,0.0,-0.0601727460234,-0.0,0.0,-0.0,0.0,0.0,0.0,-0.0,0.0,-0.0,rotation1,1.0,0.0,0.0,left_r_forepaw_sagittal,linear(1 0),0.070405,-0.285673,0.037983,0.285673,-0.037983
left_carpus_left_forepaw,CustomJoint,left_carpus,left_forepaw,0.0,0.0,-0.0601727460234,-0.0,0.0,-0.0,0.0,0.0,0.0,-0.0,0.0,-0.0,rotation2,0.0,1.0,0.0,left_r_forepaw_frontal,linear(1 0),0.070405,-0.285673,0.037983,0.285673,-0.037983
left_carpus_left_forepaw,CustomJoint,left_carpus,left_forepaw,0.0,0.0,-0.0601727460234,-0.0,0.0,-0.0,0.0,0.0,0.0,-0.0,0.0,-0.0,rotation3,0.0,0.0,1.0,left_r_forepaw_horizontal,linear(1 0),0.070405,-0.285673,0.037983,0.285673,-0.037983
left_carpus_left_forepaw,CustomJoint,left_carpus,left_forepaw,0.0,0.0,-0.0601727460234,-0.0,0.0,-0.0,0.0,0.0,0.0,-0.0,0.0,-0.0,translation1,1.0,0.0,0.0,,x0.6 const(0),0.070405,-0.285673,0.037983,0.285673,-0.037983
left_carpus_left_forepaw,CustomJoint,left_carpus,left_forepaw,0.0,0.0,-0.0601727460234,-0.0,0.0,-0.0,0.0,0.0,0.0,-0.0,0.0,-0.0,translation2,0.0,1.0,0.0,,x0.6 const(0),0.070405,-0.285673,0.037983,0.285673,-0.037983
left_carpus_left_forepaw,CustomJoint,left_carpus,left_forepaw,0.0,0.0,-0.0601727460234,-0.0,0.0,-0.0,0.0,0.0,0.0,-0.0,0.0,-0.0,translation3,0.0,0.0,1.0,,x0.6 const(0),0.070405,-0.285673,0.037983,0.285673,-0.037983
thorax_right_scapula,CustomJoint,thorax,right_scapula,0.0,0.0,0.0,-0.0,0.0,-0.0,0.0,0.0,0.0,-0.0,0.0,-0.0,rotation1,1.0,0.0,0.0,right_r_m_superioris_sagittal,linear(1 0),-0.06561,-0.288506,0.330272,0.288506,-0.330272
thorax_right_scapula,CustomJoint,thorax,right_scapula,0.0,0.0,0.0,-0.0,0.0,-0.0,0.0,0.0,0.0,-0.0,0.0,-0.0,rotation2,0.0,1.0,0.0,right_r_m_superioris_frontal,linear(1 0),-0.06561,-0.288506,0.330272,0.288506,-0.330272
thorax_right_scapula,CustomJoint,thorax,right_scapula,0.0,0.0,0.0,-0.0,0.0,-0.0,0.0,0.0,0.0,-0.0,0.0,-0.0,rotation3,0.0,0.0,1.0,right_r_m_superioris_horizontal,linear(1 0),-0.06561,-0.288506,0.330272,0.288506,-0.330272
thorax_right_scapula,CustomJoint,thorax,right_scapula,0.0,0.0,0.0,-0.0,0.0,-0.0,0.0,0.0,0.0,-0.0,0.0,-0.0,translation1,1.0,0.0,0.0,right_r_m_superioris_transx,linear(1 0),-0.06561,-0.288506,0.330272,0.288506,-0.330272
thorax_right_scapula,CustomJoint,thorax,right_scapula,0.0,0.0,0.0,-0.0,0.0,-0.0,0.0,0.0,0.0,-0.0,0.0,-0.0,translation2,0.0,1.0,0.0,right_r_m_superioris_transy,linear(1 0),-0.06561,-0.288506,0.330272,0.288506,-0.330272
thorax_right_scapula,CustomJoint,thorax,right_scapula,0.0,0.0,0.0,-0.0,0.0,-0.0,0.0,0.0,0.0,-0.0,0.0,-0.0,translation3,0.0,0.0,1.0,right_r_m_superioris_transz,linear(1 0),-0.06561,-0.288506,0.330272,0.288506,-0.330272
right_scapula_right_humerus,CustomJoint,right_scapula,right_humerus,0.0,0.0,-0.0707901066816,-0.0,0.0,-0.0,0.0,0.0,0.0,-0.0,0.0,-0.0,rotation1,1.0,0.0,0.0,right_r_deltoidea_sagittal,linear(1 0),-0.062152,-0.298224,0.260237,0.298224,-0.260237
right_scapula_right_humerus,CustomJoint,right_scapula,right_humerus,0.0,0.0,-0.0707901066816,-0.0,0.0,-0.0,0.0,0.0,0.0,-0.0,0.0,-0.0,rotation2,0.0,1.0,0.0,right_r_deltoidea_frontal,linear(1 0),-0.062152,-0.298224,0.260237,0.298224,-0.260237
right_scapula_right_humerus,CustomJoint,right_scapula,right_humerus,0.0,0.0,-0.0707901066816,-0.0,0.0,-0.0,0.0,0.0,0.0,-0.0,0.0,-0.0,rotation3,0.0,0.0,1.0,right_r_deltoidea_horizontal,linear(1 0),-0.062152,-0.298224,0.260237,0.298224,-0.260237
right_scapula_right_humerus,CustomJoint,right_scapula,right_humerus,0.0,0.0,-0.0707901066816,-0.0,0.0,-0.0,0.0,0.0,0.0,-0.0,0.0,-0.0,translation1,1.0,0.0,0.0,,x0.6 const(0),-0.062152,-0.298224,0.260237,0.298224,-0.260237
right_scapula_right_humerus,CustomJoint,right_scapula,right_humerus,0.0,0.0,-0.0707901066816,-0.0,0.0,-0.0,0.0,0.0,0.0,-0.0,0.0,-0.0,translation2,0.0,1.0,0.0,,x0.6 const(0),-0.062152,-0.298224,0.260237,0.298224,-0.260237
right_scapula_right_humerus,CustomJoint,right_scapula,right_humerus,0.0,0.0,-0.0707901066816,-0.0,0.0,-0.0,0.0,0.0,0.0,-0.0,0.0,-0.0,translation3,0.0,0.0,1.0,,x0.6 const(0),-0.062152,-0.298224,0.260237,0.298224,-0.260237
right_humerus_right_antebrachium,CustomJoint,right_humerus,right_antebrachium,0.0,0.0,-0.0877513893222,-0.0,0.0,-0.0,0.0,0.0,0.0,-0.0,0.0,-0.0,rotation1,1.0,0.0,0.0,right_r_cubitalis_sagittal,linear(1 0),-0.059047,-0.236164,0.198276,0.236164,-0.198276
right_humerus_right_antebrachium,CustomJoint,right_humerus,right_antebrachium,0.0,0.0,-0.0877513893222,-0.0,0.0,-0.0,0.0,0.0,0.0,-0.0,0.0,-0.0,rotation2,0.0,1.0,0.0,right_r_cubitalis_frontal,linear(1 0),-0.059047,-0.236164,0.198276,0.236164,-0.198276
right_humerus_right_antebrachium,CustomJoint,right_humerus,right_antebrachium,0.0,0.0,-0.0877513893222,-0.0,0.0,-0.0,0.0,0.0,0.0,-0.0,0.0,-0.0,rotation3,0.0,0.0,1.0,right_r_cubitalis_horizontal,linear(1 0),-0.059047,-0.236164,0.198276,0.236164,-0.198276
right_humerus_right_antebrachium,CustomJoint,right_humerus,right_antebrachium,0.0,0.0,-0.0877513893222,-0.0,0.0,-0.0,0.0,0.0,0.0,-0.0,0.0,-0.0,translation1,1.0,0.0,0.0,,x0.6 const(0),-0.059047,-0.236164,0.198276,0.236164,-0.198276
right_humerus_right_antebrachium,CustomJoint,right_humerus,right_antebrachium,0.0,0.0,-0.0877513893222,-0.0,0.0,-0.0,0.0,0.0,0.0,-0.0,0.0,-0.0,translation2,0.0,1.0,0.0,,x0.6 const(0),-0.059047,-0.236164,0.198276,0.236164,-0.198276
right_humerus_right_antebrachium,CustomJoint,right_humerus,right_antebrachium,0.0,0.0,-0.0877513893222,-0.0,0.0,-0.0,0.0,0.0,0.0,-0.0,0.0,-0.0,translation3,0.0,0.0,1.0,,x0.6 const(0),-0.059047,-0.236164,0.198276,0.236164,-0.198276
right_antebrachium_right_carpus,CustomJoint,right_antebrachium,right_carpus,0.0,0.0,-0.1158556907016,-0.0,0.0,-0.0,0.0,0.0,0.0,-0.0,0.0,-0.0,rotation1,1.0,0.0,0.0,right_r_carpalis_sagittal,linear(1 0),-0.059565,-0.245542,0.082801,0.245542,-0.082801
right_antebrachium_right_carpus,CustomJoint,right_antebrachium,right_carpus,0.0,0.0,-0.1158556907016,-0.0,0.0,-0.0,0.0,0.0,0.0,-0.0,0.0,-0.0,rotation2,0.0,1.0,0.0,right_r_carpalis_frontal,linear(1 0),-0.059565,-0.245542,0.082801,0.245542,-0.082801
right_antebrachium_right_carpus,CustomJoint,right_antebrachium,right_carpus,0.0,0.0,-0.1158556907016,-0.0,0.0,-0.0,0.0,0.0,0.0,-0.0,0.0,-0.0,rotation3,0.0,0.0,1.0,right_r_carpalis_horizontal,linear(1 0),-0.059565,-0.245542,0.082801,0.245542,-0.082801
right_antebrachium_right_carpus,CustomJoint,right_antebrachium,right_carpus,0.0,0.0,-0.1158556907016,-0.0,0.0,-0.0,0.0,0.0,0.0,-0.0,0.0,-0.0,translation1,1.0,0.0,0.0,,x0.6 const(0),-0.059565,-0.245542,0.082801,0.245542,-0.082801
right_antebrachium_right_carpus,CustomJoint,right_antebrachium,right_carpus,0.0,0.0,-0.1158556907016,-0.0,0.0,-0.0,0.0,0.0,0.0,-0.0,0.0,-0.0,translation2,0.0,1.0,0.0,,x0.6 const(0),-0.059565,-0.245542,0.082801,0.245542,-0.082801
right_antebrachium_right_carpus,CustomJoint,right_antebrachium,right_carpus,0.0,0.0,-0.1158556907016,-0.0,0.0,-0.0,0.0,0.0,0.0,-0.0,0.0,-0.0,translation3,0.0,0.0,1.0,,x0.6 const(0),-0.059565,-0.245542,0.082801,0.245542,-0.082801
right_carpus_right_forepaw,CustomJoint,right_carpus,right_forepaw,0.0,0.0,-0.0601727460234,-0.0,0.0,-0.0,0.0,0.0,0.0,-0.0,0.0,-0.0,rotation1,1.0,0.0,0.0,right_r_forepaw_sagittal,linear(1 0),-0.060815,-0.285673,0.037983,0.285673,-0.037983
right_carpus_right_forepaw,CustomJoint,right_carpus,right_forepaw,0.0,0.0,-0.0601727460234,-0.0,0.0,-0.0,0.0,0.0,0.0,-0.0,0.0,-0.0,rotation2,0.0,1.0,0.0,right_r_forepaw_frontal,linear(1 0),-0.060815,-0.285673,0.037983,0.285673,-0.037983
right_carpus_right_forepaw,CustomJoint,right_carpus,right_forepaw,0.0,0.0,-0.0601727460234,-0.0,0.0,-0.0,0.0,0.0,0.0,-0.0,0.0,-0.0,rotation3,0.0,0.0,1.0,right_r_forepaw_horizontal,linear(1 0),-0.060815,-0.285673,0.037983,0.285673,-0.037983
right_carpus_right_forepaw,CustomJoint,right_carpus,right_forepaw,0.0,0.0,-0.0601727460234,-0.0,0.0,-0.0,0.0,0.0,0.0,-0.0,0.0,-0.0,translation1,1.0,0.0,0.0,,x0.6 const(0),-0.060815,-0.285673,0.037983,0.285673,-0.037983
right_carpus_right_forepaw,CustomJoint,right_carpus,right_forepaw,0.0,0.0,-0.0601727460234,-0.0,0.0,-0.0,0.0,0.0,0.0,-0.0,0.0,-0.0,translation2,0.0,1.0,0.0,,x0.6 const(0),-0.060815,-0.285673,0.037983,0.285673,-0.037983
right_carpus_right_forepaw,CustomJoint,right_carpus,right_forepaw,0.0,0.0,-0.0601727460234,-0.0,0.0,-0.0,0.0,0.0,0.0,-0.0,0.0,-0.0,translation3,0.0,0.0,1.0,,x0.6 const(0),-0.060815,-0.285673,0.037983,0.285673,-0.037983
cauda_pelvis,CustomJoint,cauda,pelvis,0.0,0.0,0.0,-0.0,0.0,-0.0,0.0,0.0,0.0,-0.0,0.0,-0.0,rotation1,1.0,0.0,0.0,m_inferioris_sagittal,linear(1 0),0.0,0.096725,0.358872,-0.096725,-0.358872
cauda_pelvis,CustomJoint,cauda,pelvis,0.0,0.0,0.0,-0.0,0.0,-0.0,0.0,0.0,0.0,-0.0,0.0,-0.0,rotation2,0.0,1.0,0.0,m_inferioris_frontal,linear(1 0),0.0,0.096725,0.358872,-0.096725,-0.358872
cauda_pelvis,CustomJoint,cauda,pelvis,0.0,0.0,0.0,-0.0,0.0,-0.0,0.0,0.0,0.0,-0.0,0.0,-0.0,rotation3,0.0,0.0,1.0,m_inferioris_horizontal,linear(1 0),0.0,0.096725,0.358872,-0.096725,-0.358872
cauda_pelvis,CustomJoint,cauda,pelvis,0.0,0.0,0.0,-0.0,0.0,-0.0,0.0,0.0,0.0,-0.0,0.0,-0.0,translation1,1.0,0.0,0.0,m_inferioris_transx,linear(1 0),0.0,0.096725,0.358872,-0.096725,-0.358872
cauda_pelvis,CustomJoint,cauda,pelvis,0.0,0.0,0.0,-0.0,0.0,-0.0,0.0,0.0,0.0,-0.0,0.0,-0.0,translation2,0.0,1.0,0.0,m_inferioris_transy,linear(1 0),0.0,0.096725,0.358872,-0.096725,-0.358872
cauda_pelvis,CustomJoint,cauda,pelvis,0.0,0.0,0.0,-0.0,0.0,-0.0,0.0,0.0,0.0,-0.0,0.0,-0.0,translation3,0.0,0.0,1.0,m_inferioris_transz,linear(1 0),0.0,0.096725,0.358872,-0.096725,-0.358872
pelvis_left_femur,CustomJoint,pelvis,left_femur,0.033318,0.0,-0.0618,-0.0,0.0,-0.0,0.0,0.0,0.0,-0.0,0.0,-0.0,rotation1,1.0,0.0,0.0,left_r_coxae_sagittal,linear(1 0),0.033318,0.129565,0.30652,-0.129565,-0.30652
pelvis_left_femur,CustomJoint,pelvis,left_femur,0.033318,0.0,-0.0618,-0.0,0.0,-0.0,0.0,0.0,0.0,-0.0,0.0,-0.0,rotation2,0.0,1.0,0.0,left_r_coxae_frontal,linear(1 0),0.033318,0.129565,0.30652,-0.129565,-0.30652
pelvis_left_femur,CustomJoint,pelvis,left_femur,0.033318,0.0,-0.0618,-0.0,0.0,-0.0,0.0,0.0,0.0,-0.0,0.0,-0.0,rotation3,0.0,0.0,1.0,left_r_coxae_horizontal,linear(1 0),0.033318,0.129565,0.30652,-0.129565,-0.30652
pelvis_left_femur,CustomJoint,pelvis,left_femur,0.033318,0.0,-0.0618,-0.0,0.0,-0.0,0.0,0.0,0.0,-0.0,0.0,-0.0,translation1,1.0,0.0,0.0,,x0.6 const(0),0.033318,0.129565,0.30652,-0.129565,-0.30652
pelvis_left_femur,CustomJoint,pelvis,left_femur,0.033318,0.0,-0.0618,-0.0,0.0,-0.0,0.0,0.0,0.0,-0.0,0.0,-0.0,translation2,0.0,1.0,0.0,,x0.6 const(0),0.033318,0.129565,0.30652,-0.129565,-0.30652
pelvis_left_femur,CustomJoint,pelvis,left_femur,0.033318,0.0,-0.0618,-0.0,0.0,-0.0,0.0,0.0,0.0,-0.0,0.0,-0.0,translation3,0.0,0.0,1.0,,x0.6 const(0),0.033318,0.129565,0.30652,-0.129565,-0.30652
left_femur_left_crus,CustomJoint,left_femur,left_crus,0.0,0.0,-0.1022866407702,-0.0,0.0,-0.0,0.0,0.0,0.0,-0.0,0.0,-0.0,rotation1,1.0,0.0,0.0,left_r_genus_sagittal,linear(1 0),0.032425,0.107079,0.20674,-0.107079,-0.20674
left_femur_left_crus,CustomJoint,left_femur,left_crus,0.0,0.0,-0.1022866407702,-0.0,0.0,-0.0,0.0,0.0,0.0,-0.0,0.0,-0.0,rotation2,0.0,1.0,0.0,left_r_genus_frontal,linear(1 0),0.032425,0.107079,0.20674,-0.107079,-0.20674
left_femur_left_crus,CustomJoint,left_femur,left_crus,0.0,0.0,-0.1022866407702,-0.0,0.0,-0.0,0.0,0.0,0.0,-0.0,0.0,-0.0,rotation3,0.0,0.0,1.0,left_r_genus_horizontal,linear(1 0),0.032425,0.107079,0.20674,-0.107079,-0.20674
left_femur_left_crus,CustomJoint,left_femur,left_crus,0.0,0.0,-0.1022866407702,-0.0,0.0,-0.0,0.0,0.0,0.0,-0.0,0.0,-0.0,translation1,1.0,0.0,0.0,,x0.6 const(0),0.032425,0.107079,0.20674,-0.107079,-0.20674
left_femur_left_crus,CustomJoint,left_femur,left_crus,0.0,0.0,-0.1022866407702,-0.0,0.0,-0.0,0.0,0.0,0.0,-0.0,0.0,-0.0,translation2,0.0,1.0,0.0,,x0.6 const(0),0.032425,0.107079,0.20674,-0.107079,-0.20674
left_femur_left_crus,CustomJoint,left_femur,left_crus,0.0,0.0,-0.1022866407702,-0.0,0.0,-0.0,0.0,0.0,0.0,-0.0,0.0,-0.0,translation3,0.0,0.0,1.0,,x0.6 const(0),0.032425,0.107079,0.20674,-0.107079,-0.20674
left_crus_left_calx,CustomJoint,left_crus,left_calx,0.0,0.0,-0.1311185470632,-0.0,0.0,-0.0,0.0,0.0,0.0,-0.0,0.0,-0.0,rotation1,1.0,0.0,0.0,left_r_talocruralis_sagittal,linear(1 0),0.027686,0.154051,0.084416,-0.154051,-0.084416
left_crus_left_calx,CustomJoint,left_crus,left_calx,0.0,0.0,-0.1311185470632,-0.0,0.0,-0.0,0.0,0.0,0.0,-0.0,0.0,-0.0,rotation2,0.0,1.0,0.0,left_r_talocruralis_frontal,linear(1 0),0.027686,0.154051,0.084416,-0.154051,-0.084416
left_crus_left_calx,CustomJoint,left_crus,left_calx,0.0,0.0,-0.1311185470632,-0.0,0.0,-0.0,0.0,0.0,0.0,-0.0,0.0,-0.0,rotation3,0.0,0.0,1.0,left_r_talocruralis_horizontal,linear(1 0),0.027686,0.154051,0.084416,-0.154051,-0.084416
left_crus_left_calx,CustomJoint,left_crus,left_calx,0.0,0.0,-0.1311185470632,-0.0,0.0,-0.0,0.0,0.0,0.0,-0.0,0.0,-0.0,translation1,1.0,0.0,0.0,,x0.6 const(0),0.027686,0.154051,0.084416,-0.154051,-0.084416
left_crus_left_calx,CustomJoint,left_crus,left_calx,0.0,0.0,-0.1311185470632,-0.0,0.0,-0.0,0.0,0.0,0.0,-0.0,0.0,-0.0,translation2,0.0,1.0,0.0,,x0.6 const(0),0.027686,0.154051,0.084416,-0.154051,-0.084416
left_crus_left_calx,CustomJoint,left_crus,left_calx,0.0,0.0,-0.1311185470632,-0.0,0.0,-0.0,0.0,0.0,0.0,-0.0,0.0,-0.0,translation3,0.0,0.0,1.0,,x0.6 const(0),0.027686,0.154051,0.084416,-0.154051,-0.084416
left_calx_left_hindpaw,CustomJoint,left_calx,left_hindpaw,0.0,0.0,-0.0805991059254,-0.0,0.0,-0.0,0.0,0.0,0.0,-0.0,0.0,-0.0,rotation1,1.0,0.0,0.0,left_r_hindpaw_sagittal,linear(1 0),0.021161,0.103162,0.022255,-0.103162,-0.022255
left_calx_left_hindpaw,CustomJoint,left_calx,left_hindpaw,0.0,0.0,-0.0805991059254,-0.0,0.0,-0.0,0.0,0.0,0.0,-0.0,0.0,-0.0,rotation2,0.0,1.0,0.0,left_r_hindpaw_frontal,linear(1 0),0.021161,0.103162,0.022255,-0.103162,-0.022255
left_calx_left_hindpaw,CustomJoint,left_calx,left_hindpaw,0.0,0.0,-0.0805991059254,-0.0,0.0,-0.0,0.0,0.0,0.0,-0.0,0.0,-0.0,rotation3,0.0,0.0,1.0,left_r_hindpaw_horizontal,linear(1 0),0.021161,0.103162,0.022255,-0.103162,-0.022255
left_calx_left_hindpaw,CustomJoint,left_calx,left_hindpaw,0.0,0.0,-0.0805991059254,-0.0,0.0,-0.0,0.0,0.0,0.0,-0.0,0.0,-0.0,translation1,1.0,0.0,0.0,,x0.6 const(0),0.021161,0.103162,0.022255,-0.103162,-0.022255
left_calx_left_hindpaw,CustomJoint,left_calx,left_hindpaw,0.0,0.0,-0.0805991059254,-0.0,0.0,-0.0,0.0,0.0,0.0,-0.0,0.0,-0.0,translation2,0.0,1.0,0.0,,x0.6 const(0),0.021161,0.103162,0.022255,-0.103162,-0.022255
left_calx_left_hindpaw,CustomJoint,left_calx,left_hindpaw,0.0,0.0,-0.0805991059254,-0.0,0.0,-0.0,0.0,0.0,0.0,-0.0,0.0,-0.0,translation3,0.0,0.0,1.0,,x0.6 const(0),0.021161,0.103162,0.022255,-0.103162,-0.022255
pelvis_right_femur,CustomJoint,pelvis,right_femur,-0.033318,0.0,-0.0618,-0.0,0.0,-0.0,0.0,0.0,0.0,-0.0,0.0,-0.0,rotation1,1.0,0.0,0.0,right_r_coxae_sagittal,linear(1 0),-0.033318,0.129565,0.30652,-0.129565,-0.30652
pelvis_right_femur,CustomJoint,pelvis,right_femur,-0.033318,0.0,-0.0618,-0.0,0.0,-0.0,0.0,0.0,0.0,-0.0,0.0,-0.0,rotation2,0.0,1.0,0.0,right_r_coxae_frontal,linear(1 0),-0.033318,0.129565,0.30652,-0.129565,-0.30652
pelvis_right_femur,CustomJoint,pelvis,right_femur,-0.033318,0.0,-0.0618,-0.0,0.0,-0.0,0.0,0.0,0.0,-0.0,0.0,-0.0,rotation3,0.0,0.0,1.0,right_r_coxae_horizontal,linear(1 0),-0.033318,0.129565,0.30652,-0.129565,-0.30652
pelvis_right_femur,CustomJoint,pelvis,right_femur,-0.033318,0.0,-0.0618,-0.0,0.0,-0.0,0.0,0.0,0.0,-0.0,0.0,-0.0,translation1,1.0,0.0,0.0,,x0.6 const(0),-0.033318,0.129565,0.30652,-0.129565,-0.30652
pelvis_right_femur,CustomJoint,pelvis,right_femur,-0.033318,0.0,-0.0618,-0.0,0.0,-0.0,0.0,0.0,0.0,-0.0,0.0,-0.0,translation2,0.0,1.0,0.0,,x0.6 const(0),-0.033318,0.129565,0.30652,-0.129565,-0.30652
pelvis_right_femur,CustomJoint,pelvis,right_femur,-0.033318,0.0,-0.0618,-0.0,0.0,-0.0,0.0,0.0,0.0,-0.0,0.0,-0.0,translation3,0.0,0.0,1.0,,x0.6 const(0),-0.033318,0.129565,0.30652,-0.129565,-0.30652
right_femur_right_crus,CustomJoint,right_femur,right_crus,0.0,0.0,-0.1022866407702,-0.0,0.0,-0.0,0.0,0.0,0.0,-0.0,0.0,-0.0,rotation1,1.0,0.0,0.0,right_r_genus_sagittal,linear(1 0),-0.034211,0.107079,0.20674,-0.107079,-0.20674
right_femur_right_crus,CustomJoint,right_femur,right_crus,0.0,0.0,-0.1022866407702,-0.0,0.0,-0.0,0.0,0.0,0.0,-0.0,0.0,-0.0,rotation2,0.0,1.0,0.0,right_r_genus_frontal,linear(1 0),-0.034211,0.107079,0.20674,-0.107079,-0.20674
right_femur_right_crus,CustomJoint,right_femur,right_crus,0.0,0.0,-0.1022866407702,-0.0,0.0,-0.0,0.0,0.0,0.0,-0.0,0.0,-0.0,rotation3,0.0,0.0,1.0,right_r_genus_horizontal,linear(1 0),-0.034211,0.107079,0.20674,-0.107079,-0.20674
right_femur_right_crus,CustomJoint,right_femur,right_crus,0.0,0.0,-0.1022866407702,-0.0,0.0,-0.0,0.0,0.0,0.0,-0.0,0.0,-0.0,translation1,1.0,0.0,0.0,,x0.6 const(0),-0.034211,0.107079,0.20674,-0.107079,-0.20674
right_femur_right_crus,CustomJoint,right_femur,right_crus,0.0,0.0,-0.1022866407702,-0.0,0.0,-0.0,0.0,0.0,0.0,-0.0,0.0,-0.0,translation2,0.0,1.0,0.0,,x0.6 const(0),-0.034211,0.107079,0.20674,-0.107079,-0.20674
right_femur_right_crus,CustomJoint,right_femur,right_crus,0.0,0.0,-0.1022866407702,-0.0,0.0,-0.0,0.0,0.0,0.0,-0.0,0.0,-0.0,translation3,0.0,0.0,1.0,,x0.6 const(0),-0.034211,0.107079,0.20674,-0.107079,-0.20674
right_crus_right_calx,CustomJoint,right_crus,right_calx,0.0,0.0,-0.1311185470632,-0.0,0.0,-0.0,0.0,0.0,0.0,-0.0,0.0,-0.0,rotation1,1.0,0.0,0.0,right_r_talocruralis_sagittal,linear(1 0),-0.03895,0.154051,0.084416,-0.154051,-0.084416
right_crus_right_calx,CustomJoint,right_crus,right_calx,0.0,0.0,-0.1311185470632,-0.0,0.0,-0.0,0.0,0.0,0.0,-0.0,0.0,-0.0,rotation2,0.0,1.0,0.0,right_r_talocruralis_frontal,linear(1 0),-0.03895,0.154051,0.084416,-0.154051,-0.084416
right_crus_right_calx,CustomJoint,right_crus,right_calx,0.0,0.0,-0.1311185470632,-0.0,0.0,-0.0,0.0,0.0,0.0,-0.0,0.0,-0.0,rotation3,0.0,0.0,1.0,right_r_talocruralis_horizontal,linear(1 0),-0.03895,0.154051,0.084416,-0.154051,-0.084416
right_crus_right_calx,CustomJoint,right_crus,right_calx,0.0,0.0,-0.1311185470632,-0.0,0.0,-0.0,0.0,0.0,0.0,-0.0,0.0,-0.0,translation1,1.0,0.0,0.0,,x0.6 const(0),-0.03895,0.154051,0.084416,-0.154051,-0.084416
right_crus_right_calx,CustomJoint,right_crus,right_calx,0.0,0.0,-0.1311185470632,-0.0,0.0,-0.0,0.0,0.0,0.0,-0.0,0.0,-0.0,translation2,0.0,1.0,0.0,,x0.6 const(0),-0.03895,0.154051,0.084416,-0.154051,-0.084416
right_crus_right_calx,CustomJoint,right_crus,right_calx,0.0,0.0,-0.1311185470632,-0.0,0.0,-0.0,0.0,0.0,0.0,-0.0,0.0,-0.0,translation3,0.0,0.0,1.0,,x0.6 const(0),-0.03895,0.154051,0.084416,-0.154051,-0.084416
right_calx_right_hindpaw,CustomJoint,right_calx,right_hindpaw,0.0,0.0,-0.0805991059254,-0.0,0.0,-0.0,0.0,0.0,0.0,-0.0,0.0,-0.0,rotation1,1.0,0.0,0.0,right_r_hindpaw_sagittal,linear(1 0),-0.045475,0.103162,0.022255,-0.103162,-0.022255
right_calx_right_hindpaw,CustomJoint,right_calx,right_hindpaw,0.0,0.0,-0.0805991059254,-0.0,0.0,-0.0,0.0,0.0,0.0,-0.0,0.0,-0.0,rotation2,0.0,1.0,0.0,right_r_hindpaw_frontal,linear(1 0),-0.045475,0.103162,0.022255,-0.103162,-0.022255
right_calx_right_hindpaw,CustomJoint,right_calx,right_hindpaw,0.0,0.0,-0.0805991059254,-0.0,0.0,-0.0,0.0,0.0,0.0,-0.0,0.0,-0.0,rotation3,0.0,0.0,1.0,right_r_hindpaw_horizontal,linear(1 0),-0.045475,0.103162,0.022255,-0.103162,-0.022255
right_calx_right_hindpaw,CustomJoint,right_calx,right_hindpaw,0.0,0.0,-0.0805991059254,-0.0,0.0,-0.0,0.0,0.0,0.0,-0.0,0.0,-0.0,translation1,1.0,0.0,0.0,,x0.6 const(0),-0.045475,0.103162,0.022255,-0.103162,-0.022255
right_calx_right_hindpaw,CustomJoint,right_calx,right_hindpaw,0.0,0.0,-0.0805991059254,-0.0,0.0,-0.0,0.0,0.0,0.0,-0.0,0.0,-0.0,translation2,0.0,1.0,0.0,,x0.6 const(0),-0.045475,0.103162,0.022255,-0.103162,-0.022255
right_calx_right_hindpaw,CustomJoint,right_calx,right_hindpaw,0.0,0.0,-0.0805991059254,-0.0,0.0,-0.0,0.0,0.0,0.0,-0.0,0.0,-0.0,translation3,0.0,0.0,1.0,,x0.6 const(0),-0.045475,0.103162,0.022255,-0.103162,-0.022255
