body,mass_kg,com_x,com_y,com_z,Ixx,Iyy,Izz,Ixy,Ixz,Iyz,geometry_files,mesh_display_scale
ground,0.0,0.0,0.0,0.0,0.0,0.0,0.0,0.0,0.0,0.0,box.obj,1 1 1
thorax,3.76044,0.0009,-0.0699,0.0996,0.0378038958,0.0220735054,0.0323619345,-6.6693e-05,-0.0007913186,-0.0040944559,new-thorax.obj,1 1 1
cervix,0.96876,0.0092,-0.0898,0.0353,0.0031614821,0.0007512777,0.0027483991,6.0819e-06,4.7024e-06,0.0010895251,new-cervix.obj,1 1 1
caput,1.27236,-0.00119,-0.09091,-0.01684,0.0047538249,0.0028236449,0.003319098,-0.0001167701,-0.0001105903,-0.001287715,new-caput.obj,1 1 1
abdomen,3.76044,0.0038,0.1049,-0.0096,0.0141848385,0.0015188441,0.0137233252,0.0004045839,3.6729e-06,0.0017179796,new-abdomen.obj,1 1 1
cauda,0.01,0.0087,0.1049,-0.008,0.0002079598,5.90519e-05,0.0001552826,-1.82202e-05,1.06988e-05,7.7173e-05,new-cauda.obj,1 1 1
left_scapula,0.272,0.00214,0.00385,0.00481,0.0009240344,0.0007625721,0.0002584677,-3.89032e-05,5.62692e-05,-0.000120587,new_stretched-scapula_l.obj,1 1 1
left_humerus,0.36,0.00361,-0.00295,-0.06176,0.0014256181,0.0013892172,0.0001235678,1.3655e-05,-6.9604e-06,8.61508e-05,new_stretched-humerus_l.obj,1 1 1
left_antebrachium,0.118,0.00428,0.00492,-0.07767,0.0004972638,0.0004795929,3.11098e-05,2.9053e-06,1.333e-05,-4.75647e-05,new_stretched-antebrachium_l.obj,1 1 1
left_carpus,0.0205,-0.0008,0.00583,-0.03773,7.22361e-05,8.38296e-05,2.16593e-05,-6.997e-07,-3.2748e-06,2.1434e-06,new_stretched-carpus_l.obj new_stretched-carpus_metacarpus_l.obj,1 1 1
left_forepaw,0.0205,0.00017,0.00442,-0.02165,1.05177e-05,1.81319e-05,9.5787e-06,-3.871e-07,-8.491e-07,-1.2155e-06,new_stretched-digiti_manus_l.obj,1 1 1
right_scapula,0.272,-0.00214,0.00385,0.00481,0.0009240344,0.0007625721,0.0002584677,3.89032e-05,-5.62692e-05,-0.000120587,new_stretched-scapula_r.obj,1 1 1
right_humerus,0.36,-0.00361,-0.00295,-0.06176,0.0014256181,0.0013892172,0.0001235678,-1.3655e-05,6.9604e-06,8.61508e-05,new_stretched-humerus_r.obj,1 1 1
right_antebrachium,0.118,-0.00428,0.00492,-0.07767,0.0004972638,0.0004795929,3.11098e-05,-2.9053e-06,-1.333e-05,-4.75647e-05,new_stretched-antebrachium_r.obj,1 1 1
right_carpus,0.0205,0.0008,0.00583,-0.03773,2.176e-05,2.52524e-05,6.5245e-06,2.108e-07,9.865e-07,6.457e-07,new_stretched-carpus_r.obj new_stretched-carpus_metacarpus_r.obj,1 1 1
right_forepaw,0.0205,-0.00017,0.00442,-0.02165,1.05177e-05,1.81319e-05,9.5787e-06,3.871e-07,8.491e-07,-1.2155e-06,new_stretched-digiti_manus_r.obj,1 1 1
pelvis,0.544,0.0,0.00707,-0.07404,0.0021226825,0.0028859528,0.0011347684,-1.0789e-06,1.98747e-05,0.0002563584,new_stretched-pelvis.obj,1 1 1
left_femur,0.673,0.00749,-0.00295,-0.09286,0.0031101212,0.0031735545,0.000251391,-1.28676e-05,-0.0003301086,-7.63332e-05,new_stretched-femur_l.obj,1 1 1
left_crus,0.194,0.00301,0.00298,-0.10517,0.0008776323,0.0008800246,6.42979e-05,-3.2954e-06,2.802e-05,9.5163e-06,new_stretched-crus_l.obj,1 1 1
left_calx,0.055,0.00596,0.00871,-0.04856,0.0001287891,0.0001300621,1.08415e-05,5.061e-07,-6.0734e-06,6.131e-07,new_stretched-calx_l.obj new_stretched-calx_tarsus_l.obj new_stretched-calx_metatarsus_l.obj,1 1 1
left_hindpaw,0.034,0.00315,-0.00707,-0.02637,2.01162e-05,2.11489e-05,1.57163e-05,2.481e-06,-1.8174e-06,-6.0299e-06,new_stretched-digiti_pedis_l.obj,1 1 1
right_femur,0.673,-0.00749,-0.00295,-0.09286,0.0031101212,0.0031735545,0.000251391,1.28676e-05,0.0003301086,-7.63332e-05,new_stretched-femur_r.obj,1 1 1
right_crus,0.194,-0.00301,0.00298,-0.10517,0.0008776323,0.0008800246,6.42979e-05,3.2954e-06,-2.802e-05,9.5163e-06,new_stretched-crus_r.obj,1 1 1
right_calx,0.055,-0.00596,0.00871,-0.04856,0.0001287891,0.0001300621,1.08415e-05,-5.061e-07,6.0734e-06,6.131e-07,new_stretched-calx_r.obj new_stretched-calx_tarsus_r.obj new_stretched-calx_metatarsus_r.obj,1 1 1
right_hindpaw,0.034,-0.00315,-0.00707,-0.02637,2.01162e-05,2.11489e-05,1.57163e-05,-2.481e-06,1.8174e-06,-6.0299e-06,new_stretched-digiti_pedis_r.obj,1 1 1
