model,chain,from,to,length_3d_m,length_side_view_m,length_3d_wh,length_side_view_wh
full_linear,spine,thorax_cervix,thorax_abdomen,0.27707,0.27707,0.4492,0.4492
full_linear,spine,thorax_abdomen,abdomen_cauda,0.2064,0.2064,0.3347,0.3347
full_linear,neck,thorax_cervix,cervix_caput,0.18243,0.1823,0.2958,0.2956
full_linear,head,cervix_caput,nose_tip,0.21076,0.21067,0.3417,0.3416
full_linear,tail,abdomen_cauda,tail_tip,0.41059,0.40593,0.6657,0.6582
full_linear,pelvis,cauda_pelvis,pelvis_right_femur,0.11702,0.103,0.1897,0.167
full_linear,left_forelimb,left_scapula_top,left_scapula_left_humerus,0.21269,0.2119,0.3448,0.3436
full_linear,left_forelimb,left_scapula_left_humerus,left_humerus_left_antebrachium,0.14625,0.14616,0.2371,0.237
full_linear,left_forelimb,left_humerus_left_antebrachium,left_antebrachium_left_carpus,0.19309,0.19309,0.3131,0.3131
full_linear,left_forelimb,left_antebrachium_left_carpus,left_carpus_left_forepaw,0.10029,0.10027,0.1626,0.1626
full_linear,left_forelimb,left_carpus_left_forepaw,left_fore_toe_tip,0.07262,0.07228,0.1177,0.1172
full_linear,left_hindlimb,pelvis_left_femur,left_femur_left_crus,0.17048,0.17047,0.2764,0.2764
full_linear,left_hindlimb,left_femur_left_crus,left_crus_left_calx,0.21853,0.21839,0.3543,0.3541
full_linear,left_hindlimb,left_crus_left_calx,left_calx_left_hindpaw,0.13433,0.13389,0.2178,0.2171
full_linear,left_hindlimb,left_calx_left_hindpaw,left_hind_toe_tip,0.07264,0.07216,0.1178,0.117
full_linear,right_forelimb,right_scapula_top,right_scapula_right_humerus,0.21272,0.21272,0.3449,0.3449
full_linear,right_forelimb,right_scapula_right_humerus,right_humerus_right_antebrachium,0.14625,0.14616,0.2371,0.237
full_linear,right_forelimb,right_humerus_right_antebrachium,right_antebrachium_right_carpus,0.19309,0.19309,0.3131,0.3131
full_linear,right_forelimb,right_antebrachium_right_carpus,right_carpus_right_forepaw,0.10029,0.10027,0.1626,0.1626
full_linear,right_forelimb,right_carpus_right_forepaw,right_fore_toe_tip,0.07262,0.07251,0.1177,0.1176
full_linear,right_hindlimb,pelvis_right_femur,right_femur_right_crus,0.17048,0.17047,0.2764,0.2764
full_linear,right_hindlimb,right_femur_right_crus,right_crus_right_calx,0.21853,0.21839,0.3543,0.3541
full_linear,right_hindlimb,right_crus_right_calx,right_calx_right_hindpaw,0.13433,0.13389,0.2178,0.2171
full_linear,right_hindlimb,right_calx_right_hindpaw,right_hind_toe_tip,0.07264,0.07257,0.1178,0.1177
beagle_fore_verified,spine,thorax_cervix,thorax_abdomen,0.22166,0.22166,0.6222,0.6222
beagle_fore_verified,spine,thorax_abdomen,abdomen_cauda,0.16512,0.16512,0.4635,0.4635
beagle_fore_verified,neck,thorax_cervix,cervix_caput,0.14595,0.14584,0.4097,0.4094
beagle_fore_verified,head,cervix_caput,nose_tip,0.16861,0.16854,0.4733,0.4731
beagle_fore_verified,tail,abdomen_cauda,tail_tip,0.32848,0.32474,0.922,0.9116
beagle_fore_verified,pelvis,cauda_pelvis,pelvis_right_femur,0.07021,0.0618,0.1971,0.1735
beagle_fore_verified,left_forelimb,left_scapula_top,left_scapula_left_humerus,0.12761,0.12714,0.3582,0.3569
beagle_fore_verified,left_forelimb,left_scapula_left_humerus,left_humerus_left_antebrachium,0.08775,0.0877,0.2463,0.2462
beagle_fore_verified,left_forelimb,left_humerus_left_antebrachium,left_antebrachium_left_carpus,0.11586,0.11585,0.3252,0.3252
beagle_fore_verified,left_forelimb,left_antebrachium_left_carpus,left_carpus_left_forepaw,0.06017,0.06016,0.1689,0.1689
beagle_fore_verified,left_forelimb,left_carpus_left_forepaw,left_fore_toe_tip,0.04357,0.04337,0.1223,0.1217
beagle_fore_verified,left_hindlimb,pelvis_left_femur,left_femur_left_crus,0.10229,0.10228,0.2871,0.2871
beagle_fore_verified,left_hindlimb,left_femur_left_crus,left_crus_left_calx,0.13112,0.13103,0.3681,0.3678
beagle_fore_verified,left_hindlimb,left_crus_left_calx,left_calx_left_hindpaw,0.0806,0.08033,0.2262,0.2255
beagle_fore_verified,left_hindlimb,left_calx_left_hindpaw,left_hind_toe_tip,0.04358,0.04329,0.1223,0.1215
beagle_fore_verified,right_forelimb,right_scapula_top,right_scapula_right_humerus,0.12763,0.12763,0.3583,0.3583
beagle_fore_verified,right_forelimb,right_scapula_right_humerus,right_humerus_right_antebrachium,0.08775,0.0877,0.2463,0.2462
beagle_fore_verified,right_forelimb,right_humerus_right_antebrachium,right_antebrachium_right_carpus,0.11586,0.11585,0.3252,0.3252
beagle_fore_verified,right_forelimb,right_antebrachium_right_carpus,right_carpus_right_forepaw,0.06017,0.06016,0.1689,0.1689
beagle_fore_verified,right_forelimb,right_carpus_right_forepaw,right_fore_toe_tip,0.04357,0.04351,0.1223,0.1221
beagle_fore_verified,right_hindlimb,pelvis_right_femur,right_femur_right_crus,0.10229,0.10228,0.2871,0.2871
beagle_fore_verified,right_hindlimb,right_femur_right_crus,right_crus_right_calx,0.13112,0.13103,0.3681,0.3678
beagle_fore_verified,right_hindlimb,right_crus_right_calx,right_calx_right_hindpaw,0.0806,0.08033,0.2262,0.2255
beagle_fore_verified,right_hindlimb,right_calx_right_hindpaw,right_hind_toe_tip,0.04358,0.04354,0.1223,0.1222
