coordinate,joint,motion_type,transform_axis,axis_in_joint_frame,default_rad_or_m,range_min_rad_or_m,range_max_rad_or_m,default_deg,range_min_deg,range_max_deg,clamped,locked
thorax_sagittal,ground_thorax,rotational,rotation1,1 0 0,0.05236,-3.141593,3.141593,3.0,-180.0,180.0,true,false
thorax_frontal,ground_thorax,rotational,rotation2,0 1 0,0.0,-3.141593,3.141593,0.0,-180.0,180.0,true,false
thorax_horizontal,ground_thorax,rotational,rotation3,0 0 1,0.0,-3.141593,3.141593,0.0,-180.0,180.0,true,false
thorax_transx,ground_thorax,translational,translation1,1 0 0,0.0,-100.0,100.0,,,,true,true
thorax_transy,ground_thorax,translational,translation2,0 1 0,-0.1,-100.0,100.0,,,,true,true
thorax_transz,ground_thorax,translational,translation3,0 0 1,0.23,-100.0,100.0,,,,true,true
cervix_sagittal,thorax_cervix,rotational,rotation1,1 0 0,-0.174533,-1.570796,1.570796,-10.0,-90.0,90.0,true,true
cervix_frontal,thorax_cervix,rotational,rotation2,0 1 0,0.0,-1.570796,1.570796,0.0,-90.0,90.0,true,true
cervix_horizontal,thorax_cervix,rotational,rotation3,0 0 1,0.0,-1.570796,1.570796,0.0,-90.0,90.0,true,true
caput_sagittal,cervix_caput,rotational,rotation1,1 0 0,0.0,-1.570796,1.570796,0.0,-90.0,90.0,true,true
caput_frontal,cervix_caput,rotational,rotation2,0 1 0,0.0,-1.570796,1.570796,0.0,-90.0,90.0,true,true
caput_horizontal,cervix_caput,rotational,rotation3,0 0 1,0.0,-1.570796,1.570796,0.0,-90.0,90.0,true,true
abdomen_sagittal,thorax_abdomen,rotational,rotation1,1 0 0,0.0,-1.570796,1.570796,0.0,-90.0,90.0,true,false
abdomen_frontal,thorax_abdomen,rotational,rotation2,0 1 0,0.0,-1.570796,1.570796,0.0,-90.0,90.0,true,false
abdomen_horizontal,thorax_abdomen,rotational,rotation3,0 0 1,0.0,-1.570796,1.570796,0.0,-90.0,90.0,true,false
cauda_sagittal,abdomen_cauda,rotational,rotation1,1 0 0,0.0,-1.570796,1.570796,0.0,-90.0,90.0,true,true
cauda_frontal,abdomen_cauda,rotational,rotation2,0 1 0,0.0,-1.570796,1.570796,0.0,-90.0,90.0,true,true
cauda_horizontal,abdomen_cauda,rotational,rotation3,0 0 1,0.0,-1.570796,1.570796,0.0,-90.0,90.0,true,true
left_r_m_superioris_sagittal,thorax_left_scapula,rotational,rotation1,1 0 0,-0.190241,-3.141593,3.141593,-10.9,-180.0,180.0,true,false
left_r_m_superioris_frontal,thorax_left_scapula,rotational,rotation2,0 1 0,-0.048869,-1.570796,1.570796,-2.8,-90.0,90.0,true,false
left_r_m_superioris_horizontal,thorax_left_scapula,rotational,rotation3,0 0 1,-0.005236,-1.570796,1.570796,-0.3,-90.0,90.0,true,false
left_r_m_superioris_transx,thorax_left_scapula,translational,translation1,1 0 0,0.06561,-10.0,10.0,,,,true,false
left_r_m_superioris_transy,thorax_left_scapula,translational,translation2,0 1 0,-0.183,-10.0,10.0,,,,true,false
left_r_m_superioris_transz,thorax_left_scapula,translational,translation3,0 0 1,0.11,-10.0,10.0,,,,true,false
left_r_deltoidea_sagittal,left_scapula_left_humerus,rotational,rotation1,1 0 0,0.923279,-3.141593,3.141593,52.9,-180.0,180.0,true,false
left_r_deltoidea_frontal,left_scapula_left_humerus,rotational,rotation2,0 1 0,-0.001745,-1.570796,1.570796,-0.1,-90.0,90.0,true,false
left_r_deltoidea_horizontal,left_scapula_left_humerus,rotational,rotation3,0 0 1,0.024435,-1.570796,1.570796,1.4,-90.0,90.0,true,false
left_r_cubitalis_sagittal,left_humerus_left_antebrachium,rotational,rotation1,1 0 0,-0.865683,-3.141593,3.141593,-49.6,-180.0,180.0,true,false
left_r_cubitalis_frontal,left_humerus_left_antebrachium,rotational,rotation2,0 1 0,0.073304,-1.570796,1.570796,4.2,-90.0,90.0,true,false
left_r_cubitalis_horizontal,left_humerus_left_antebrachium,rotational,rotation3,0 0 1,-0.017453,-1.570796,1.570796,-1.0,-90.0,90.0,true,false
left_r_carpalis_sagittal,left_antebrachium_left_carpus,rotational,rotation1,1 0 0,-0.649262,-3.141593,3.141593,-37.2,-180.0,180.0,true,false
left_r_carpalis_frontal,left_antebrachium_left_carpus,rotational,rotation2,0 1 0,0.013963,-1.570796,1.570796,0.8,-90.0,90.0,true,false
left_r_carpalis_horizontal,left_antebrachium_left_carpus,rotational,rotation3,0 0 1,0.013963,-1.570796,1.570796,0.8,-90.0,90.0,true,false
left_r_forepaw_sagittal,left_carpus_left_forepaw,rotational,rotation1,1 0 0,0.0,-3.141593,3.141593,0.0,-180.0,180.0,true,false
left_r_forepaw_frontal,left_carpus_left_forepaw,rotational,rotation2,0 1 0,0.0,-1.570796,1.570796,0.0,-90.0,90.0,true,false
left_r_forepaw_horizontal,left_carpus_left_forepaw,rotational,rotation3,0 0 1,0.0,-1.570796,1.570796,0.0,-90.0,90.0,true,false
right_r_m_superioris_sagittal,thorax_right_scapula,rotational,rotation1,1 0 0,-0.190241,-3.141593,3.141593,-10.9,-180.0,180.0,true,false
right_r_m_superioris_frontal,thorax_right_scapula,rotational,rotation2,0 1 0,-0.048869,-1.570796,1.570796,-2.8,-90.0,90.0,true,false
right_r_m_superioris_horizontal,thorax_right_scapula,rotational,rotation3,0 0 1,-0.005236,-1.570796,1.570796,-0.3,-90.0,90.0,true,false
right_r_m_superioris_transx,thorax_right_scapula,translational,translation1,1 0 0,-0.06561,-10.0,10.0,,,,true,false
right_r_m_superioris_transy,thorax_right_scapula,translational,translation2,0 1 0,-0.183,-10.0,10.0,,,,true,false
right_r_m_superioris_transz,thorax_right_scapula,translational,translation3,0 0 1,0.11,-10.0,10.0,,,,true,false
right_r_deltoidea_sagittal,right_scapula_right_humerus,rotational,rotation1,1 0 0,0.923279,-3.141593,3.141593,52.9,-180.0,180.0,true,false
right_r_deltoidea_frontal,right_scapula_right_humerus,rotational,rotation2,0 1 0,-0.001745,-1.570796,1.570796,-0.1,-90.0,90.0,true,false
right_r_deltoidea_horizontal,right_scapula_right_humerus,rotational,rotation3,0 0 1,0.024435,-1.570796,1.570796,1.4,-90.0,90.0,true,false
right_r_cubitalis_sagittal,right_humerus_right_antebrachium,rotational,rotation1,1 0 0,-0.865683,-3.141593,3.141593,-49.6,-180.0,180.0,true,false
right_r_cubitalis_frontal,right_humerus_right_antebrachium,rotational,rotation2,0 1 0,0.073304,-1.570796,1.570796,4.2,-90.0,90.0,true,false
right_r_cubitalis_horizontal,right_humerus_right_antebrachium,rotational,rotation3,0 0 1,-0.017453,-1.570796,1.570796,-1.0,-90.0,90.0,true,false
right_r_carpalis_sagittal,right_antebrachium_right_carpus,rotational,rotation1,1 0 0,-0.649262,-3.141593,3.141593,-37.2,-180.0,180.0,true,false
right_r_carpalis_frontal,right_antebrachium_right_carpus,rotational,rotation2,0 1 0,0.013963,-1.570796,1.570796,0.8,-90.0,90.0,true,false
right_r_carpalis_horizontal,right_antebrachium_right_carpus,rotational,rotation3,0 0 1,0.013963,-1.570796,1.570796,0.8,-90.0,90.0,true,false
right_r_forepaw_sagittal,right_carpus_right_forepaw,rotational,rotation1,1 0 0,0.0,-3.141593,3.141593,0.0,-180.0,180.0,true,false
right_r_forepaw_frontal,right_carpus_right_forepaw,rotational,rotation2,0 1 0,0.0,-1.570796,1.570796,0.0,-90.0,90.0,true,false
right_r_forepaw_horizontal,right_carpus_right_forepaw,rotational,rotation3,0 0 1,0.0,-1.570796,1.570796,0.0,-90.0,90.0,true,false
m_inferioris_sagittal,cauda_pelvis,rotational,rotation1,1 0 0,0.507891,-3.141593,3.141593,29.1,-180.0,180.0,true,false
m_inferioris_frontal,cauda_pelvis,rotational,rotation2,0 1 0,0.0,-1.570796,1.570796,0.0,-90.0,90.0,true,false
m_inferioris_horizontal,cauda_pelvis,rotational,rotation3,0 0 1,0.0,-1.570796,1.570796,0.0,-90.0,90.0,true,false
m_inferioris_transx,cauda_pelvis,translational,translation1,1 0 0,0.0,-100.0,100.0,,,,true,true
m_inferioris_transy,cauda_pelvis,translational,translation2,0 1 0,0.0,-100.0,100.0,,,,true,true
m_inferioris_transz,cauda_pelvis,translational,translation3,0 0 1,0.0,-100.0,100.0,,,,true,true
left_r_coxae_sagittal,pelvis_left_femur,rotational,rotation1,1 0 0,-0.781908,-3.141593,3.141593,-44.8,-180.0,180.0,true,false
left_r_coxae_frontal,pelvis_left_femur,rotational,rotation2,0 1 0,0.008727,-1.570796,1.570796,0.5,-90.0,90.0,true,false
left_r_coxae_horizontal,pelvis_left_femur,rotational,rotation3,0 0 1,0.001745,-1.570796,1.570796,0.1,-90.0,90.0,true,false
left_r_genus_sagittal,left_femur_left_crus,rotational,rotation1,1 0 0,0.588176,-3.141593,3.141593,33.7,-180.0,180.0,true,false
left_r_genus_frontal,left_femur_left_crus,rotational,rotation2,0 1 0,0.027925,-1.570796,1.570796,1.6,-90.0,90.0,true,false
left_r_genus_horizontal,left_femur_left_crus,rotational,rotation3,0 0 1,-0.006981,-1.570796,1.570796,-0.4,-90.0,90.0,true,false
left_r_talocruralis_sagittal,left_crus_left_calx,rotational,rotation1,1 0 0,-1.050688,-3.141593,3.141593,-60.2,-180.0,180.0,true,false
left_r_talocruralis_frontal,left_crus_left_calx,rotational,rotation2,0 1 0,0.054105,-1.570796,1.570796,3.1,-90.0,90.0,true,false
left_r_talocruralis_horizontal,left_crus_left_calx,rotational,rotation3,0 0 1,0.040143,-1.570796,1.570796,2.3,-90.0,90.0,true,false
left_r_hindpaw_sagittal,left_calx_left_hindpaw,rotational,rotation1,1 0 0,0.0,-3.141593,3.141593,0.0,-180.0,180.0,true,false
left_r_hindpaw_frontal,left_calx_left_hindpaw,rotational,rotation2,0 1 0,0.0,-1.570796,1.570796,0.0,-90.0,90.0,true,false
left_r_hindpaw_horizontal,left_calx_left_hindpaw,rotational,rotation3,0 0 1,0.0,-1.570796,1.570796,0.0,-90.0,90.0,true,false
right_r_coxae_sagittal,pelvis_right_femur,rotational,rotation1,1 0 0,-0.781908,-3.141593,3.141593,-44.8,-180.0,180.0,true,false
right_r_coxae_frontal,pelvis_right_femur,rotational,rotation2,0 1 0,0.008727,-1.570796,1.570796,0.5,-90.0,90.0,true,false
right_r_coxae_horizontal,pelvis_right_femur,rotational,rotation3,0 0 1,0.001745,-1.570796,1.570796,0.1,-90.0,90.0,true,false
right_r_genus_sagittal,right_femur_right_crus,rotational,rotation1,1 0 0,0.588176,-3.141593,3.141593,33.7,-180.0,180.0,true,false
right_r_genus_frontal,right_femur_right_crus,rotational,rotation2,0 1 0,0.027925,-1.570796,1.570796,1.6,-90.0,90.0,true,false
right_r_genus_horizontal,right_femur_right_crus,rotational,rotation3,0 0 1,-0.006981,-1.570796,1.570796,-0.4,-90.0,90.0,true,false
right_r_talocruralis_sagittal,right_crus_right_calx,rotational,rotation1,1 0 0,-1.050688,-3.141593,3.141593,-60.2,-180.0,180.0,true,false
right_r_talocruralis_frontal,right_crus_right_calx,rotational,rotation2,0 1 0,0.054105,-1.570796,1.570796,3.1,-90.0,90.0,true,false
right_r_talocruralis_horizontal,right_crus_right_calx,rotational,rotation3,0 0 1,0.040143,-1.570796,1.570796,2.3,-90.0,90.0,true,false
right_r_hindpaw_sagittal,right_calx_right_hindpaw,rotational,rotation1,1 0 0,0.0,-3.141593,3.141593,0.0,-180.0,180.0,true,false
right_r_hindpaw_frontal,right_calx_right_hindpaw,rotational,rotation2,0 1 0,0.0,-1.570796,1.570796,0.0,-90.0,90.0,true,false
right_r_hindpaw_horizontal,right_calx_right_hindpaw,rotational,rotation3,0 0 1,0.0,-1.570796,1.570796,0.0,-90.0,90.0,true,false
