model,muscle,point_index,n_points,role,body,local_x,local_y,local_z,global_x,global_y,global_z,side_x_m,side_y_m,side_x_wh,side_y_wh,max_isometric_force_N,optimal_fiber_length_m,tendon_slack_length_m,pennation_deg,wrap_objects
full_linear,left_trapezius_cervical,0,2,origin,left_scapula,0.02015,-0.00062,-0.01189,0.08632,-0.29072,0.31958,0.07113,0.08574,0.1153,0.139,44.34,0.06955,0.03859,7.5,
full_linear,left_trapezius_cervical,1,2,insertion,cervix,0.0,-0.01029,0.06891,0.0,-0.3227,0.36818,0.10311,0.03713,0.1672,0.0602,44.34,0.06955,0.03859,7.5,
full_linear,left_trapezius_thoracic,0,2,origin,left_scapula,0.01788,0.00248,0.00809,0.08308,-0.28491,0.33881,0.06531,0.06651,0.1059,0.1078,58.8334,0.07548,0.03919,10.0,
full_linear,left_trapezius_thoracic,1,2,insertion,thorax,0.00632,-0.1179,0.16775,0.00632,-0.22652,0.39135,0.00692,0.01397,0.0112,0.0226,58.8334,0.07548,0.03919,10.0,
full_linear,left_rhomboideus_thoracic,0,2,origin,left_scapula,0.00286,0.04736,0.03756,0.06688,-0.23644,0.36107,0.01684,0.04425,0.0273,0.0717,58.9098,0.04345,0.03094,11.25,
full_linear,left_rhomboideus_thoracic,1,2,insertion,thorax,0.00608,-0.11277,0.16399,0.00608,-0.2212,0.38786,0.0016,0.01746,0.0026,0.0283,58.9098,0.04345,0.03094,11.25,
full_linear,left_rhomboideus_cervicis,0,2,origin,left_scapula,-0.01854,0.00771,0.04963,0.0447,-0.27408,0.3774,0.05448,0.02792,0.0883,0.0453,101.7866,0.0545,0.19637,12.5,
full_linear,left_rhomboideus_cervicis,1,2,insertion,cervix,-0.00274,-0.14652,0.08612,-0.00274,-0.45582,0.40187,0.23623,0.00345,0.383,0.0056,101.7866,0.0545,0.19637,12.5,
full_linear,left_latissimus_dorsi,0,2,origin,thorax,-0.00084,0.07482,0.19937,-0.00084,-0.03572,0.43301,-0.18388,-0.02769,-0.2981,-0.0449,125.1545,0.3368,0.02613,0.0,
full_linear,left_latissimus_dorsi,1,2,insertion,left_scapula,-0.01209,0.02439,-0.1512,0.06105,-0.28512,0.17675,0.06552,0.22857,0.1062,0.3706,125.1545,0.3368,0.02613,0.0,
full_linear,left_brachiocephalicus_1,0,3,origin,left_humerus,0.00164,-0.00398,-0.07488,0.0759,-0.25453,0.15798,0.03493,0.24734,0.0566,0.401,18.4663,0.28756,0.01734,1.0,left_humerus
full_linear,left_brachiocephalicus_1,1,3,via,left_humerus,-0.00387,-0.02182,-0.02807,0.06982,-0.30034,0.17809,0.08074,0.22723,0.1309,0.3684,18.4663,0.28756,0.01734,1.0,left_humerus
full_linear,left_brachiocephalicus_1,2,3,insertion,cervix,6e-05,-0.11578,0.08114,6e-05,-0.42592,0.39318,0.20632,0.01214,0.3345,0.0197,18.4663,0.28756,0.01734,1.0,left_humerus
full_linear,left_brachiocephalicus_2,0,3,origin,left_humerus,0.00164,-0.00398,-0.07488,0.0759,-0.25453,0.15798,0.03493,0.24734,0.0566,0.401,18.4663,0.21761,0.01313,1.0,left_humerus
full_linear,left_brachiocephalicus_2,1,3,via,left_humerus,-0.00387,-0.02182,-0.02807,0.06982,-0.30034,0.17809,0.08074,0.22723,0.1309,0.3684,18.4663,0.21761,0.01313,1.0,left_humerus
full_linear,left_brachiocephalicus_2,2,3,insertion,cervix,0.02375,-0.21087,0.05245,0.02375,-0.5238,0.37629,0.3042,0.02903,0.4932,0.0471,18.4663,0.21761,0.01313,1.0,left_humerus
full_linear,left_serratus_1,0,2,origin,cervix,0.02624,-0.01886,-0.02412,0.02624,-0.34255,0.27689,0.12295,0.12843,0.1993,0.2082,22.7559,0.08655,0.04838,16.25,
full_linear,left_serratus_1,1,2,insertion,left_scapula,-0.00569,0.00364,0.02482,0.05874,-0.2815,0.35405,0.06191,0.05127,0.1004,0.0831,22.7559,0.08655,0.04838,16.25,
full_linear,left_serratus_2,0,2,origin,cervix,0.01914,-0.05044,-0.02618,0.01914,-0.37414,0.2787,0.15455,0.12662,0.2506,0.2053,22.7559,0.08139,0.04549,16.25,
full_linear,left_serratus_2,1,2,insertion,left_scapula,-0.00683,-0.00541,0.02559,0.05751,-0.29037,0.356,0.07077,0.04932,0.1147,0.08,22.7559,0.08139,0.04549,16.25,
full_linear,left_serratus_3,0,2,origin,cervix,0.02026,-0.07584,0.00084,0.02026,-0.39606,0.30861,0.17647,0.09671,0.2861,0.1568,22.7559,0.08032,0.0449,16.25,
full_linear,left_serratus_3,1,2,insertion,left_scapula,-0.00673,-0.01184,0.02883,0.05742,-0.29629,0.36008,0.07669,0.04523,0.1243,0.0733,22.7559,0.08032,0.0449,16.25,
full_linear,left_serratus_4,0,2,origin,cervix,0.02258,-0.09421,0.02007,0.02258,-0.41195,0.32994,0.19235,0.07538,0.3119,0.1222,22.7559,0.09887,0.05527,16.25,
full_linear,left_serratus_4,1,2,insertion,left_scapula,-0.00796,-0.02356,0.02735,0.0562,-0.3081,0.36017,0.0885,0.04515,0.1435,0.0732,22.7559,0.09887,0.05527,16.25,
full_linear,left_serratus_5,0,2,origin,cervix,0.02509,-0.10999,0.03679,0.02509,-0.42558,0.34845,0.20598,0.05687,0.334,0.0922,22.7559,0.09758,0.05454,16.25,
full_linear,left_serratus_5,1,2,insertion,left_scapula,-0.00765,-0.00801,0.04309,0.05583,-0.29054,0.37362,0.07094,0.0317,0.115,0.0514,22.7559,0.09758,0.05454,16.25,
full_linear,left_serratus_6,0,2,origin,thorax,0.07414,-0.01866,0.01374,0.07414,-0.11935,0.24274,-0.10024,0.16257,-0.1625,0.2636,34.7993,0.06764,0.07935,15.0,
full_linear,left_serratus_6,1,2,insertion,left_scapula,0.00415,0.05758,0.02336,0.06892,-0.22825,0.34569,0.00866,0.05963,0.014,0.0967,34.7993,0.06764,0.07935,15.0,
full_linear,left_serratus_7,0,2,origin,thorax,0.07205,-0.04904,0.00649,0.07205,-0.14931,0.23391,-0.07028,0.1714,-0.114,0.2779,34.7993,0.06966,0.08172,15.0,
full_linear,left_serratus_7,1,2,insertion,left_scapula,4e-05,0.05104,0.02737,0.06458,-0.23419,0.35035,0.0146,0.05497,0.0237,0.0891,34.7993,0.06966,0.08172,15.0,
full_linear,left_serratus_8,0,2,origin,thorax,0.05734,-0.08359,-0.00597,0.05734,-0.18316,0.21966,-0.03643,0.18566,-0.0591,0.301,34.7993,0.06629,0.07777,15.0,
full_linear,left_serratus_8,1,2,insertion,left_scapula,-0.00201,0.04506,0.03353,0.0622,-0.23927,0.35717,0.01968,0.04815,0.0319,0.0781,34.7993,0.06629,0.07777,15.0,
full_linear,left_serratus_9,0,2,origin,thorax,0.05623,-0.11696,0.00059,0.05623,-0.21683,0.22447,-0.00277,0.18085,-0.0045,0.2932,34.7993,0.06882,0.08073,15.0,
full_linear,left_serratus_9,1,2,insertion,left_scapula,-0.00343,0.03787,0.03834,0.06051,-0.24574,0.36283,0.02614,0.04248,0.0424,0.0689,34.7993,0.06882,0.08073,15.0,
full_linear,left_serratus_10,0,2,origin,thorax,0.05173,-0.14994,0.0012,0.05173,-0.2498,0.22335,0.0302,0.18197,0.049,0.295,34.7993,0.06847,0.08032,15.0,
full_linear,left_serratus_10,1,2,insertion,left_scapula,-0.00496,0.02858,0.0443,0.05864,-0.25412,0.36994,0.03452,0.03538,0.056,0.0574,34.7993,0.06847,0.08032,15.0,
full_linear,left_serratus_11,0,2,origin,thorax,0.03682,-0.18139,0.00511,0.03682,-0.28141,0.22561,0.06181,0.17971,0.1002,0.2914,34.7993,0.06621,0.07767,15.0,
full_linear,left_serratus_11,1,2,insertion,left_scapula,-0.00587,0.01933,0.04218,0.05779,-0.26357,0.36906,0.04398,0.03626,0.0713,0.0588,34.7993,0.06621,0.07767,15.0,
full_linear,left_serratus_12,0,2,origin,thorax,0.03331,-0.2001,0.00603,0.03331,-0.30014,0.22555,0.08054,0.17977,0.1306,0.2915,34.7993,0.04871,0.05714,15.0,
full_linear,left_serratus_12,1,2,insertion,left_scapula,-0.0051,0.01268,0.03351,0.05895,-0.27136,0.36143,0.05176,0.04389,0.0839,0.0712,34.7993,0.04871,0.05714,15.0,
full_linear,left_pectoralis_profundus,0,2,origin,left_humerus,-0.00547,-0.01284,0.01254,0.06625,-0.32275,0.21298,0.10315,0.19234,0.1672,0.3118,249.1519,0.11409,0.0287,0.0,left_humerus
full_linear,left_pectoralis_profundus,1,2,insertion,thorax,0.0,-0.10342,-0.06043,0.0,-0.20012,0.16424,-0.01948,0.24108,-0.0316,0.3909,249.1519,0.11409,0.0287,0.0,left_humerus
full_linear,left_pectoralis_superficialis,0,2,origin,left_humerus,-0.00311,-0.01319,-0.02646,0.07,-0.29536,0.18536,0.07576,0.21996,0.1228,0.3566,249.1519,0.05236,0.01761,0.0,left_humerus
full_linear,left_pectoralis_superficialis,1,2,insertion,thorax,0.0,-0.19787,-0.05229,0.0,-0.29486,0.16743,0.07527,0.23789,0.122,0.3857,249.1519,0.05236,0.01761,0.0,left_humerus
full_linear,left_supraspinatus,0,2,origin,left_scapula,0.00493,-0.0116,-0.00603,0.07077,-0.30081,0.32614,0.08122,0.07918,0.1317,0.1284,280.2508,0.04526,0.07564,25.0,left_humerus
full_linear,left_supraspinatus,1,2,insertion,left_humerus,0.00389,-0.00565,0.02611,0.07467,-0.3271,0.22826,0.1075,0.17705,0.1743,0.2871,280.2508,0.04526,0.07564,25.0,left_humerus
full_linear,left_infraspinatus,0,2,origin,left_scapula,0.01176,0.01939,-0.00786,0.07784,-0.27036,0.32041,0.05076,0.08491,0.0823,0.1377,362.586,0.03035,0.09753,25.0,left_humerus
full_linear,left_infraspinatus,1,2,insertion,left_humerus,0.0132,-0.0021,0.01661,0.08408,-0.3177,0.22469,0.0981,0.18063,0.1591,0.2929,362.586,0.03035,0.09753,25.0,left_humerus
full_linear,left_subscapularis,0,2,origin,left_scapula,-0.00185,0.0109,-0.01094,0.06435,-0.27921,0.31786,0.05962,0.08746,0.0967,0.1418,481.3196,0.02087,0.08687,25.0,left_humerus
full_linear,left_subscapularis,1,2,insertion,left_humerus,-0.01778,0.01379,0.01916,0.05213,-0.30882,0.2356,0.08922,0.16972,0.1447,0.2752,481.3196,0.02087,0.08687,25.0,left_humerus
full_linear,left_deltoideus_sca,0,2,origin,left_scapula,0.01772,0.00387,0.00461,0.0831,-0.28402,0.33518,0.06442,0.07014,0.1044,0.1137,91.3262,0.07444,0.08381,10.0,left_humerus
full_linear,left_deltoideus_sca,1,2,insertion,left_humerus,0.01297,-0.00933,-0.02293,0.08568,-0.29485,0.19165,0.07525,0.21366,0.122,0.3464,91.3262,0.07444,0.08381,10.0,left_humerus
full_linear,left_deltoideus_acr,0,2,origin,left_scapula,0.02597,-0.00761,-0.08822,0.09582,-0.30812,0.24531,0.08852,0.16001,0.1435,0.2594,135.5123,0.02396,0.05806,20.0,
full_linear,left_deltoideus_acr,1,2,insertion,left_humerus,0.00992,-0.01257,-0.0318,0.08316,-0.29092,0.1829,0.07132,0.22241,0.1156,0.3606,135.5123,0.02396,0.05806,20.0,
full_linear,left_teres_major,0,2,origin,left_scapula,0.00975,0.05306,0.01139,0.07507,-0.23437,0.33474,0.01477,0.07058,0.0239,0.1144,61.8575,0.13365,0.03437,0.0,left_humerus
full_linear,left_teres_major,1,2,insertion,left_humerus,-0.01064,-0.00581,-0.02889,0.06213,-0.28856,0.18834,0.06897,0.21698,0.1118,0.3518,61.8575,0.13365,0.03437,0.0,left_humerus
full_linear,left_teres_minor,0,2,origin,left_scapula,0.00766,0.01871,-0.05631,0.0761,-0.27769,0.27237,0.0581,0.13295,0.0942,0.2156,43.5702,0.02791,0.04469,20.0,left_humerus
full_linear,left_teres_minor,1,2,insertion,left_humerus,0.01393,0.00413,0.00691,0.08478,-0.30642,0.22228,0.08683,0.18304,0.1408,0.2968,43.5702,0.02791,0.04469,20.0,left_humerus
full_linear,left_coracobrachialis,0,2,origin,left_scapula,-0.00818,-0.01649,-0.09183,0.06184,-0.31746,0.24128,0.09787,0.16403,0.1587,0.266,39.7502,0.02276,0.05779,30.0,
full_linear,left_coracobrachialis,1,2,insertion,left_humerus,-0.01034,-0.00015,-0.0314,0.06218,-0.28278,0.19057,0.06319,0.21475,0.1025,0.3482,39.7502,0.02276,0.05779,30.0,
full_linear,left_biceps_brachii,0,2,origin,left_scapula,0.001,-0.01437,-0.09653,0.07125,-0.31599,0.2368,0.09639,0.16852,0.1563,0.2732,195.5912,0.05006,0.16772,35.0,left_humerus left_antebrachium
full_linear,left_biceps_brachii,1,2,insertion,left_antebrachium,-0.01111,-0.00518,-0.01376,0.06535,-0.20748,0.09703,-0.01212,0.30829,-0.0196,0.4999,195.5912,0.05006,0.16772,35.0,left_humerus left_antebrachium
full_linear,left_brachialis,0,3,origin,left_scapula,0.00612,0.01285,-0.12814,0.07805,-0.29336,0.20203,0.07377,0.20328,0.1196,0.3296,61.7708,0.06438,0.10197,20.0,left_humerus left_antebrachium
full_linear,left_brachialis,1,3,via,left_antebrachium,-0.01141,-0.00667,-0.00758,0.06507,-0.20846,0.10331,-0.01113,0.30201,-0.0181,0.4897,61.7708,0.06438,0.10197,20.0,left_humerus left_antebrachium
full_linear,left_brachialis,2,3,insertion,left_antebrachium,-0.0082,0.01164,-0.01721,0.06834,-0.19101,0.09221,-0.02859,0.31311,-0.0463,0.5077,61.7708,0.06438,0.10197,20.0,left_humerus left_antebrachium
full_linear,left_triceps_caput_longum,0,2,origin,left_scapula,0.00266,0.01368,-0.06795,0.07166,-0.28428,0.2613,0.06468,0.14402,0.1049,0.2335,549.2491,0.06878,0.12004,21.0,
full_linear,left_triceps_caput_longum,1,2,insertion,left_antebrachium,-0.00542,0.03171,0.02905,0.07143,-0.16728,0.13669,-0.05231,0.26863,-0.0848,0.4355,549.2491,0.06878,0.12004,21.0,
full_linear,left_triceps_caput_laterale,0,2,origin,left_humerus,0.01322,-0.00337,-0.01155,0.08517,-0.29868,0.20391,0.07909,0.20141,0.1282,0.3266,249.1519,0.05889,0.09315,2.5,left_humerus left_antebrachium
full_linear,left_triceps_caput_laterale,1,2,insertion,left_antebrachium,0.00428,0.03012,0.01583,0.08106,-0.16999,0.1236,-0.0496,0.28172,-0.0804,0.4568,249.1519,0.05889,0.09315,2.5,left_humerus left_antebrachium
full_linear,left_triceps_caput_accessorium,0,2,origin,left_antebrachium,-0.0107,0.03555,0.02132,0.06613,-0.16405,0.12869,-0.05555,0.27663,-0.0901,0.4485,73.2712,0.06448,0.04285,2.5,left_humerus left_antebrachium
full_linear,left_triceps_caput_accessorium,1,2,insertion,left_humerus,0.00324,0.02053,0.00448,0.07321,-0.29331,0.2314,0.07371,0.17392,0.1195,0.282,73.2712,0.06448,0.04285,2.5,left_humerus left_antebrachium
full_linear,left_triceps_caput_medial,0,2,origin,left_antebrachium,-0.01391,0.0083,0.03746,0.06285,-0.18989,0.147,-0.02971,0.25832,-0.0482,0.4188,105.4605,0.06815,0.11181,30.0,left_humerus left_antebrachium
full_linear,left_triceps_caput_medial,1,2,insertion,left_humerus,-0.01137,-0.0038,-0.02723,0.06122,-0.28833,0.19088,0.06873,0.21444,0.1114,0.3477,105.4605,0.06815,0.11181,30.0,left_humerus left_antebrachium
full_linear,left_anconeus,0,3,origin,left_humerus,0.00574,0.02438,-0.15326,0.08105,-0.17898,0.1229,-0.04061,0.28242,-0.0659,0.4579,57.1838,0.00761,0.02106,15.0,left_humerus left_antebrachium
full_linear,left_anconeus,1,3,via,left_antebrachium,0.00783,0.00015,0.02827,0.0845,-0.19888,0.13841,-0.02072,0.2669,-0.0336,0.4327,57.1838,0.00761,0.02106,15.0,left_humerus left_antebrachium
full_linear,left_anconeus,2,3,insertion,left_antebrachium,0.00756,-0.00226,0.0298,0.08423,-0.20115,0.14014,-0.01845,0.26518,-0.0299,0.43,57.1838,0.00761,0.02106,15.0,left_humerus left_antebrachium
full_linear,left_pronator_teres,0,3,origin,left_humerus,-0.01927,0.01023,-0.13753,0.0564,-0.20054,0.12235,-0.01905,0.28297,-0.0309,0.4588,67.8818,0.01143,0.07873,35.0,left_humerus left_antebrachium
full_linear,left_pronator_teres,1,3,via,left_antebrachium,-0.01889,-0.00394,0.00453,0.05765,-0.20472,0.11519,-0.01488,0.29013,-0.0241,0.4704,67.8818,0.01143,0.07873,35.0,left_humerus left_antebrachium
full_linear,left_pronator_teres,2,3,insertion,left_antebrachium,-0.01022,-0.00997,-0.06259,0.06599,-0.21621,0.04875,-0.00338,0.35657,-0.0055,0.5781,67.8818,0.01143,0.07873,35.0,left_humerus left_antebrachium
full_linear,left_supinator,0,3,origin,left_humerus,0.01282,0.00275,-0.14474,0.08912,-0.20017,0.11415,-0.01943,0.29117,-0.0315,0.4721,11.9977,0.03134,0.01269,25.0,left_humerus left_antebrachium
full_linear,left_supinator,1,3,via,left_antebrachium,0.01294,-0.00104,0.00296,0.0895,-0.20214,0.11326,-0.01746,0.29205,-0.0283,0.4735,11.9977,0.03134,0.01269,25.0,left_humerus left_antebrachium
full_linear,left_supinator,2,3,insertion,left_antebrachium,-0.00067,-0.00774,-0.03606,0.07567,-0.2119,0.07497,-0.0077,0.33035,-0.0125,0.5356,11.9977,0.03134,0.01269,25.0,left_humerus left_antebrachium
full_linear,left_flexor_carpi_radialis,0,3,origin,left_humerus,0.01126,0.01735,-0.11259,0.08554,-0.21261,0.14704,-0.00698,0.25828,-0.0113,0.4188,57.463,0.07407,0.16163,15.0,
full_linear,left_flexor_carpi_radialis,1,3,via,left_antebrachium,-0.00631,-0.01534,-0.06667,0.06986,-0.22192,0.04509,0.00232,0.36023,0.0038,0.5841,57.463,0.07407,0.16163,15.0,
full_linear,left_flexor_carpi_radialis,2,3,insertion,left_carpus,-0.01265,-0.00586,-0.00393,0.06303,-0.22383,-0.0809,0.00423,0.48622,0.0069,0.7883,57.463,0.07407,0.16163,15.0,
full_linear,left_flexor_carpi_ulnaris,0,3,origin,left_humerus,0.01315,0.0098,-0.1465,0.08909,-0.19394,0.1179,-0.02566,0.28742,-0.0416,0.466,283.4406,0.02394,0.22869,35.0,left_humerus left_antebrachium left_carpus
full_linear,left_flexor_carpi_ulnaris,1,3,via,left_antebrachium,0.00871,0.01616,-0.10371,0.08488,-0.19361,0.00556,-0.02599,0.39976,-0.0421,0.6481,283.4406,0.02394,0.22869,35.0,left_humerus left_antebrachium left_carpus
full_linear,left_flexor_carpi_ulnaris,2,3,insertion,left_carpus,0.01217,0.00512,-0.0018,0.08775,-0.21434,-0.08723,-0.00526,0.49254,-0.0085,0.7986,283.4406,0.02394,0.22869,35.0,left_humerus left_antebrachium left_carpus
full_linear,left_extensor_carpi_ulnaris,0,3,origin,left_carpus,-0.00817,0.0137,0.02504,0.06786,-0.18995,-0.07247,-0.02965,0.47779,-0.0481,0.7747,135.3576,0.01793,0.2296,35.0,left_humerus left_antebrachium left_carpus
full_linear,left_extensor_carpi_ulnaris,1,3,via,left_antebrachium,-0.00834,0.02547,0.00467,0.06837,-0.17546,0.11291,-0.04414,0.29241,-0.0716,0.4741,135.3576,0.01793,0.2296,35.0,left_humerus left_antebrachium left_carpus
full_linear,left_extensor_carpi_ulnaris,2,3,insertion,left_humerus,-0.0099,0.03676,-0.14209,0.06431,-0.17841,0.13846,-0.04119,0.26686,-0.0668,0.4327,135.3576,0.01793,0.2296,35.0,left_humerus left_antebrachium left_carpus
full_linear,left_extensor_carpi_radialis,0,4,origin,left_humerus,-0.01913,0.01276,-0.14298,0.05658,-0.1949,0.12029,-0.0247,0.28503,-0.04,0.4621,117.639,0.06151,0.19372,30.0,left_humerus left_antebrachium left_carpus
full_linear,left_extensor_carpi_radialis,1,4,via,left_antebrachium,-0.02139,-0.0024,-0.0171,0.05507,-0.20492,0.09352,-0.01468,0.3118,-0.0238,0.5055,117.639,0.06151,0.19372,30.0,left_humerus left_antebrachium left_carpus
full_linear,left_extensor_carpi_radialis,2,4,via,left_carpus,-0.02095,0.00942,0.00366,0.0547,-0.20734,-0.08524,-0.01225,0.49056,-0.0199,0.7954,117.639,0.06151,0.19372,30.0,left_humerus left_antebrachium left_carpus
full_linear,left_extensor_carpi_radialis,3,4,insertion,left_carpus,-0.00993,0.00844,-0.02631,0.06511,-0.22811,-0.10717,0.00852,0.51249,0.0138,0.8309,117.639,0.06151,0.19372,30.0,left_humerus left_antebrachium left_carpus
full_linear,left_abductor_policis_longum,0,3,origin,left_carpus,-0.02512,0.00851,-0.00384,0.05038,-0.213,-0.09011,-0.00659,0.49543,-0.0107,0.8033,77.7972,0.00725,0.11408,30.0,left_antebrachium left_carpus
full_linear,left_abductor_policis_longum,1,3,via,left_carpus,-0.02532,0.00257,0.00422,0.05043,-0.21205,-0.08015,-0.00755,0.48547,-0.0122,0.7871,77.7972,0.00725,0.11408,30.0,left_antebrachium left_carpus
full_linear,left_abductor_policis_longum,2,3,insertion,left_antebrachium,0.00319,-0.00152,-0.09868,0.07929,-0.21079,0.01203,-0.00881,0.39329,-0.0143,0.6377,77.7972,0.00725,0.11408,30.0,left_antebrachium left_carpus
full_linear,right_trapezius_cervical,0,2,origin,right_scapula,-0.02121,-0.00079,-0.00986,-0.08632,-0.29068,0.31958,0.07108,0.08574,0.1152,0.139,44.34,0.06955,0.03859,7.5,
full_linear,right_trapezius_cervical,1,2,insertion,cervix,0.0,-0.01029,0.06891,0.0,-0.3227,0.36818,0.10311,0.03713,0.1672,0.0602,44.34,0.06955,0.03859,7.5,
full_linear,right_trapezius_thoracic,0,2,origin,right_scapula,-0.01702,0.00234,0.0098,-0.08308,-0.28487,0.33881,0.06527,0.06651,0.1058,0.1078,58.8334,0.07548,0.03919,10.0,
full_linear,right_trapezius_thoracic,1,2,insertion,thorax,-0.00632,-0.1179,0.16775,-0.00632,-0.22652,0.39135,0.00692,0.01397,0.0112,0.0226,58.8334,0.07548,0.03919,10.0,
full_linear,right_rhomboideus_thoracic,0,2,origin,right_scapula,0.00044,0.04735,0.03767,-0.06676,-0.23644,0.36107,0.01684,0.04425,0.0273,0.0717,58.9098,0.04345,0.03094,11.25,
full_linear,right_rhomboideus_thoracic,1,2,insertion,thorax,-0.00608,-0.11277,0.16399,-0.00608,-0.2212,0.38786,0.0016,0.01746,0.0026,0.0283,58.9098,0.04345,0.03094,11.25,
full_linear,right_rhomboideus_cervicis,0,2,origin,right_scapula,0.02324,0.00789,0.04758,-0.04468,-0.27413,0.3774,0.05453,0.02792,0.0884,0.0453,101.7866,0.0545,0.19637,12.5,
full_linear,right_rhomboideus_cervicis,1,2,insertion,cervix,-0.00274,-0.14652,0.08612,-0.00274,-0.45582,0.40187,0.23623,0.00345,0.383,0.0056,101.7866,0.0545,0.19637,12.5,
full_linear,right_latissimus_dorsi,0,2,origin,thorax,-0.00084,0.07482,0.19937,-0.00084,-0.03572,0.43301,-0.18388,-0.02769,-0.2981,-0.0449,125.1545,0.3368,0.02613,0.0,
full_linear,right_latissimus_dorsi,1,2,insertion,right_scapula,-0.00296,0.02443,-0.15164,-0.06103,-0.28513,0.17675,0.06553,0.22857,0.1063,0.3706,125.1545,0.3368,0.02613,0.0,
full_linear,right_brachiocephalicus_1,0,3,origin,right_humerus,-0.00933,-0.00376,-0.07433,-0.06629,-0.25496,0.15778,0.03537,0.24754,0.0573,0.4013,18.4663,0.28756,0.01734,1.0,right_humerus
full_linear,right_brachiocephalicus_1,1,3,via,right_humerus,0.00017,-0.0219,-0.02828,-0.05736,-0.30018,0.17816,0.08058,0.22716,0.1307,0.3683,18.4663,0.28756,0.01734,1.0,right_humerus
full_linear,right_brachiocephalicus_1,2,3,insertion,cervix,-6e-05,-0.11578,0.08114,-6e-05,-0.42592,0.39318,0.20632,0.01214,0.3345,0.0197,18.4663,0.28756,0.01734,1.0,right_humerus
full_linear,right_brachiocephalicus_2,0,3,origin,right_humerus,-0.00933,-0.00376,-0.07433,-0.06629,-0.25496,0.15778,0.03537,0.24754,0.0573,0.4013,18.4663,0.21761,0.01313,1.0,right_humerus
full_linear,right_brachiocephalicus_2,1,3,via,right_humerus,0.00017,-0.0219,-0.02828,-0.05736,-0.30018,0.17816,0.08058,0.22716,0.1307,0.3683,18.4663,0.21761,0.01313,1.0,right_humerus
full_linear,right_brachiocephalicus_2,2,3,insertion,cervix,-0.02375,-0.21087,0.05245,-0.02375,-0.5238,0.37629,0.3042,0.02903,0.4932,0.0471,18.4663,0.21761,0.01313,1.0,right_humerus
full_linear,right_serratus_1,0,2,origin,cervix,-0.02624,-0.01886,-0.02412,-0.02624,-0.34255,0.27689,0.12295,0.12843,0.1993,0.2082,22.7559,0.08655,0.04838,16.25,
full_linear,right_serratus_1,1,2,insertion,right_scapula,0.00806,0.00369,0.02415,-0.05872,-0.28152,0.35405,0.06192,0.05127,0.1004,0.0831,22.7559,0.08655,0.04838,16.25,
full_linear,right_serratus_2,0,2,origin,cervix,-0.01914,-0.05044,-0.02618,-0.01914,-0.37414,0.2787,0.15455,0.12662,0.2506,0.2053,22.7559,0.08139,0.04549,16.25,
full_linear,right_serratus_2,1,2,insertion,right_scapula,0.00935,-0.00535,0.0248,-0.05751,-0.29038,0.356,0.07079,0.04932,0.1148,0.08,22.7559,0.08139,0.04549,16.25,
full_linear,right_serratus_3,0,2,origin,cervix,-0.02026,-0.07584,0.00084,-0.02026,-0.39606,0.30861,0.17647,0.09671,0.2861,0.1568,22.7559,0.08032,0.0449,16.25,
full_linear,right_serratus_3,1,2,insertion,right_scapula,0.00961,-0.01177,0.02802,-0.05744,-0.29631,0.36008,0.07671,0.04523,0.1244,0.0733,22.7559,0.08032,0.0449,16.25,
full_linear,right_serratus_4,0,2,origin,cervix,-0.02258,-0.09421,0.02007,-0.02258,-0.41195,0.32994,0.19235,0.07538,0.3119,0.1222,22.7559,0.09887,0.05527,16.25,
full_linear,right_serratus_4,1,2,insertion,right_scapula,0.01079,-0.02348,0.02643,-0.05624,-0.30812,0.36017,0.08852,0.04515,0.1435,0.0732,22.7559,0.09887,0.05527,16.25,
full_linear,right_serratus_5,0,2,origin,cervix,-0.02509,-0.10999,0.03679,-0.02509,-0.42558,0.34845,0.20598,0.05687,0.334,0.0922,22.7559,0.09758,0.05454,16.25,
full_linear,right_serratus_5,1,2,insertion,right_scapula,0.01189,-0.00793,0.04213,-0.05583,-0.29056,0.37362,0.07096,0.03169,0.1151,0.0514,22.7559,0.09758,0.05454,16.25,
full_linear,right_serratus_6,0,2,origin,thorax,-0.07414,-0.01866,0.01374,-0.07414,-0.11935,0.24274,-0.10024,0.16257,-0.1625,0.2636,34.7993,0.06764,0.07935,15.0,
full_linear,right_serratus_6,1,2,insertion,right_scapula,-0.00232,0.05756,0.02368,-0.06878,-0.22825,0.34569,0.00865,0.05963,0.014,0.0967,34.7993,0.06764,0.07935,15.0,
full_linear,right_serratus_7,0,2,origin,thorax,-0.07205,-0.04904,0.00649,-0.07205,-0.14931,0.23391,-0.07028,0.1714,-0.114,0.2779,34.7993,0.06966,0.08172,15.0,
full_linear,right_serratus_7,1,2,insertion,right_scapula,0.00222,0.05105,0.02727,-0.06446,-0.23419,0.35035,0.0146,0.05497,0.0237,0.0891,34.7993,0.06966,0.08172,15.0,
full_linear,right_serratus_8,0,2,origin,thorax,-0.05734,-0.08359,-0.00597,-0.05734,-0.18316,0.21966,-0.03643,0.18566,-0.0591,0.301,34.7993,0.06629,0.07777,15.0,
full_linear,right_serratus_8,1,2,insertion,right_scapula,0.00491,0.04509,0.03319,-0.0621,-0.23928,0.35717,0.01968,0.04815,0.0319,0.0781,34.7993,0.06629,0.07777,15.0,
full_linear,right_serratus_9,0,2,origin,thorax,-0.05623,-0.11696,0.00059,-0.05623,-0.21683,0.22447,-0.00277,0.18085,-0.0045,0.2932,34.7993,0.06882,0.08073,15.0,
full_linear,right_serratus_9,1,2,insertion,right_scapula,0.00685,0.03791,0.03783,-0.06041,-0.24575,0.36284,0.02615,0.04248,0.0424,0.0689,34.7993,0.06882,0.08073,15.0,
full_linear,right_serratus_10,0,2,origin,thorax,-0.05173,-0.14994,0.0012,-0.05173,-0.2498,0.22335,0.0302,0.18197,0.049,0.295,34.7993,0.06847,0.08032,15.0,
full_linear,right_serratus_10,1,2,insertion,right_scapula,0.00904,0.02864,0.04362,-0.05856,-0.25413,0.36994,0.03454,0.03538,0.056,0.0574,34.7993,0.06847,0.08032,15.0,
full_linear,right_serratus_11,0,2,origin,thorax,-0.03682,-0.18139,0.00511,-0.03682,-0.28141,0.22561,0.06181,0.17971,0.1002,0.2914,34.7993,0.06621,0.07767,15.0,
full_linear,right_serratus_11,1,2,insertion,right_scapula,0.00981,0.0194,0.04141,-0.05773,-0.26359,0.36906,0.044,0.03626,0.0713,0.0588,34.7993,0.06621,0.07767,15.0,
full_linear,right_serratus_12,0,2,origin,thorax,-0.03331,-0.2001,0.00603,-0.03331,-0.30014,0.22555,0.08054,0.17977,0.1306,0.2915,34.7993,0.04871,0.05714,15.0,
full_linear,right_serratus_12,1,2,insertion,right_scapula,0.00825,0.01273,0.03285,-0.05891,-0.27137,0.36143,0.05178,0.04389,0.0839,0.0712,34.7993,0.04871,0.05714,15.0,
full_linear,right_pectoralis_profundus,0,2,origin,right_humerus,0.0062,-0.01307,0.01196,-0.0533,-0.32229,0.21319,0.10269,0.19213,0.1665,0.3115,249.1519,0.11409,0.0287,0.0,right_humerus
full_linear,right_pectoralis_profundus,1,2,insertion,thorax,0.0,-0.10342,-0.06043,0.0,-0.20012,0.16424,-0.01948,0.24108,-0.0316,0.3909,249.1519,0.11409,0.0287,0.0,right_humerus
full_linear,right_pectoralis_superficialis,0,2,origin,right_humerus,-9e-05,-0.01324,-0.02662,-0.0582,-0.29524,0.18541,0.07564,0.21991,0.1226,0.3565,249.1519,0.05236,0.01761,0.0,right_humerus
full_linear,right_pectoralis_superficialis,1,2,insertion,thorax,0.0,-0.19787,-0.05229,0.0,-0.29486,0.16743,0.07527,0.23789,0.122,0.3857,249.1519,0.05236,0.01761,0.0,right_humerus
full_linear,right_supraspinatus,0,2,origin,right_scapula,-0.0054,-0.01164,-0.00552,-0.07079,-0.3008,0.32614,0.0812,0.07918,0.1317,0.1284,280.2508,0.04526,0.07564,25.0,right_humerus
full_linear,right_supraspinatus,1,2,insertion,right_humerus,-0.00146,-0.00555,0.02638,-0.0619,-0.32731,0.22817,0.10771,0.17715,0.1746,0.2872,280.2508,0.04526,0.07564,25.0,right_humerus
full_linear,right_infraspinatus,0,2,origin,right_scapula,-0.01263,0.01929,-0.00667,-0.0778,-0.27033,0.32041,0.05073,0.08491,0.0823,0.1377,362.586,0.03035,0.09753,25.0,right_humerus
full_linear,right_infraspinatus,1,2,insertion,right_humerus,-0.01153,-0.00161,0.01785,-0.07188,-0.31867,0.22424,0.09908,0.18108,0.1606,0.2936,362.586,0.03035,0.09753,25.0,right_humerus
full_linear,right_subscapularis,0,2,origin,right_scapula,0.00068,0.01091,-0.01106,-0.06433,-0.27922,0.31786,0.05962,0.08746,0.0967,0.1418,481.3196,0.02087,0.08687,25.0,right_humerus
full_linear,right_subscapularis,1,2,insertion,right_humerus,0.02015,0.01305,0.01725,-0.04115,-0.30733,0.23629,0.08773,0.16903,0.1422,0.2741,481.3196,0.02087,0.08687,25.0,right_humerus
full_linear,right_deltoideus_sca,0,2,origin,right_scapula,-0.01722,0.00372,0.00633,-0.08309,-0.28398,0.33517,0.06438,0.07014,0.1044,0.1137,91.3262,0.07444,0.08381,10.0,right_humerus
full_linear,right_deltoideus_sca,1,2,insertion,right_humerus,-0.01557,-0.00877,-0.02149,-0.07409,-0.29597,0.19114,0.07638,0.21418,0.1238,0.3473,91.3262,0.07444,0.08381,10.0,right_humerus
full_linear,right_deltoideus_acr,0,2,origin,right_scapula,-0.03441,-0.00786,-0.08526,-0.09586,-0.30805,0.24531,0.08845,0.16001,0.1434,0.2594,135.5123,0.02396,0.05806,20.0,
full_linear,right_deltoideus_acr,1,2,insertion,right_humerus,-0.01356,-0.0121,-0.03062,-0.07156,-0.29184,0.18248,0.07225,0.22284,0.1171,0.3613,135.5123,0.02396,0.05806,20.0,
full_linear,right_teres_major,0,2,origin,right_scapula,-0.00903,0.05299,0.01231,-0.07495,-0.23435,0.33474,0.01475,0.07058,0.0239,0.1144,61.8575,0.13365,0.03437,0.0,right_humerus
full_linear,right_teres_major,1,2,insertion,right_humerus,0.00744,-0.00616,-0.0298,-0.051,-0.28785,0.18866,0.06826,0.21666,0.1107,0.3513,61.8575,0.13365,0.03437,0.0,right_humerus
full_linear,right_teres_minor,0,2,origin,right_scapula,-0.01328,0.01862,-0.05529,-0.07607,-0.27767,0.27237,0.05807,0.13295,0.0942,0.2156,43.5702,0.02791,0.04469,20.0,right_humerus
full_linear,right_teres_minor,1,2,insertion,right_humerus,-0.01299,0.00466,0.00826,-0.07338,-0.30748,0.22179,0.08789,0.18353,0.1425,0.2976,43.5702,0.02791,0.04469,20.0,right_humerus
full_linear,right_coracobrachialis,0,2,origin,right_scapula,-0.00071,-0.01646,-0.09219,-0.0619,-0.31747,0.24128,0.09787,0.16403,0.1587,0.266,39.7502,0.02276,0.05779,30.0,
full_linear,right_coracobrachialis,1,2,insertion,right_humerus,0.00711,-0.00049,-0.03228,-0.05158,-0.2821,0.19089,0.0625,0.21443,0.1013,0.3477,39.7502,0.02276,0.05779,30.0,
full_linear,right_biceps_brachii,0,2,origin,right_scapula,-0.01032,-0.01441,-0.09597,-0.07131,-0.31597,0.2368,0.09638,0.16852,0.1563,0.2732,195.5912,0.05006,0.16772,35.0,right_humerus right_antebrachium
full_linear,right_biceps_brachii,1,2,insertion,right_antebrachium,0.01171,-0.0052,-0.01324,-0.04305,-0.2076,0.09745,-0.012,0.30786,-0.0195,0.4992,195.5912,0.05006,0.16772,35.0,right_humerus right_antebrachium
full_linear,right_brachialis,0,3,origin,right_scapula,-0.01873,0.01275,-0.12693,-0.07805,-0.29333,0.20203,0.07374,0.20329,0.1196,0.3296,61.7708,0.06438,0.10197,20.0,right_humerus right_antebrachium
full_linear,right_brachialis,1,3,via,right_antebrachium,0.01172,-0.0067,-0.00705,-0.04301,-0.20858,0.10374,-0.01101,0.30158,-0.0179,0.489,61.7708,0.06438,0.10197,20.0,right_humerus right_antebrachium
full_linear,right_brachialis,2,3,insertion,right_antebrachium,0.009,0.01162,-0.01682,-0.04569,-0.1911,0.09254,-0.0285,0.31278,-0.0462,0.5071,61.7708,0.06438,0.10197,20.0,right_humerus right_antebrachium
full_linear,right_triceps_caput_longum,0,2,origin,right_scapula,-0.0094,0.01363,-0.06736,-0.07164,-0.28426,0.2613,0.06467,0.14402,0.1048,0.2335,549.2491,0.06878,0.12004,21.0,
full_linear,right_triceps_caput_longum,1,2,insertion,right_antebrachium,0.00418,0.0317,0.02927,-0.05019,-0.16733,0.13687,-0.05226,0.26845,-0.0847,0.4353,549.2491,0.06878,0.12004,21.0,
full_linear,right_triceps_caput_laterale,0,2,origin,right_humerus,-0.01444,-0.00283,-0.01016,-0.07372,-0.29977,0.20341,0.08018,0.20191,0.13,0.3274,249.1519,0.05889,0.09315,2.5,right_humerus right_antebrachium
full_linear,right_triceps_caput_laterale,1,2,insertion,right_antebrachium,-0.00492,0.03013,0.01562,-0.05936,-0.16995,0.12343,-0.04965,0.28189,-0.0805,0.457,249.1519,0.05889,0.09315,2.5,right_humerus right_antebrachium
full_linear,right_triceps_caput_accessorium,0,2,origin,right_antebrachium,0.00981,0.03553,0.02179,-0.04457,-0.16415,0.12908,-0.05545,0.27624,-0.0899,0.4479,73.2712,0.06448,0.04285,2.5,right_humerus right_antebrachium
full_linear,right_triceps_caput_accessorium,1,2,insertion,right_humerus,-0.00197,0.02063,0.00475,-0.06322,-0.29351,0.23131,0.07391,0.17401,0.1198,0.2821,73.2712,0.06448,0.04285,2.5,right_humerus right_antebrachium
full_linear,right_triceps_caput_medial,0,2,origin,right_antebrachium,0.01222,0.00826,0.03805,-0.04224,-0.19002,0.14749,-0.02957,0.25783,-0.0479,0.418,105.4605,0.06815,0.11181,30.0,right_humerus right_antebrachium
full_linear,right_triceps_caput_medial,1,2,insertion,right_humerus,0.00842,-0.00418,-0.02823,-0.0502,-0.28755,0.19124,0.06795,0.21408,0.1102,0.3471,105.4605,0.06815,0.11181,30.0,right_humerus right_antebrachium
full_linear,right_anconeus,0,3,origin,right_humerus,-0.02019,0.02488,-0.15195,-0.0761,-0.18,0.12243,-0.03959,0.28289,-0.0642,0.4587,57.1838,0.00761,0.02106,15.0,right_humerus right_antebrachium
full_linear,right_anconeus,1,3,via,right_antebrachium,-0.00911,0.00017,0.02789,-0.06365,-0.19879,0.1381,-0.0208,0.26722,-0.0337,0.4333,57.1838,0.00761,0.02106,15.0,right_humerus right_antebrachium
full_linear,right_anconeus,2,3,insertion,right_antebrachium,-0.00891,-0.00224,0.02943,-0.06347,-0.20107,0.13983,-0.01853,0.26549,-0.03,0.4305,57.1838,0.00761,0.02106,15.0,right_humerus right_antebrachium
full_linear,right_pronator_teres,0,3,origin,right_humerus,0.00571,0.00974,-0.13879,-0.04983,-0.19956,0.1228,-0.02004,0.28252,-0.0325,0.4581,67.8818,0.01143,0.07873,35.0,right_humerus right_antebrachium
full_linear,right_pronator_teres,1,3,via,right_antebrachium,0.01866,-0.00398,0.00539,-0.03601,-0.20491,0.11589,-0.01468,0.28943,-0.0238,0.4693,67.8818,0.01143,0.07873,35.0,right_humerus right_antebrachium
full_linear,right_pronator_teres,2,3,insertion,right_antebrachium,0.01303,-0.01,-0.06206,-0.04197,-0.21633,0.04918,-0.00326,0.35614,-0.0053,0.5774,67.8818,0.01143,0.07873,35.0,right_humerus right_antebrachium
full_linear,right_supinator,0,3,origin,right_humerus,-0.02722,0.00354,-0.14272,-0.08216,-0.20174,0.11342,-0.01785,0.29189,-0.0289,0.4733,11.9977,0.03134,0.01269,25.0,right_humerus right_antebrachium
full_linear,right_supinator,1,3,via,right_antebrachium,-0.01307,-0.00101,0.00237,-0.06774,-0.202,0.11278,-0.01759,0.29254,-0.0285,0.4743,11.9977,0.03134,0.01269,25.0,right_humerus right_antebrachium
full_linear,right_supinator,2,3,insertion,right_antebrachium,0.00229,-0.00775,-0.03599,-0.05259,-0.21192,0.07503,-0.00768,0.33029,-0.0125,0.5355,11.9977,0.03134,0.01269,25.0,right_humerus right_antebrachium
full_linear,right_flexor_carpi_radialis,0,3,origin,right_humerus,-0.02185,0.018,-0.11092,-0.07881,-0.21392,0.14644,-0.00568,0.25888,-0.0092,0.4197,57.463,0.07407,0.16163,15.0,
full_linear,right_flexor_carpi_radialis,1,3,via,right_antebrachium,0.00929,-0.01536,-0.06632,-0.04576,-0.222,0.04538,0.0024,0.35994,0.0039,0.5836,57.463,0.07407,0.16163,15.0,
full_linear,right_flexor_carpi_radialis,2,3,insertion,right_carpus,0.01273,-0.00623,-0.00299,-0.04279,-0.2236,-0.08055,0.004,0.48587,0.0065,0.7878,57.463,0.07407,0.16163,15.0,
full_linear,right_flexor_carpi_ulnaris,0,3,origin,right_humerus,-0.02745,0.01059,-0.14445,-0.08275,-0.19554,0.11716,-0.02406,0.28816,-0.039,0.4672,283.4406,0.02394,0.22869,35.0,right_humerus right_antebrachium right_carpus
full_linear,right_flexor_carpi_ulnaris,1,3,via,right_antebrachium,-0.00395,0.01618,-0.104,-0.059,-0.19354,0.00533,-0.02605,0.39999,-0.0422,0.6485,283.4406,0.02394,0.22869,35.0,right_humerus right_antebrachium right_carpus
full_linear,right_flexor_carpi_ulnaris,2,3,insertion,right_carpus,-0.01185,0.00548,-0.00269,-0.0675,-0.21456,-0.08755,-0.00504,0.49287,-0.0082,0.7991,283.4406,0.02394,0.22869,35.0,right_humerus right_antebrachium right_carpus
full_linear,right_extensor_carpi_ulnaris,0,3,origin,right_carpus,0.00669,0.01348,0.0256,-0.04848,-0.18981,-0.07226,-0.02978,0.47758,-0.0483,0.7743,135.3576,0.01793,0.2296,35.0,right_humerus right_antebrachium right_carpus
full_linear,right_extensor_carpi_ulnaris,1,3,via,right_antebrachium,0.00818,0.02545,0.00505,-0.04633,-0.17554,0.11321,-0.04406,0.2921,-0.0714,0.4736,135.3576,0.01793,0.2296,35.0,right_humerus right_antebrachium right_carpus
full_linear,right_extensor_carpi_ulnaris,2,3,insertion,right_humerus,-0.00303,0.03663,-0.14243,-0.06004,-0.17814,0.13859,-0.04146,0.26673,-0.0672,0.4325,135.3576,0.01793,0.2296,35.0,right_humerus right_antebrachium right_carpus
full_linear,right_extensor_carpi_radialis,0,4,origin,right_humerus,0.00512,0.01229,-0.14421,-0.05038,-0.19394,0.12073,-0.02565,0.28459,-0.0416,0.4614,117.639,0.06151,0.19372,30.0,right_humerus right_antebrachium right_carpus
full_linear,right_extensor_carpi_radialis,1,4,via,right_antebrachium,0.02214,-0.00245,-0.01611,-0.03262,-0.20515,0.09433,-0.01445,0.31099,-0.0234,0.5042,117.639,0.06151,0.19372,30.0,right_humerus right_antebrachium right_carpus
full_linear,right_extensor_carpi_radialis,2,4,via,right_carpus,0.02089,0.0088,0.00521,-0.03465,-0.20696,-0.08466,-0.01264,0.48998,-0.0205,0.7944,117.639,0.06151,0.19372,30.0,right_humerus right_antebrachium right_carpus
full_linear,right_extensor_carpi_radialis,3,4,insertion,right_carpus,0.01209,0.00812,-0.0255,-0.04408,-0.22791,-0.10687,0.00831,0.51219,0.0135,0.8304,117.639,0.06151,0.19372,30.0,right_humerus right_antebrachium right_carpus
full_linear,right_abductor_policis_longum,0,3,origin,right_carpus,0.02558,0.00776,-0.00196,-0.0301,-0.21254,-0.08942,-0.00706,0.49474,-0.0114,0.8021,77.7972,0.00725,0.11408,30.0,right_antebrachium right_carpus
full_linear,right_abductor_policis_longum,1,3,via,right_carpus,0.025,0.00184,0.00609,-0.03044,-0.21158,-0.07946,-0.00801,0.48478,-0.013,0.786,77.7972,0.00725,0.11408,30.0,right_antebrachium right_carpus
full_linear,right_abductor_policis_longum,2,3,insertion,right_antebrachium,0.00129,-0.00152,-0.09872,-0.05383,-0.21078,0.012,-0.00882,0.39332,-0.0143,0.6377,77.7972,0.00725,0.11408,30.0,right_antebrachium right_carpus
full_linear,left_longissimus,0,2,origin,pelvis,0.02959,0.00659,-0.01202,0.02959,0.15787,0.38441,-0.37747,0.02091,-0.612,0.0339,1.0,0.01,0.0,0.0,
full_linear,left_longissimus,1,2,insertion,thorax,0.02552,-0.08467,0.12568,0.02552,-0.19113,0.35108,-0.02846,0.05424,-0.0462,0.0879,1.0,0.01,0.0,0.0,
full_linear,left_quadratus_lumborum,0,2,origin,pelvis,0.03466,-0.02145,-0.02702,0.03466,0.1421,0.3568,-0.36169,0.04851,-0.5864,0.0787,1.0,0.01,0.0,0.0,
full_linear,left_quadratus_lumborum,1,2,insertion,thorax,0.00516,-0.00432,0.13748,0.00516,-0.11151,0.36707,-0.10809,0.03825,-0.1752,0.062,1.0,0.01,0.0,0.0,
full_linear,left_iliocostalis,0,2,origin,pelvis,0.03685,-0.01125,-0.00486,0.03685,0.13896,0.38099,-0.35855,0.02433,-0.5813,0.0394,1.0,0.01,0.0,0.0,
full_linear,left_iliocostalis,1,2,insertion,thorax,0.02771,-0.10938,0.11044,0.02771,-0.21501,0.33456,-0.00459,0.07075,-0.0074,0.1147,1.0,0.01,0.0,0.0,
full_linear,right_longissimus,0,2,origin,pelvis,-0.03189,0.00659,-0.01202,-0.03189,0.15787,0.38441,-0.37747,0.02091,-0.612,0.0339,1.0,0.01,0.0,0.0,
full_linear,right_longissimus,1,2,insertion,thorax,-0.02552,-0.08467,0.12568,-0.02552,-0.19113,0.35108,-0.02846,0.05424,-0.0462,0.0879,1.0,0.01,0.0,0.0,
full_linear,right_quadratus_lumborum,0,2,origin,pelvis,-0.03521,-0.01749,-0.02918,-0.03521,0.1466,0.35708,-0.36619,0.04824,-0.5937,0.0782,1.0,0.01,0.0,0.0,
full_linear,right_quadratus_lumborum,1,2,insertion,thorax,-0.00309,-0.00416,0.13702,-0.00309,-0.11133,0.36661,-0.10827,0.0387,-0.1755,0.0628,1.0,0.01,0.0,0.0,
full_linear,right_iliocostalis,0,2,origin,pelvis,-0.03923,-0.01129,-0.00517,-0.03923,0.13909,0.38071,-0.35869,0.02461,-0.5816,0.0399,1.0,0.01,0.0,0.0,
full_linear,right_iliocostalis,1,2,insertion,thorax,-0.0277,-0.11235,0.11056,-0.0277,-0.21798,0.33453,-0.00161,0.07079,-0.0026,0.1148,1.0,0.01,0.0,0.0,
full_linear,left_sacrocaudalis,0,2,origin,cauda,0.01508,0.06939,0.0183,0.01508,0.21425,0.413,-0.43384,-0.00768,-0.7034,-0.0125,1.0,0.01,0.0,0.0,
full_linear,left_sacrocaudalis,1,2,insertion,abdomen,0.01098,0.01654,0.03546,0.01098,-0.04583,0.42947,-0.17377,-0.02415,-0.2817,-0.0392,1.0,0.01,0.0,0.0,
full_linear,left_psoas_major,0,2,origin,left_femur,-0.01032,0.00837,-0.02654,0.04496,0.20298,0.2762,-0.42257,0.12912,-0.6851,0.2093,37.9161,0.06764,0.10399,27.36,left_femur
full_linear,left_psoas_major,1,2,insertion,abdomen,0.02734,0.04867,0.00284,0.02734,-0.01203,0.39857,-0.20756,0.00674,-0.3365,0.0109,37.9161,0.06764,0.10399,27.36,left_femur
full_linear,left_psoas_minor,0,2,origin,pelvis,0.02739,-0.01935,-0.09857,0.02739,0.18189,0.29731,-0.40149,0.10801,-0.651,0.1751,37.9161,0.06668,0.1025,44.33,
full_linear,left_psoas_minor,1,2,insertion,abdomen,0.00912,-0.00102,-0.00319,0.00912,-0.06134,0.38995,-0.15826,0.01537,-0.2566,0.0249,37.9161,0.06668,0.1025,44.33,
full_linear,left_adductor_longus,0,2,origin,left_femur,0.00188,0.01254,-0.03959,0.05704,0.20417,0.26244,-0.42377,0.14287,-0.6871,0.2316,68.88,0.0207,0.03398,28.0,left_femur
full_linear,left_adductor_longus,1,2,insertion,pelvis,0.01397,-0.0196,-0.11369,0.01397,0.18971,0.28437,-0.40931,0.12095,-0.6636,0.1961,68.88,0.0207,0.03398,28.0,left_femur
full_linear,left_gemelli,0,2,origin,left_femur,0.00726,0.01208,-0.00865,0.06269,0.21053,0.29268,-0.43012,0.11264,-0.6974,0.1826,51.36,0.01046,0.02672,42.92,left_femur
full_linear,left_gemelli,1,2,insertion,pelvis,0.04339,0.02213,-0.11616,0.04339,0.22638,0.30444,-0.44598,0.10087,-0.7231,0.1636,51.36,0.01046,0.02672,42.92,left_femur
full_linear,left_gluteus_medius,0,2,origin,left_femur,0.01359,0.00555,0.00169,0.06912,0.20643,0.30415,-0.42602,0.10117,-0.6907,0.164,513.2042,0.03845,0.06153,36.89,left_femur
full_linear,left_gluteus_medius,1,2,insertion,pelvis,0.03803,-0.00456,-0.02447,0.03803,0.15505,0.36794,-0.37465,0.03738,-0.6074,0.0606,513.2042,0.03845,0.06153,36.89,left_femur
full_linear,left_gluteus_profundus,0,2,origin,left_femur,0.01473,0.00234,-0.00565,0.07021,0.20168,0.29768,-0.42128,0.10764,-0.683,0.1745,126.96,0.00832,0.05253,26.42,left_femur
full_linear,left_gluteus_profundus,1,2,insertion,pelvis,0.03504,0.00099,-0.06688,0.03504,0.18228,0.33496,-0.40188,0.07036,-0.6516,0.1141,126.96,0.00832,0.05253,26.42,left_femur
full_linear,left_gluteus_superficialis,0,2,origin,pelvis,0.00033,0.02332,-0.03568,0.00033,0.18462,0.37325,-0.40422,0.03207,-0.6554,0.052,127.4565,0.07149,0.05838,42.87,left_femur
full_linear,left_gluteus_superficialis,1,2,insertion,left_femur,0.01459,0.01453,-0.01248,0.06999,0.21207,0.28834,-0.43167,0.11698,-0.6999,0.1897,127.4565,0.07149,0.05838,42.87,left_femur
full_linear,left_iliacus,0,2,origin,left_femur,-0.00946,0.00871,-0.02471,0.04584,0.20371,0.2779,-0.42331,0.12742,-0.6863,0.2066,75.8322,0.03015,0.04636,15.79,left_femur
full_linear,left_iliacus,1,2,insertion,pelvis,0.03535,-0.01931,-0.05312,0.03535,0.15778,0.33583,-0.37737,0.06949,-0.6119,0.1127,75.8322,0.03015,0.04636,15.79,left_femur
full_linear,left_obturator_ext,0,2,origin,left_femur,0.00421,0.01161,-0.01487,0.05959,0.2087,0.28674,-0.4283,0.11857,-0.6944,0.1923,132.96,0.01875,0.02626,33.48,left_femur
full_linear,left_obturator_ext,1,2,insertion,pelvis,0.02407,0.00988,-0.13467,0.02407,0.22584,0.28226,-0.44544,0.12306,-0.7222,0.1995,132.96,0.01875,0.02626,33.48,left_femur
full_linear,left_obturator_int,0,2,origin,pelvis,0.0862,-0.0006,-0.11623,0.0862,0.20716,0.29231,-0.42676,0.11301,-0.6919,0.1832,188.4,0.01601,0.03523,26.0,left_femur
full_linear,left_obturator_int,1,2,insertion,left_femur,-0.01532,0.02345,-0.00778,0.04011,0.22181,0.29123,-0.44141,0.11409,-0.7157,0.185,188.4,0.01601,0.03523,26.0,left_femur
full_linear,left_piriformis,0,2,origin,left_femur,0.02924,0.00698,0.0051,0.0848,0.20857,0.30702,-0.42816,0.0983,-0.6942,0.1594,104.3504,0.05836,0.11024,31.27,left_femur
full_linear,left_piriformis,1,2,insertion,pelvis,0.03945,0.02141,-0.04928,0.03945,0.19023,0.36072,-0.40982,0.0446,-0.6645,0.0723,104.3504,0.05836,0.11024,31.27,left_femur
full_linear,left_pectineus,0,2,origin,left_femur,-0.0029,-0.00795,-0.13824,0.05144,0.1625,0.17076,-0.38209,0.23456,-0.6195,0.3803,191.76,0.03766,0.12054,41.62,left_femur
full_linear,left_pectineus,1,2,insertion,pelvis,0.02665,-0.01907,-0.10564,0.02665,0.18589,0.29147,-0.40548,0.11385,-0.6574,0.1846,191.76,0.03766,0.12054,41.62,left_femur
full_linear,left_sartorius_caudal,0,3,origin,pelvis,0.04474,-0.03144,-0.01852,0.04474,0.12911,0.3587,-0.34871,0.04662,-0.5654,0.0756,21.7012,0.22579,0.06577,39.37,left_femur left_crus
full_linear,left_sartorius_caudal,1,3,via,left_crus,-0.00877,-0.01813,-0.01936,0.04439,0.15314,0.11331,-0.37274,0.29201,-0.6043,0.4735,21.7012,0.22579,0.06577,39.37,left_femur left_crus
full_linear,left_sartorius_caudal,2,3,insertion,left_crus,-0.00382,-0.02382,-0.047,0.04828,0.15775,0.08531,-0.37735,0.32001,-0.6118,0.5189,21.7012,0.22579,0.06577,39.37,left_femur left_crus
full_linear,left_sartorius_cranial,0,3,origin,pelvis,0.04885,-0.02229,-0.00219,0.04885,0.12819,0.37739,-0.34779,0.02792,-0.5639,0.0453,66.24,0.18837,0.07883,39.37,left_femur left_crus
full_linear,left_sartorius_cranial,1,3,via,left_crus,0.00373,-0.02524,0.00727,0.05777,0.13701,0.13514,-0.3566,0.27018,-0.5782,0.4381,66.24,0.18837,0.07883,39.37,left_femur left_crus
full_linear,left_sartorius_cranial,2,3,insertion,left_crus,0.00413,-0.02587,0.00233,0.05799,0.13819,0.13029,-0.35779,0.27503,-0.5801,0.4459,66.24,0.18837,0.07883,39.37,left_femur left_crus
full_linear,left_tensor_fasciae,0,2,origin,pelvis,0.04537,-0.02863,-0.01749,0.04537,0.13095,0.36106,-0.35054,0.04426,-0.5684,0.0718,51.2274,0.13469,0.02711,48.71,left_femur
full_linear,left_tensor_fasciae,1,2,insertion,left_femur,0.0261,-0.00869,-0.08768,0.08088,0.17288,0.21999,-0.39247,0.18533,-0.6363,0.3005,51.2274,0.13469,0.02711,48.71,left_femur
full_linear,left_quadratus_femoris,0,2,origin,pelvis,0.04284,0.02709,-0.14526,0.04284,0.24605,0.28243,-0.46565,0.12288,-0.755,0.1992,64.8,0.02843,0.01669,30.22,left_femur
full_linear,left_quadratus_femoris,1,2,insertion,left_femur,0.00108,0.01527,-0.02774,0.05634,0.20944,0.27342,-0.42903,0.1319,-0.6956,0.2139,64.8,0.02843,0.01669,30.22,left_femur
full_linear,left_vastus_lateralis,0,3,origin,left_femur,0.01378,0.00168,-0.02182,0.06911,0.19748,0.28206,-0.41708,0.12326,-0.6762,0.1998,487.68,0.08996,0.15346,50.54,left_femur left_crus
full_linear,left_vastus_lateralis,1,3,via,left_crus,0.01298,-0.02343,-0.00394,0.06663,0.14274,0.12498,-0.36234,0.28034,-0.5875,0.4545,487.68,0.08996,0.15346,50.54,left_femur left_crus
full_linear,left_vastus_lateralis,2,3,insertion,left_crus,0.00777,-0.02466,-0.02954,0.06048,0.15075,0.10086,-0.37034,0.30446,-0.6005,0.4936,487.68,0.08996,0.15346,50.54,left_femur left_crus
full_linear,left_vastus_medialis,0,3,origin,left_femur,-0.0045,-0.00077,-0.02753,0.05079,0.19384,0.2772,-0.41344,0.12812,-0.6703,0.2077,513.84,0.04727,0.16983,37.62,left_femur left_crus
full_linear,left_vastus_medialis,1,3,via,left_crus,0.0002,-0.022,0.00577,0.05422,0.14056,0.13503,-0.36016,0.27029,-0.5839,0.4382,513.84,0.04727,0.16983,37.62,left_femur left_crus
full_linear,left_vastus_medialis,2,3,insertion,left_crus,-9e-05,-0.02531,-0.02964,0.05262,0.15015,0.10083,-0.36975,0.30449,-0.5995,0.4937,513.84,0.04727,0.16983,37.62,left_femur left_crus
full_linear,left_rectus_femoris,0,3,origin,pelvis,0.04247,-0.01037,-0.08273,0.04247,0.18108,0.3155,-0.40068,0.08982,-0.6496,0.1456,444.1453,0.04521,0.2098,34.72,left_femur left_crus
full_linear,left_rectus_femoris,1,3,via,left_crus,0.0082,-0.02466,0.00563,0.06218,0.13815,0.13366,-0.35775,0.27166,-0.58,0.4405,444.1453,0.04521,0.2098,34.72,left_femur left_crus
full_linear,left_rectus_femoris,2,3,insertion,left_crus,0.00293,-0.02451,-0.02754,0.05572,0.15016,0.10296,-0.36975,0.30236,-0.5995,0.4902,444.1453,0.04521,0.2098,34.72,left_femur left_crus
full_linear,left_abductor_cruris,0,3,origin,pelvis,0.03213,0.03241,-0.099,0.03213,0.22597,0.32445,-0.44557,0.08087,-0.7224,0.1311,5.6471,0.22742,0.08206,0.0,left_femur left_crus
full_linear,left_abductor_cruris,1,3,via,left_crus,0.01169,0.06227,-0.03327,0.06516,0.23326,0.12836,-0.45285,0.27696,-0.7342,0.4491,5.6471,0.22742,0.08206,0.0,left_femur left_crus
full_linear,left_abductor_cruris,2,3,insertion,left_crus,0.01067,-0.02628,-0.11352,0.06033,0.17933,0.02182,-0.39893,0.3835,-0.6468,0.6218,5.6471,0.22742,0.08206,0.0,left_femur left_crus
full_linear,left_adductoren,0,2,origin,left_femur,0.00745,0.00154,-0.09453,0.06215,0.18136,0.21122,-0.40095,0.1941,-0.6501,0.3147,342.3875,0.0652,0.03153,28.0,left_femur
full_linear,left_adductoren,1,2,insertion,pelvis,0.01156,0.00171,-0.13817,0.01156,0.22078,0.27495,-0.44037,0.13037,-0.714,0.2114,342.3875,0.0652,0.03153,28.0,left_femur
full_linear,left_biceps_femoris_longum,0,3,origin,pelvis,0.0604,0.03354,-0.13468,0.0604,0.24589,0.29482,-0.46549,0.1105,-0.7547,0.1792,284.2208,0.07889,0.14069,38.55,left_femur left_crus
full_linear,left_biceps_femoris_longum,1,3,via,left_crus,0.02234,0.05541,-0.02541,0.07602,0.22408,0.13283,-0.44367,0.27248,-0.7194,0.4418,284.2208,0.07889,0.14069,38.55,left_femur left_crus
full_linear,left_biceps_femoris_longum,2,3,insertion,left_crus,0.01144,-0.02539,-0.03943,0.06378,0.15362,0.09123,-0.37322,0.31408,-0.6051,0.5092,284.2208,0.07889,0.14069,38.55,left_femur left_crus
full_linear,left_biceps_femoris_breve,0,3,origin,left_femur,0.01779,0.03788,-0.07086,0.07264,0.22201,0.22623,-0.44161,0.17909,-0.716,0.2904,400.0,0.06353,0.11329,0.0,left_femur left_crus
full_linear,left_biceps_femoris_breve,1,3,via,left_crus,0.02234,0.05541,-0.02541,0.07602,0.22408,0.13283,-0.44367,0.27248,-0.7194,0.4418,400.0,0.06353,0.11329,0.0,left_femur left_crus
full_linear,left_biceps_femoris_breve,2,3,insertion,left_crus,0.01144,-0.02539,-0.03943,0.06378,0.15362,0.09123,-0.37322,0.31408,-0.6051,0.5092,400.0,0.06353,0.11329,0.0,left_femur left_crus
full_linear,left_gracilis_tractus_calcaneus,0,3,origin,pelvis,0.01018,0.00644,-0.14411,0.01018,0.22794,0.27243,-0.44754,0.13289,-0.7256,0.2155,217.6883,0.16507,0.08512,50.39,left_femur left_crus
full_linear,left_gracilis_tractus_calcaneus,1,3,via,left_crus,-0.02625,0.03855,-0.02788,0.02721,0.20906,0.12632,-0.42865,0.279,-0.695,0.4524,217.6883,0.16507,0.08512,50.39,left_femur left_crus
full_linear,left_gracilis_tractus_calcaneus,2,3,insertion,left_crus,-0.00547,-0.01866,-0.06932,0.04588,0.17056,0.06638,-0.39015,0.33894,-0.6326,0.5495,217.6883,0.16507,0.08512,50.39,left_femur left_crus
full_linear,left_semimembranosus,0,3,origin,pelvis,0.04321,0.03547,-0.1506,0.04321,0.25598,0.28236,-0.47557,0.12296,-0.7711,0.1994,223.3075,0.16401,0.0354,27.69,left_femur left_crus
full_linear,left_semimembranosus,1,3,via,left_crus,-0.01567,0.01062,-0.00464,0.03833,0.17469,0.13759,-0.39428,0.26772,-0.6393,0.4341,223.3075,0.16401,0.0354,27.69,left_femur left_crus
full_linear,left_semimembranosus,2,3,insertion,left_crus,-0.00768,-0.01285,-0.01671,0.04563,0.15713,0.11763,-0.37672,0.28769,-0.6108,0.4664,223.3075,0.16401,0.0354,27.69,left_femur left_crus
full_linear,left_semitendinosus,0,3,origin,pelvis,0.0585,0.03289,-0.13964,0.0585,0.24797,0.29028,-0.46757,0.11504,-0.7581,0.1865,83.9375,0.18363,0.0673,34.9,left_femur left_crus
full_linear,left_semitendinosus,1,3,via,left_crus,-0.0182,0.03921,-0.04833,0.03452,0.21702,0.10717,-0.43662,0.29815,-0.7079,0.4834,83.9375,0.18363,0.0673,34.9,left_femur left_crus
full_linear,left_semitendinosus,2,3,insertion,left_crus,-0.00558,-0.01686,-0.07023,0.04576,0.17256,0.06619,-0.39216,0.33913,-0.6358,0.5499,83.9375,0.18363,0.0673,34.9,left_femur left_crus
full_linear,left_gastrocnemius_lateralis,0,3,origin,left_femur,0.01764,0.00175,-0.16023,0.07177,0.16712,0.147,-0.38672,0.25832,-0.627,0.4188,604.4022,0.02336,0.22723,26.73,left_femur left_crus left_calx
full_linear,left_gastrocnemius_lateralis,1,3,via,left_crus,0.0216,0.02183,-0.01331,0.07537,0.18839,0.13213,-0.40798,0.27319,-0.6615,0.4429,604.4022,0.02336,0.22723,26.73,left_femur left_crus left_calx
full_linear,left_gastrocnemius_lateralis,2,3,insertion,left_calx,0.0134,0.01852,0.03918,0.06142,0.28055,-0.04915,-0.50014,0.45447,-0.8109,0.7369,604.4022,0.02336,0.22723,26.73,left_femur left_crus left_calx
full_linear,left_gastrocnemius_medialis,0,3,origin,left_femur,-0.00517,0.00045,-0.15717,0.04899,0.16652,0.15046,-0.38612,0.25486,-0.626,0.4132,488.1962,0.03493,0.24724,38.02,left_femur left_crus left_calx
full_linear,left_gastrocnemius_medialis,1,3,via,left_crus,-0.00495,0.02477,-0.02284,0.04853,0.19446,0.12528,-0.41405,0.28004,-0.6713,0.454,488.1962,0.03493,0.24724,38.02,left_femur left_crus left_calx
full_linear,left_gastrocnemius_medialis,2,3,insertion,left_calx,0.01047,0.01907,0.03965,0.0585,0.28128,-0.04883,-0.50087,0.45415,-0.8121,0.7363,488.1962,0.03493,0.24724,38.02,left_femur left_crus left_calx
full_linear,left_peroneus_longus,0,3,origin,left_crus,0.01923,-0.00099,-0.02763,0.07225,0.1722,0.11068,-0.39179,0.29463,-0.6352,0.4777,327.1443,0.13793,0.1131,20.0,left_crus left_calx
full_linear,left_peroneus_longus,1,3,via,left_calx,0.02091,0.00798,-0.00147,0.06629,0.24671,-0.07467,-0.46631,0.47999,-0.756,0.7782,327.1443,0.13793,0.1131,20.0,left_crus left_calx
full_linear,left_peroneus_longus,2,3,insertion,left_calx,0.01886,0.02309,-0.01217,0.06239,0.25168,-0.09219,-0.47127,0.49751,-0.7641,0.8066,327.1443,0.13793,0.1131,20.0,left_crus left_calx
full_linear,left_tibialis_caudalis,0,3,origin,left_calx,-0.00735,0.00199,0.01177,0.03965,0.25043,-0.05774,-0.47002,0.46306,-0.7621,0.7508,45.0,0.10237,0.08253,20.0,left_crus left_calx
full_linear,left_tibialis_caudalis,1,3,via,left_crus,-0.00569,0.01251,-0.20865,0.04094,0.24957,-0.05242,-0.46916,0.45774,-0.7607,0.7422,45.0,0.10237,0.08253,20.0,left_crus left_calx
full_linear,left_tibialis_caudalis,2,3,insertion,left_crus,0.01587,0.01251,-0.03045,0.06893,0.18581,0.11301,-0.4054,0.29231,-0.6573,0.4739,45.0,0.10237,0.08253,20.0,left_crus left_calx
full_linear,left_tibialis_cranialis,0,3,origin,left_calx,-0.00662,0.02479,-0.00879,0.03721,0.25513,-0.08799,-0.47472,0.49331,-0.7697,0.7998,45.0,0.11974,0.09653,20.0,left_crus left_calx
full_linear,left_tibialis_cranialis,1,3,via,left_calx,-0.0065,0.00664,-0.00316,0.03898,0.2446,-0.07226,-0.4642,0.47758,-0.7526,0.7743,45.0,0.11974,0.09653,20.0,left_crus left_calx
full_linear,left_tibialis_cranialis,2,3,insertion,left_crus,0.0051,-0.02123,-0.03952,0.05749,0.15752,0.09288,-0.37711,0.31244,-0.6114,0.5066,45.0,0.11974,0.09653,20.0,left_crus left_calx
full_linear,left_popliteus,0,3,origin,left_femur,0.01925,0.00411,-0.17816,0.07322,0.16548,0.12896,-0.38508,0.27635,-0.6244,0.4481,119.2033,0.01221,0.04508,43.35,left_femur left_crus
full_linear,left_popliteus,1,3,via,left_crus,0.01997,-0.00068,-0.00863,0.07368,0.16568,0.12849,-0.38528,0.27683,-0.6247,0.4488,119.2033,0.01221,0.04508,43.35,left_femur left_crus
full_linear,left_popliteus,2,3,insertion,left_crus,-0.00735,0.0037,-0.04395,0.04515,0.18233,0.09813,-0.40193,0.30719,-0.6517,0.4981,119.2033,0.01221,0.04508,43.35,left_femur left_crus
full_linear,right_sacrocaudalis,0,2,origin,cauda,-0.01508,0.06939,0.0183,-0.01508,0.21425,0.413,-0.43384,-0.00768,-0.7034,-0.0125,1.0,0.01,0.0,0.0,
full_linear,right_sacrocaudalis,1,2,insertion,abdomen,-0.01098,0.01654,0.03546,-0.01098,-0.04583,0.42947,-0.17377,-0.02415,-0.2817,-0.0392,1.0,0.01,0.0,0.0,
full_linear,right_psoas_major,0,2,origin,right_femur,0.0108,0.00836,-0.02635,-0.04498,0.203,0.2762,-0.4226,0.12912,-0.6852,0.2093,37.9161,0.06764,0.10399,27.36,right_femur
full_linear,right_psoas_major,1,2,insertion,abdomen,-0.02734,0.04867,0.00284,-0.02734,-0.01203,0.39857,-0.20756,0.00674,-0.3365,0.0109,37.9161,0.06764,0.10399,27.36,right_femur
full_linear,right_psoas_minor,0,2,origin,pelvis,-0.02969,-0.01935,-0.09857,-0.02969,0.18189,0.29731,-0.40149,0.10801,-0.651,0.1751,37.9161,0.06668,0.1025,44.33,
full_linear,right_psoas_minor,1,2,insertion,abdomen,-0.00912,-0.00102,-0.00319,-0.00912,-0.06134,0.38995,-0.15826,0.01537,-0.2566,0.0249,37.9161,0.06668,0.1025,44.33,
full_linear,right_adductor_longus,0,2,origin,right_femur,-0.00116,0.01254,-0.03962,-0.05706,0.20417,0.26245,-0.42377,0.14287,-0.6871,0.2316,68.88,0.0207,0.03398,28.0,right_femur
full_linear,right_adductor_longus,1,2,insertion,pelvis,-0.01627,-0.0196,-0.11369,-0.01627,0.18971,0.28437,-0.40931,0.12095,-0.6636,0.1961,68.88,0.0207,0.03398,28.0,right_femur
full_linear,right_gemelli,0,2,origin,right_femur,-0.00708,0.01209,-0.00878,-0.06271,0.21051,0.29268,-0.43011,0.11264,-0.6974,0.1826,51.36,0.01046,0.02672,42.92,right_femur
full_linear,right_gemelli,1,2,insertion,pelvis,-0.04569,0.02213,-0.11616,-0.04569,0.22638,0.30444,-0.44598,0.10087,-0.7231,0.1636,51.36,0.01046,0.02672,42.92,right_femur
full_linear,right_gluteus_medius,0,2,origin,right_femur,-0.01361,0.00557,0.00145,-0.06914,0.2064,0.30415,-0.42599,0.10117,-0.6907,0.164,513.2042,0.03845,0.06153,36.89,right_femur
full_linear,right_gluteus_medius,1,2,insertion,pelvis,-0.04033,-0.00456,-0.02447,-0.04033,0.15505,0.36794,-0.37465,0.03738,-0.6074,0.0606,513.2042,0.03845,0.06153,36.89,right_femur
full_linear,right_gluteus_profundus,0,2,origin,right_femur,-0.01463,0.00236,-0.00591,-0.07021,0.20165,0.29768,-0.42124,0.10764,-0.683,0.1745,126.96,0.00832,0.05253,26.42,right_femur
full_linear,right_gluteus_profundus,1,2,insertion,pelvis,-0.03734,0.00099,-0.06688,-0.03734,0.18228,0.33496,-0.40188,0.07036,-0.6516,0.1141,126.96,0.00832,0.05253,26.42,right_femur
full_linear,right_gluteus_superficialis,0,2,origin,pelvis,-0.00263,0.02332,-0.03568,-0.00263,0.18462,0.37325,-0.40422,0.03207,-0.6554,0.052,127.4565,0.07149,0.05838,42.87,right_femur
full_linear,right_gluteus_superficialis,1,2,insertion,right_femur,-0.01435,0.01455,-0.01273,-0.07001,0.21204,0.28834,-0.43164,0.11697,-0.6998,0.1897,127.4565,0.07149,0.05838,42.87,right_femur
full_linear,right_iliacus,0,2,origin,right_femur,0.0099,0.0087,-0.02454,-0.04586,0.20373,0.2779,-0.42333,0.12742,-0.6864,0.2066,75.8322,0.03015,0.04636,15.79,right_femur
full_linear,right_iliacus,1,2,insertion,pelvis,-0.03765,-0.01931,-0.05312,-0.03765,0.15778,0.33583,-0.37737,0.06949,-0.6119,0.1127,75.8322,0.03015,0.04636,15.79,right_femur
full_linear,right_obturator_ext,0,2,origin,right_femur,-0.00393,0.01162,-0.01494,-0.05961,0.20869,0.28675,-0.42829,0.11857,-0.6944,0.1922,132.96,0.01875,0.02626,33.48,right_femur
full_linear,right_obturator_ext,1,2,insertion,pelvis,-0.02637,0.00988,-0.13467,-0.02637,0.22584,0.28226,-0.44544,0.12306,-0.7222,0.1995,132.96,0.01875,0.02626,33.48,right_femur
full_linear,right_obturator_int,0,2,origin,pelvis,-0.0885,-0.0006,-0.11623,-0.0885,0.20716,0.29231,-0.42676,0.11301,-0.6919,0.1832,188.4,0.01601,0.03523,26.0,right_femur
full_linear,right_obturator_int,1,2,insertion,right_femur,0.01548,0.02343,-0.0075,-0.04015,0.22185,0.29123,-0.44144,0.11409,-0.7157,0.185,188.4,0.01601,0.03523,26.0,right_femur
full_linear,right_piriformis,0,2,origin,right_femur,-0.02932,0.00702,0.00458,-0.08482,0.2085,0.30703,-0.4281,0.09829,-0.6941,0.1594,104.3504,0.05836,0.11024,31.27,right_femur
full_linear,right_piriformis,1,2,insertion,pelvis,-0.04175,0.02141,-0.04928,-0.04175,0.19023,0.36072,-0.40982,0.0446,-0.6645,0.0723,104.3504,0.05836,0.11024,31.27,right_femur
full_linear,right_pectineus,0,2,origin,right_femur,0.00534,-0.00795,-0.13816,-0.05138,0.16251,0.17076,-0.3821,0.23456,-0.6195,0.3803,191.76,0.03766,0.12054,41.62,right_femur
full_linear,right_pectineus,1,2,insertion,pelvis,-0.02895,-0.01907,-0.10564,-0.02895,0.18589,0.29147,-0.40548,0.11385,-0.6574,0.1846,191.76,0.03766,0.12054,41.62,right_femur
full_linear,right_sartorius_caudal,0,3,origin,pelvis,-0.04704,-0.03144,-0.01852,-0.04704,0.12911,0.3587,-0.34871,0.04662,-0.5654,0.0756,21.7012,0.22579,0.06577,39.37,right_femur right_crus
full_linear,right_sartorius_caudal,1,3,via,right_crus,0.01039,-0.01801,-0.01866,-0.04749,0.15307,0.11329,-0.37267,0.29203,-0.6042,0.4735,21.7012,0.22579,0.06577,39.37,right_femur right_crus
full_linear,right_sartorius_caudal,2,3,insertion,right_crus,0.00753,-0.02375,-0.04658,-0.05142,0.1577,0.08529,-0.3773,0.32002,-0.6117,0.5189,21.7012,0.22579,0.06577,39.37,right_femur right_crus
full_linear,right_sartorius_cranial,0,3,origin,pelvis,-0.05115,-0.02229,-0.00219,-0.05115,0.12819,0.37739,-0.34779,0.02792,-0.5639,0.0453,66.24,0.18837,0.07883,39.37,right_femur right_crus
full_linear,right_sartorius_cranial,1,3,via,right_crus,-0.00393,-0.02529,0.00699,-0.06095,0.13704,0.13515,-0.35663,0.27017,-0.5782,0.438,66.24,0.18837,0.07883,39.37,right_femur right_crus
full_linear,right_sartorius_cranial,2,3,insertion,right_crus,-0.00396,-0.02592,0.00203,-0.06117,0.13822,0.1303,-0.35782,0.27502,-0.5802,0.4459,66.24,0.18837,0.07883,39.37,right_femur right_crus
full_linear,right_tensor_fasciae,0,2,origin,pelvis,-0.04767,-0.02863,-0.01749,-0.04767,0.13095,0.36106,-0.35054,0.04426,-0.5684,0.0718,51.2274,0.13469,0.02711,48.71,right_femur
full_linear,right_tensor_fasciae,1,2,insertion,right_femur,-0.02456,-0.00866,-0.08813,-0.08084,0.17282,0.21999,-0.39242,0.18533,-0.6363,0.3005,51.2274,0.13469,0.02711,48.71,right_femur
full_linear,right_quadratus_femoris,0,2,origin,pelvis,-0.04514,0.0271,-0.14526,-0.04514,0.24605,0.28243,-0.46565,0.12289,-0.755,0.1992,64.8,0.02843,0.01669,30.22,right_femur
full_linear,right_quadratus_femoris,1,2,insertion,right_femur,-0.00056,0.01527,-0.02775,-0.05636,0.20943,0.27342,-0.42903,0.1319,-0.6956,0.2139,64.8,0.02843,0.01669,30.22,right_femur
full_linear,right_vastus_lateralis,0,3,origin,right_femur,-0.01338,0.0017,-0.02206,-0.06911,0.19745,0.28206,-0.41705,0.12326,-0.6762,0.1998,487.68,0.08996,0.15346,50.54,right_femur right_crus
full_linear,right_vastus_lateralis,1,3,via,right_crus,-0.01236,-0.02359,-0.00487,-0.06979,0.14284,0.12501,-0.36244,0.28031,-0.5876,0.4545,487.68,0.08996,0.15346,50.54,right_femur right_crus
full_linear,right_vastus_lateralis,2,3,insertion,right_crus,-0.00528,-0.02474,-0.03001,-0.06364,0.1508,0.10088,-0.37039,0.30444,-0.6005,0.4936,487.68,0.08996,0.15346,50.54,right_femur right_crus
full_linear,right_vastus_medialis,0,3,origin,right_femur,0.00498,-0.00078,-0.02744,-0.05079,0.19385,0.27719,-0.41345,0.12812,-0.6703,0.2077,513.84,0.04727,0.16983,37.62,right_femur right_crus
full_linear,right_vastus_medialis,1,3,via,right_crus,-0.00034,-0.022,0.00575,-0.05738,0.14056,0.13503,-0.36016,0.27029,-0.5839,0.4382,513.84,0.04727,0.16983,37.62,right_femur right_crus
full_linear,right_vastus_medialis,2,3,insertion,right_crus,0.00257,-0.02529,-0.02954,-0.05578,0.15014,0.10082,-0.36974,0.30449,-0.5995,0.4937,513.84,0.04727,0.16983,37.62,right_femur right_crus
full_linear,right_rectus_femoris,0,3,origin,pelvis,-0.04477,-0.01037,-0.08273,-0.04477,0.18108,0.3155,-0.40068,0.08982,-0.6496,0.1456,444.1453,0.04521,0.2098,34.72,right_femur right_crus
full_linear,right_rectus_femoris,1,3,via,right_crus,-0.00827,-0.02476,0.00503,-0.06536,0.13821,0.13367,-0.35781,0.27164,-0.5801,0.4404,444.1453,0.04521,0.2098,34.72,right_femur right_crus
full_linear,right_rectus_femoris,2,3,insertion,right_crus,-0.00061,-0.02453,-0.02767,-0.05888,0.15017,0.10296,-0.36977,0.30236,-0.5995,0.4902,444.1453,0.04521,0.2098,34.72,right_femur right_crus
full_linear,right_abductor_cruris,0,3,origin,pelvis,-0.03443,0.03242,-0.099,-0.03443,0.22597,0.32445,-0.44557,0.08087,-0.7224,0.1311,5.6471,0.22742,0.08206,0.0,right_femur right_crus
full_linear,right_abductor_cruris,1,3,via,right_crus,-0.01002,0.06213,-0.03406,-0.06762,0.23334,0.12838,-0.45294,0.27694,-0.7344,0.449,5.6471,0.22742,0.08206,0.0,right_femur right_crus
full_linear,right_abductor_cruris,2,3,insertion,right_crus,-0.00204,-0.02636,-0.11399,-0.06345,0.17938,0.02183,-0.39898,0.38349,-0.6469,0.6218,5.6471,0.22742,0.08206,0.0,right_femur right_crus
full_linear,right_adductoren,0,2,origin,right_femur,-0.00577,0.00155,-0.09465,-0.06213,0.18134,0.21122,-0.40094,0.1941,-0.6501,0.3147,342.3875,0.0652,0.03153,28.0,right_femur
full_linear,right_adductoren,1,2,insertion,pelvis,-0.01386,0.00171,-0.13817,-0.01386,0.22078,0.27495,-0.44037,0.13037,-0.714,0.2114,342.3875,0.0652,0.03153,28.0,right_femur
full_linear,right_biceps_femoris_longum,0,3,origin,pelvis,-0.0627,0.03354,-0.13468,-0.0627,0.24589,0.29482,-0.46549,0.1105,-0.7547,0.1792,284.2208,0.07889,0.14069,38.55,right_femur right_crus
full_linear,right_biceps_femoris_longum,1,3,via,right_crus,-0.02113,0.05514,-0.027,-0.07854,0.22424,0.13288,-0.44384,0.27243,-0.7196,0.4417,284.2208,0.07889,0.14069,38.55,right_femur right_crus
full_linear,right_biceps_femoris_longum,2,3,insertion,right_crus,-0.00821,-0.02551,-0.04014,-0.06694,0.1537,0.09126,-0.37329,0.31406,-0.6052,0.5092,284.2208,0.07889,0.14069,38.55,right_femur right_crus
full_linear,right_biceps_femoris_breve,0,3,origin,right_femur,-0.01648,0.0379,-0.07117,-0.0727,0.22197,0.22623,-0.44157,0.17909,-0.7159,0.2904,400.0,0.06353,0.11329,0.0,right_femur right_crus
full_linear,right_biceps_femoris_breve,1,3,via,right_crus,-0.02113,0.05514,-0.027,-0.07854,0.22424,0.13288,-0.44384,0.27243,-0.7196,0.4417,400.0,0.06353,0.11329,0.0,right_femur right_crus
full_linear,right_biceps_femoris_breve,2,3,insertion,right_crus,-0.00821,-0.02551,-0.04014,-0.06694,0.1537,0.09126,-0.37329,0.31406,-0.6052,0.5092,400.0,0.06353,0.11329,0.0,right_femur right_crus
full_linear,right_gracilis_tractus_calcaneus,0,3,origin,pelvis,-0.01248,0.00644,-0.14411,-0.01248,0.22794,0.27243,-0.44754,0.13289,-0.7256,0.2155,217.6883,0.16507,0.08512,50.39,right_femur right_crus
full_linear,right_gracilis_tractus_calcaneus,1,3,via,right_crus,0.02772,0.0389,-0.02591,-0.02985,0.20885,0.12625,-0.42845,0.27906,-0.6947,0.4525,217.6883,0.16507,0.08512,50.39,right_femur right_crus
full_linear,right_gracilis_tractus_calcaneus,2,3,insertion,right_crus,0.01074,-0.01856,-0.06873,-0.04896,0.17049,0.06636,-0.39009,0.33895,-0.6325,0.5496,217.6883,0.16507,0.08512,50.39,right_femur right_crus
full_linear,right_semimembranosus,0,3,origin,pelvis,-0.04551,0.03547,-0.1506,-0.04551,0.25598,0.28236,-0.47558,0.12296,-0.7711,0.1994,223.3075,0.16401,0.0354,27.69,right_femur right_crus
full_linear,right_semimembranosus,1,3,via,right_crus,0.01583,0.01082,-0.00349,-0.04121,0.17457,0.13756,-0.39416,0.26776,-0.6391,0.4341,223.3075,0.16401,0.0354,27.69,right_femur right_crus
full_linear,right_semimembranosus,2,3,insertion,right_crus,0.00904,-0.01274,-0.0161,-0.04869,0.15706,0.11761,-0.37666,0.28771,-0.6107,0.4665,223.3075,0.16401,0.0354,27.69,right_femur right_crus
full_linear,right_semitendinosus,0,3,origin,pelvis,-0.0608,0.03289,-0.13964,-0.0608,0.24797,0.29028,-0.46757,0.11504,-0.7581,0.1865,83.9375,0.18363,0.0673,34.9,right_femur right_crus
full_linear,right_semitendinosus,1,3,via,right_crus,0.02117,0.03946,-0.04689,-0.03714,0.21687,0.10712,-0.43647,0.29819,-0.7077,0.4835,83.9375,0.18363,0.0673,34.9,right_femur right_crus
full_linear,right_semitendinosus,2,3,insertion,right_crus,0.01089,-0.01676,-0.06963,-0.04882,0.17249,0.06617,-0.39209,0.33915,-0.6357,0.5499,83.9375,0.18363,0.0673,34.9,right_femur right_crus
full_linear,right_gastrocnemius_lateralis,0,3,origin,right_femur,-0.0148,0.00177,-0.16051,-0.07173,0.16708,0.147,-0.38668,0.25832,-0.6269,0.4188,604.4022,0.02336,0.22723,26.73,right_femur right_crus right_calx
full_linear,right_gastrocnemius_lateralis,1,3,via,right_crus,-0.02085,0.02156,-0.01486,-0.07817,0.18855,0.13218,-0.40815,0.27314,-0.6618,0.4429,604.4022,0.02336,0.22723,26.73,right_femur right_crus right_calx
full_linear,right_gastrocnemius_lateralis,2,3,insertion,right_calx,-0.01892,0.01965,0.03623,-0.0821,0.27956,-0.04875,-0.49916,0.45407,-0.8093,0.7362,604.4022,0.02336,0.22723,26.73,right_femur right_crus right_calx
full_linear,right_gastrocnemius_medialis,0,3,origin,right_femur,0.00795,0.00044,-0.15706,-0.04895,0.16654,0.15046,-0.38613,0.25486,-0.6261,0.4132,488.1962,0.03493,0.24724,38.02,right_femur right_crus right_calx
full_linear,right_gastrocnemius_medialis,1,3,via,right_crus,0.00628,0.02484,-0.02243,-0.05129,0.19441,0.12527,-0.41401,0.28005,-0.6713,0.4541,488.1962,0.03493,0.24724,38.02,right_femur right_crus right_calx
full_linear,right_gastrocnemius_medialis,2,3,insertion,right_calx,-0.01609,0.02001,0.03723,-0.07923,0.28047,-0.04851,-0.50006,0.45382,-0.8108,0.7358,488.1962,0.03493,0.24724,38.02,right_femur right_crus right_calx
full_linear,right_peroneus_longus,0,3,origin,right_crus,-0.01715,-0.00122,-0.02896,-0.07521,0.17234,0.11073,-0.39194,0.29459,-0.6355,0.4776,327.1443,0.13793,0.1131,20.0,right_crus right_calx
full_linear,right_peroneus_longus,1,3,via,right_calx,-0.0197,0.00941,-0.00517,-0.08555,0.24548,-0.07417,-0.46507,0.47949,-0.754,0.7774,327.1443,0.13793,0.1131,20.0,right_crus right_calx
full_linear,right_peroneus_longus,2,3,insertion,right_calx,-0.0147,0.02427,-0.01522,-0.08238,0.25066,-0.09178,-0.47025,0.49709,-0.7625,0.806,327.1443,0.13793,0.1131,20.0,right_crus right_calx
full_linear,right_tibialis_caudalis,0,3,origin,right_calx,0.00523,0.00155,0.01292,-0.05877,0.25081,-0.05789,-0.4704,0.46321,-0.7627,0.751,45.0,0.10237,0.08253,20.0,right_crus right_calx
full_linear,right_tibialis_caudalis,1,3,via,right_crus,0.02073,0.01267,-0.20768,-0.04368,0.24946,-0.05245,-0.46906,0.45777,-0.7605,0.7422,45.0,0.10237,0.08253,20.0,right_crus right_calx
full_linear,right_tibialis_caudalis,2,3,insertion,right_crus,-0.01377,0.01233,-0.03153,-0.07179,0.18592,0.11305,-0.40552,0.29227,-0.6575,0.4739,45.0,0.10237,0.08253,20.0,right_crus right_calx
full_linear,right_tibialis_cranialis,0,3,origin,right_calx,0.0098,0.02422,-0.00729,-0.05736,0.25563,-0.08819,-0.47522,0.49351,-0.7705,0.8002,45.0,0.11974,0.09653,20.0,right_crus right_calx
full_linear,right_tibialis_cranialis,1,3,via,right_calx,0.00741,0.00615,-0.00189,-0.05811,0.24502,-0.07243,-0.46462,0.47775,-0.7533,0.7746,45.0,0.11974,0.09653,20.0,right_crus right_calx
full_linear,right_tibialis_cranialis,2,3,insertion,right_crus,-0.00194,-0.02127,-0.03977,-0.06061,0.15754,0.09288,-0.37714,0.31243,-0.6115,0.5066,45.0,0.11974,0.09653,20.0,right_crus right_calx
full_linear,right_popliteus,0,3,origin,right_femur,-0.01608,0.00414,-0.17848,-0.07318,0.16544,0.12897,-0.38504,0.27635,-0.6243,0.4481,119.2033,0.01221,0.04508,43.35,right_femur right_crus
full_linear,right_popliteus,1,3,via,right_crus,-0.01928,-0.00093,-0.01007,-0.07666,0.16583,0.12853,-0.38543,0.27679,-0.6249,0.4488,119.2033,0.01221,0.04508,43.35,right_femur right_crus
full_linear,right_popliteus,2,3,insertion,right_crus,0.01048,0.00381,-0.0433,-0.04807,0.18227,0.09811,-0.40186,0.30721,-0.6516,0.4981,119.2033,0.01221,0.04508,43.35,right_femur right_crus
beagle_fore_verified,left_trapezius_cervical,0,2,origin,left_scapula,0.01209,-0.00037,-0.00713,0.07803,-0.28984,0.32386,0.04605,0.0309,0.1293,0.0867,44.34,0.05389,0.0299,7.5,
beagle_fore_verified,left_trapezius_cervical,1,2,insertion,cervix,0.0,-0.00823,0.05513,0.0,-0.27816,0.34055,0.03438,0.01421,0.0965,0.0399,44.34,0.05389,0.0299,7.5,
beagle_fore_verified,left_trapezius_thoracic,0,2,origin,left_scapula,0.01073,0.00149,0.00485,0.07609,-0.28635,0.3354,0.04256,0.01936,0.1195,0.0544,58.8334,0.07792,0.04046,10.0,
beagle_fore_verified,left_trapezius_thoracic,1,2,insertion,thorax,0.00506,-0.09432,0.1342,0.00506,-0.20121,0.35908,-0.04257,-0.00432,-0.1195,-0.0121,58.8334,0.07792,0.04046,10.0,
beagle_fore_verified,left_rhomboideus_thoracic,0,2,origin,left_scapula,0.00171,0.02841,0.02253,0.06637,-0.25727,0.34875,0.01348,0.00601,0.0378,0.0169,58.9098,0.05511,0.03925,11.25,
beagle_fore_verified,left_rhomboideus_thoracic,1,2,insertion,thorax,0.00486,-0.09022,0.13119,0.00486,-0.19696,0.35629,-0.04683,-0.00153,-0.1314,-0.0043,58.9098,0.05511,0.03925,11.25,
beagle_fore_verified,left_rhomboideus_cervicis,0,2,origin,left_scapula,-0.01113,0.00463,0.02978,0.05307,-0.27985,0.35855,0.03606,-0.00379,0.1012,-0.0106,101.7866,0.03419,0.12318,12.5,
beagle_fore_verified,left_rhomboideus_cervicis,1,2,insertion,cervix,-0.00219,-0.11722,0.0689,-0.00219,-0.38466,0.36749,0.14087,-0.01273,0.3954,-0.0357,101.7866,0.03419,0.12318,12.5,
beagle_fore_verified,left_latissimus_dorsi,0,2,origin,thorax,-0.00067,0.05986,0.1595,-0.00067,-0.04857,0.39241,-0.19521,-0.03765,-0.548,-0.1057,125.1545,0.26966,0.02092,0.0,
beagle_fore_verified,left_latissimus_dorsi,1,2,insertion,left_scapula,-0.00725,0.01464,-0.09072,0.06287,-0.28647,0.23816,0.04269,0.1166,0.1198,0.3273,125.1545,0.26966,0.02092,0.0,
beagle_fore_verified,left_brachiocephalicus_1,0,3,origin,left_humerus,0.00098,-0.00239,-0.04493,0.07178,-0.26812,0.2269,0.02433,0.12786,0.0683,0.3589,18.4663,0.17161,0.01035,1.0,
beagle_fore_verified,left_brachiocephalicus_1,1,3,via,left_humerus,-0.00232,-0.01309,-0.01684,0.06814,-0.2956,0.23896,0.05182,0.1158,0.1455,0.3251,18.4663,0.17161,0.01035,1.0,
beagle_fore_verified,left_brachiocephalicus_1,2,3,insertion,cervix,5e-05,-0.09262,0.06491,5e-05,-0.36073,0.36054,0.11695,-0.00578,0.3283,-0.0162,18.4663,0.17161,0.01035,1.0,
beagle_fore_verified,left_brachiocephalicus_2,0,3,origin,left_humerus,0.00098,-0.00239,-0.04493,0.07178,-0.26812,0.2269,0.02433,0.12786,0.0683,0.3589,18.4663,0.13338,0.00804,1.0,left_humerus
beagle_fore_verified,left_brachiocephalicus_2,1,3,via,left_humerus,-0.00232,-0.01309,-0.01684,0.06814,-0.2956,0.23896,0.05182,0.1158,0.1455,0.3251,18.4663,0.13338,0.00804,1.0,left_humerus
beagle_fore_verified,left_brachiocephalicus_2,2,3,insertion,cervix,0.019,-0.1687,0.04196,0.019,-0.43904,0.34703,0.19525,0.00773,0.5481,0.0217,18.4663,0.13338,0.00804,1.0,left_humerus
beagle_fore_verified,left_serratus_1,0,2,origin,cervix,0.02099,-0.01509,-0.0193,0.02099,-0.29404,0.26751,0.05025,0.08725,0.1411,0.2449,22.7559,0.07314,0.04088,16.25,
beagle_fore_verified,left_serratus_1,1,2,insertion,left_scapula,-0.00341,0.00218,0.01489,0.06149,-0.2843,0.34454,0.04052,0.01022,0.1137,0.0287,22.7559,0.07314,0.04088,16.25,
beagle_fore_verified,left_serratus_2,0,2,origin,cervix,0.01531,-0.04035,-0.02094,0.01531,-0.31932,0.26896,0.07553,0.0858,0.212,0.2409,22.7559,0.06361,0.03556,16.25,
beagle_fore_verified,left_serratus_2,1,2,insertion,left_scapula,-0.0041,-0.00325,0.01536,0.06075,-0.28962,0.34571,0.04584,0.00905,0.1287,0.0254,22.7559,0.06361,0.03556,16.25,
beagle_fore_verified,left_serratus_3,0,2,origin,cervix,0.01621,-0.06067,0.00067,0.01621,-0.33685,0.29289,0.09306,0.06187,0.2612,0.1737,22.7559,0.05659,0.03163,16.25,
beagle_fore_verified,left_serratus_3,1,2,insertion,left_scapula,-0.00404,-0.0071,0.0173,0.0607,-0.29318,0.34816,0.04939,0.0066,0.1386,0.0185,22.7559,0.05659,0.03163,16.25,
beagle_fore_verified,left_serratus_4,0,2,origin,cervix,0.01806,-0.07537,0.01606,0.01806,-0.34956,0.30995,0.10577,0.04481,0.2969,0.1258,22.7559,0.06561,0.03668,16.25,
beagle_fore_verified,left_serratus_4,1,2,insertion,left_scapula,-0.00478,-0.01413,0.01641,0.05996,-0.30026,0.34821,0.05647,0.00655,0.1585,0.0184,22.7559,0.06561,0.03668,16.25,
beagle_fore_verified,left_serratus_5,0,2,origin,cervix,0.02007,-0.08799,0.02943,0.02007,-0.36046,0.32476,0.11667,0.03,0.3275,0.0842,22.7559,0.06032,0.03372,16.25,
beagle_fore_verified,left_serratus_5,1,2,insertion,left_scapula,-0.00459,-0.00481,0.02585,0.05974,-0.28973,0.35628,0.04594,-0.00152,0.129,-0.0043,22.7559,0.06032,0.03372,16.25,
beagle_fore_verified,left_serratus_6,0,2,origin,thorax,0.05931,-0.01493,0.01099,0.05931,-0.11548,0.2402,-0.1283,0.11457,-0.3601,0.3216,34.7993,0.07638,0.0896,15.0,
beagle_fore_verified,left_serratus_6,1,2,insertion,left_scapula,0.00249,0.03455,0.01402,0.06759,-0.25236,0.33952,0.00857,0.01524,0.0241,0.0428,34.7993,0.07638,0.0896,15.0,
beagle_fore_verified,left_serratus_7,0,2,origin,thorax,0.05764,-0.03923,0.00519,0.05764,-0.13945,0.23313,-0.10434,0.12163,-0.2929,0.3414,34.7993,0.07716,0.09051,15.0,
beagle_fore_verified,left_serratus_7,1,2,insertion,left_scapula,2e-05,0.03062,0.01642,0.06499,-0.25592,0.34232,0.01213,0.01244,0.0341,0.0349,34.7993,0.07716,0.09051,15.0,
beagle_fore_verified,left_serratus_8,0,2,origin,thorax,0.04587,-0.06687,-0.00478,0.04587,-0.16653,0.22173,-0.07726,0.13303,-0.2169,0.3734,34.7993,0.06969,0.08176,15.0,
beagle_fore_verified,left_serratus_8,1,2,insertion,left_scapula,-0.0012,0.02704,0.02012,0.06357,-0.25897,0.34641,0.01518,0.00835,0.0426,0.0234,34.7993,0.06969,0.08176,15.0,
beagle_fore_verified,left_serratus_9,0,2,origin,thorax,0.04498,-0.09357,0.00047,0.04498,-0.19346,0.22557,-0.05032,0.12919,-0.1413,0.3626,34.7993,0.06977,0.08185,15.0,
beagle_fore_verified,left_serratus_9,1,2,insertion,left_scapula,-0.00206,0.02272,0.023,0.06255,-0.26284,0.34981,0.01906,0.00495,0.0535,0.0139,34.7993,0.06977,0.08185,15.0,
beagle_fore_verified,left_serratus_10,0,2,origin,thorax,0.04138,-0.11995,0.00096,0.04138,-0.21984,0.22468,-0.02395,0.13008,-0.0672,0.3651,34.7993,0.06505,0.07631,15.0,
beagle_fore_verified,left_serratus_10,1,2,insertion,left_scapula,-0.00298,0.01715,0.02658,0.06143,-0.26787,0.35407,0.02409,0.00069,0.0676,0.0019,34.7993,0.06505,0.07631,15.0,
beagle_fore_verified,left_serratus_11,0,2,origin,thorax,0.02946,-0.14511,0.00409,0.02946,-0.24513,0.22649,0.00134,0.12827,0.0038,0.3601,34.7993,0.06072,0.07123,15.0,
beagle_fore_verified,left_serratus_11,1,2,insertion,left_scapula,-0.00352,0.0116,0.02531,0.06092,-0.27355,0.35354,0.02976,0.00122,0.0835,0.0034,34.7993,0.06072,0.07123,15.0,
beagle_fore_verified,left_serratus_12,0,2,origin,thorax,0.02665,-0.16008,0.00482,0.02665,-0.26011,0.22644,0.01633,0.12832,0.0458,0.3602,34.7993,0.04438,0.05206,15.0,
beagle_fore_verified,left_serratus_12,1,2,insertion,left_scapula,-0.00306,0.00761,0.0201,0.06161,-0.27822,0.34897,0.03443,0.00579,0.0966,0.0163,34.7993,0.04438,0.05206,15.0,
beagle_fore_verified,left_pectoralis_profundus,0,2,origin,left_humerus,-0.00328,-0.00771,0.00753,0.06599,-0.30905,0.2599,0.06527,0.09486,0.1832,0.2663,249.1519,0.12881,0.03241,0.0,left_humerus
beagle_fore_verified,left_pectoralis_profundus,1,2,insertion,thorax,0.0,-0.08274,-0.04834,0.0,-0.18009,0.17739,-0.06369,0.17737,-0.1788,0.4979,249.1519,0.12881,0.03241,0.0,left_humerus
beagle_fore_verified,left_pectoralis_superficialis,0,2,origin,left_humerus,-0.00186,-0.00791,-0.01588,0.06825,-0.29262,0.24332,0.04883,0.11144,0.1371,0.3128,249.1519,0.07255,0.0244,0.0,left_humerus
beagle_fore_verified,left_pectoralis_superficialis,1,2,insertion,thorax,0.0,-0.1583,-0.04183,0.0,-0.25589,0.17994,0.0121,0.17482,0.034,0.4907,249.1519,0.07255,0.0244,0.0,left_humerus
beagle_fore_verified,left_supraspinatus,0,2,origin,left_scapula,0.00296,-0.00696,-0.00362,0.0687,-0.29589,0.32779,0.0521,0.02697,0.1463,0.0757,280.2508,0.02715,0.04539,25.0,left_humerus
beagle_fore_verified,left_supraspinatus,1,2,insertion,left_humerus,0.00234,-0.00339,0.01567,0.07105,-0.31166,0.26907,0.06788,0.08569,0.1905,0.2405,280.2508,0.02715,0.04539,25.0,left_humerus
beagle_fore_verified,left_infraspinatus,0,2,origin,left_scapula,0.00706,0.01164,-0.00472,0.07295,-0.27762,0.32435,0.03383,0.03041,0.095,0.0854,362.586,0.01821,0.05852,25.0,left_humerus
beagle_fore_verified,left_infraspinatus,1,2,insertion,left_humerus,0.00792,-0.00126,0.00996,0.07669,-0.30602,0.26692,0.06223,0.08784,0.1747,0.2466,362.586,0.01821,0.05852,25.0,left_humerus
beagle_fore_verified,left_subscapularis,0,2,origin,left_scapula,-0.00111,0.00654,-0.00656,0.06485,-0.28293,0.32283,0.03914,0.03194,0.1099,0.0896,481.3196,0.01252,0.05212,25.0,left_humerus
beagle_fore_verified,left_subscapularis,1,2,insertion,left_humerus,-0.01067,0.00827,0.0115,0.05752,-0.3007,0.27347,0.05691,0.08129,0.1597,0.2282,481.3196,0.01252,0.05212,25.0,left_humerus
beagle_fore_verified,left_deltoideus_sca,0,2,origin,left_scapula,0.01063,0.00232,0.00277,0.07611,-0.28581,0.33321,0.04203,0.02155,0.118,0.0605,91.3262,0.04467,0.05029,10.0,left_humerus
beagle_fore_verified,left_deltoideus_sca,1,2,insertion,left_humerus,0.00778,-0.0056,-0.01376,0.07765,-0.29231,0.2471,0.04853,0.10766,0.1362,0.3022,91.3262,0.04467,0.05029,10.0,left_humerus
beagle_fore_verified,left_deltoideus_acr,0,2,origin,left_scapula,0.01558,-0.00457,-0.05293,0.08374,-0.30027,0.2793,0.05649,0.07546,0.1586,0.2118,135.5123,0.01437,0.03484,20.0,
beagle_fore_verified,left_deltoideus_acr,1,2,insertion,left_humerus,0.00595,-0.00754,-0.01908,0.07614,-0.28995,0.24185,0.04617,0.11291,0.1296,0.3169,135.5123,0.01437,0.03484,20.0,
beagle_fore_verified,left_teres_major,0,2,origin,left_scapula,0.00585,0.03184,0.00684,0.07129,-0.25602,0.33295,0.01224,0.02181,0.0343,0.0612,61.8575,0.08019,0.02062,0.0,left_humerus
beagle_fore_verified,left_teres_major,1,2,insertion,left_humerus,-0.00638,-0.00348,-0.01733,0.06352,-0.28854,0.24511,0.04475,0.10965,0.1256,0.3078,61.8575,0.08019,0.02062,0.0,left_humerus
beagle_fore_verified,left_teres_minor,0,2,origin,left_scapula,0.00459,0.01123,-0.03379,0.07191,-0.28202,0.29553,0.03823,0.05923,0.1073,0.1663,43.5702,0.01675,0.02681,20.0,left_humerus
beagle_fore_verified,left_teres_minor,1,2,insertion,left_humerus,0.00836,0.00248,0.00414,0.07711,-0.29926,0.26547,0.05547,0.08929,0.1557,0.2506,43.5702,0.01675,0.02681,20.0,left_humerus
beagle_fore_verified,left_coracobrachialis,0,2,origin,left_scapula,-0.00491,-0.0099,-0.0551,0.06335,-0.30588,0.27688,0.06209,0.07788,0.1743,0.2186,39.7502,0.01366,0.03468,30.0,
beagle_fore_verified,left_coracobrachialis,1,2,insertion,left_humerus,-0.00621,-9e-05,-0.01884,0.06355,-0.28507,0.24645,0.04129,0.10831,0.1159,0.304,39.7502,0.01366,0.03468,30.0,
beagle_fore_verified,left_biceps_brachii,0,2,origin,left_scapula,0.0006,-0.00862,-0.05792,0.069,-0.30499,0.27419,0.06121,0.08057,0.1718,0.2262,195.5912,0.03003,0.10063,35.0,left_humerus left_antebrachium
beagle_fore_verified,left_biceps_brachii,1,2,insertion,left_antebrachium,-0.00666,-0.00311,-0.00826,0.06546,-0.23989,0.19032,-0.0039,0.16444,-0.0109,0.4616,195.5912,0.03003,0.10063,35.0,left_humerus left_antebrachium
beagle_fore_verified,left_brachialis,0,3,origin,left_scapula,0.00367,0.00771,-0.07689,0.07307,-0.29142,0.25333,0.04763,0.10143,0.1337,0.2847,61.7708,0.03863,0.06118,20.0,left_humerus left_antebrachium
beagle_fore_verified,left_brachialis,1,3,via,left_antebrachium,-0.00685,-0.004,-0.00455,0.06529,-0.24048,0.19409,-0.00331,0.16067,-0.0093,0.451,61.7708,0.03863,0.06118,20.0,left_humerus left_antebrachium
beagle_fore_verified,left_brachialis,2,3,insertion,left_antebrachium,-0.00492,0.00699,-0.01033,0.06725,-0.23001,0.18744,-0.01378,0.16732,-0.0387,0.4697,61.7708,0.03863,0.06118,20.0,left_humerus left_antebrachium
beagle_fore_verified,left_triceps_caput_longum,0,2,origin,left_scapula,0.0016,0.00821,-0.04077,0.06924,-0.28597,0.28889,0.04218,0.06587,0.1184,0.1849,549.2491,0.04127,0.07202,21.0,
beagle_fore_verified,left_triceps_caput_longum,1,2,insertion,left_antebrachium,-0.00325,0.01902,0.01743,0.0691,-0.21577,0.21412,-0.02801,0.14064,-0.0786,0.3948,549.2491,0.04127,0.07202,21.0,
beagle_fore_verified,left_triceps_caput_laterale,0,2,origin,left_humerus,0.00793,-0.00202,-0.00693,0.07735,-0.29461,0.25445,0.05083,0.10031,0.1427,0.2816,249.1519,0.03534,0.05589,2.5,left_humerus left_antebrachium
beagle_fore_verified,left_triceps_caput_laterale,1,2,insertion,left_antebrachium,0.00257,0.01807,0.0095,0.07488,-0.2174,0.20627,-0.02639,0.14849,-0.0741,0.4168,249.1519,0.03534,0.05589,2.5,left_humerus left_antebrachium
beagle_fore_verified,left_triceps_caput_accessorium,0,2,origin,left_antebrachium,-0.00642,0.02133,0.01279,0.06592,-0.21383,0.20932,-0.02996,0.14544,-0.0841,0.4082,73.2712,0.03869,0.02571,2.5,left_humerus left_antebrachium
beagle_fore_verified,left_triceps_caput_accessorium,1,2,insertion,left_humerus,0.00195,0.01232,0.00269,0.07017,-0.29139,0.27095,0.0476,0.08381,0.1336,0.2353,73.2712,0.03869,0.02571,2.5,left_humerus left_antebrachium
beagle_fore_verified,left_triceps_caput_medial,0,2,origin,left_antebrachium,-0.00835,0.00498,0.02248,0.06395,-0.22934,0.22031,-0.01445,0.13445,-0.0406,0.3774,105.4605,0.04089,0.06709,30.0,left_humerus left_antebrachium
beagle_fore_verified,left_triceps_caput_medial,1,2,insertion,left_humerus,-0.00682,-0.00228,-0.01634,0.06298,-0.2884,0.24664,0.04461,0.10813,0.1252,0.3035,105.4605,0.04089,0.06709,30.0,left_humerus left_antebrachium
beagle_fore_verified,left_anconeus,0,3,origin,left_humerus,0.00344,0.01463,-0.09196,0.07487,-0.22279,0.20585,-0.02099,0.14891,-0.0589,0.418,57.1838,0.00456,0.01264,15.0,left_humerus left_antebrachium
beagle_fore_verified,left_anconeus,1,3,via,left_antebrachium,0.0047,9e-05,0.01696,0.07695,-0.23473,0.21516,-0.00906,0.1396,-0.0254,0.3919,57.1838,0.00456,0.01264,15.0,left_humerus left_antebrachium
beagle_fore_verified,left_anconeus,2,3,insertion,left_antebrachium,0.00454,-0.00135,0.01788,0.07678,-0.23609,0.21619,-0.00769,0.13857,-0.0216,0.389,57.1838,0.00456,0.01264,15.0,left_humerus left_antebrachium
beagle_fore_verified,left_pronator_teres,0,3,origin,left_humerus,-0.01156,0.00614,-0.08252,0.06008,-0.23573,0.20552,-0.00806,0.14924,-0.0226,0.4189,67.8818,0.00686,0.04724,35.0,left_humerus left_antebrachium
beagle_fore_verified,left_pronator_teres,1,3,via,left_antebrachium,-0.01134,-0.00236,0.00272,0.06084,-0.23823,0.20122,-0.00555,0.15354,-0.0156,0.431,67.8818,0.00686,0.04724,35.0,left_humerus left_antebrachium
beagle_fore_verified,left_pronator_teres,2,3,insertion,left_antebrachium,-0.00613,-0.00598,-0.03755,0.06584,-0.24513,0.16136,0.00134,0.1934,0.0038,0.5429,67.8818,0.00686,0.04724,35.0,left_humerus left_antebrachium
beagle_fore_verified,left_supinator,0,3,origin,left_humerus,0.00769,0.00165,-0.08685,0.07972,-0.2355,0.2006,-0.00828,0.15416,-0.0233,0.4327,11.9977,0.0188,0.00761,25.0,left_humerus left_antebrachium
beagle_fore_verified,left_supinator,1,3,via,left_antebrachium,0.00777,-0.00062,0.00178,0.07994,-0.23669,0.20007,-0.0071,0.15469,-0.0199,0.4342,11.9977,0.0188,0.00761,25.0,left_humerus left_antebrachium
beagle_fore_verified,left_supinator,2,3,insertion,left_antebrachium,-0.0004,-0.00465,-0.02163,0.07165,-0.24254,0.17709,-0.00124,0.17767,-0.0035,0.4987,11.9977,0.0188,0.00761,25.0,left_humerus left_antebrachium
beagle_fore_verified,left_flexor_carpi_radialis,0,3,origin,left_humerus,0.00675,0.01041,-0.06756,0.07757,-0.24297,0.22033,-0.00082,0.13443,-0.0023,0.3773,57.463,0.04444,0.09698,15.0,
beagle_fore_verified,left_flexor_carpi_radialis,1,3,via,left_antebrachium,-0.00378,-0.0092,-0.04,0.06816,-0.24855,0.15916,0.00477,0.1956,0.0134,0.549,57.463,0.04444,0.09698,15.0,
beagle_fore_verified,left_flexor_carpi_radialis,2,3,insertion,left_carpus,-0.00759,-0.00352,-0.00236,0.06406,-0.2497,0.08357,0.00591,0.27119,0.0166,0.7612,57.463,0.04444,0.09698,15.0,
beagle_fore_verified,left_flexor_carpi_ulnaris,0,3,origin,left_humerus,0.00789,0.00588,-0.0879,0.0797,-0.23176,0.20285,-0.01202,0.15191,-0.0337,0.4264,283.4406,0.01436,0.13721,35.0,left_humerus left_antebrachium left_carpus
beagle_fore_verified,left_flexor_carpi_ulnaris,1,3,via,left_antebrachium,0.00523,0.0097,-0.06223,0.07717,-0.23157,0.13545,-0.01222,0.21931,-0.0343,0.6156,283.4406,0.01436,0.13721,35.0,left_humerus left_antebrachium left_carpus
beagle_fore_verified,left_flexor_carpi_ulnaris,2,3,insertion,left_carpus,0.0073,0.00307,-0.00108,0.0789,-0.244,0.07977,0.00022,0.27499,0.0006,0.7719,283.4406,0.01436,0.13721,35.0,left_humerus left_antebrachium left_carpus
beagle_fore_verified,left_extensor_carpi_ulnaris,0,3,origin,left_carpus,-0.0049,0.00822,0.01503,0.06696,-0.22937,0.08863,-0.01442,0.26613,-0.0405,0.747,135.3576,0.01076,0.13776,35.0,left_humerus left_antebrachium left_carpus
beagle_fore_verified,left_extensor_carpi_ulnaris,1,3,via,left_antebrachium,-0.005,0.01528,0.0028,0.06727,-0.22068,0.19985,-0.02311,0.15491,-0.0649,0.4348,135.3576,0.01076,0.13776,35.0,left_humerus left_antebrachium left_carpus
beagle_fore_verified,left_extensor_carpi_ulnaris,2,3,insertion,left_humerus,-0.00594,0.02206,-0.08525,0.06483,-0.22245,0.21519,-0.02134,0.13957,-0.0599,0.3918,135.3576,0.01076,0.13776,35.0,left_humerus left_antebrachium left_carpus
beagle_fore_verified,left_extensor_carpi_radialis,0,4,origin,left_humerus,-0.01148,0.00766,-0.08579,0.06019,-0.23234,0.20428,-0.01145,0.15048,-0.0321,0.4224,117.639,0.03691,0.11623,30.0,left_humerus left_antebrachium left_carpus
beagle_fore_verified,left_extensor_carpi_radialis,1,4,via,left_antebrachium,-0.01283,-0.00144,-0.01026,0.05929,-0.23836,0.18822,-0.00543,0.16654,-0.0152,0.4675,117.639,0.03691,0.11623,30.0,left_humerus left_antebrachium left_carpus
beagle_fore_verified,left_extensor_carpi_radialis,2,4,via,left_carpus,-0.01257,0.00565,0.00219,0.05906,-0.23981,0.08097,-0.00398,0.27379,-0.0112,0.7685,117.639,0.03691,0.11623,30.0,left_humerus left_antebrachium left_carpus
beagle_fore_verified,left_extensor_carpi_radialis,3,4,insertion,left_carpus,-0.00596,0.00507,-0.01579,0.06531,-0.25227,0.06781,0.00848,0.28696,0.0238,0.8055,117.639,0.03691,0.11623,30.0,left_humerus left_antebrachium left_carpus
beagle_fore_verified,left_abductor_policis_longum,0,3,origin,left_carpus,-0.01507,0.0051,-0.0023,0.05647,-0.2432,0.07804,-0.00058,0.27672,-0.0016,0.7768,77.7972,0.00435,0.06845,30.0,left_antebrachium left_carpus
beagle_fore_verified,left_abductor_policis_longum,1,3,via,left_carpus,-0.01519,0.00154,0.00253,0.0565,-0.24263,0.08402,-0.00116,0.27074,-0.0032,0.76,77.7972,0.00435,0.06845,30.0,left_antebrachium left_carpus
beagle_fore_verified,left_abductor_policis_longum,2,3,insertion,left_antebrachium,0.00191,-0.00091,-0.05921,0.07382,-0.24188,0.13933,-0.00191,0.21543,-0.0054,0.6047,77.7972,0.00435,0.06845,30.0,left_antebrachium left_carpus
