region,level,quantity,value,unit,n,breed,chondro,method,source,doi,licence,use,confidence,notes
cervical,C2-C3..C6-C7 (mean of 5 levels),disc length / caudal vertebral body length,0.216,ratio,10,Labrador Retriever,no,"MRI 1.0 T, sagittal T2, midsagittal; dorsal recumbency, neck extended","Duver, Precht, Fosgate, Forterre & Hettlich 2018, Front Vet Sci 5:248, Table 3",10.3389/fvets.2018.00248,CC BY 4.0,table,B,"mixed-model mean; median 0.218, IQR 0.182-0.239. Disc length = craniocaudal line at disc mid-height (centre), perpendicular to the dorsoventral disc line; body length = endplate-midpoint to endplate-midpoint; endplate border set mid-way through the hypointense endplate/annulus layer. 29.7+-7.5 kg; age 91+-37 mo; clinical MRI population (IVDD 5/10); only discs Pfirrmann <=2 and normal vertebrae measured"
cervical,C2-C3..C6-C7 (mean of 5 levels),disc length / caudal vertebral body length,0.228,ratio,9,Great Dane,no,"MRI 1.0 T, sagittal T2, midsagittal; dorsal recumbency, neck extended","Duver, Precht, Fosgate, Forterre & Hettlich 2018, Front Vet Sci 5:248, Table 3",10.3389/fvets.2018.00248,CC BY 4.0,table,B,"mixed-model mean; median 0.222, IQR 0.189-0.260. Disc length = craniocaudal line at disc mid-height (centre), perpendicular to the dorsoventral disc line; body length = endplate-midpoint to endplate-midpoint; endplate border set mid-way through the hypointense endplate/annulus layer. 69.8+-9.0 kg; age 41+-21 mo; 8/9 had osseous-associated CSM"
cervical,C2-C3..C6-C7 (mean of 5 levels),disc length / caudal vertebral body length,0.214,ratio,10,French Bulldog,yes,"MRI 1.0 T, sagittal T2, midsagittal; dorsal recumbency, neck extended","Duver, Precht, Fosgate, Forterre & Hettlich 2018, Front Vet Sci 5:248, Table 3",10.3389/fvets.2018.00248,CC BY 4.0,table,C,"mixed-model mean; median 0.213, IQR 0.175-0.242. Disc length = craniocaudal line at disc mid-height (centre), perpendicular to the dorsoventral disc line; body length = endplate-midpoint to endplate-midpoint; endplate border set mid-way through the hypointense endplate/annulus layer. 12.8 kg; IVDD 8/10"
cervical,C2-C3..C6-C7 (mean of 5 levels),disc length / caudal vertebral body length,0.315,ratio,10,Chihuahua,unclear,"MRI 1.0 T, sagittal T2, midsagittal; dorsal recumbency, neck extended","Duver, Precht, Fosgate, Forterre & Hettlich 2018, Front Vet Sci 5:248, Table 3",10.3389/fvets.2018.00248,CC BY 4.0,table,C,"mixed-model mean; median 0.308, IQR 0.278-0.358. Disc length = craniocaudal line at disc mid-height (centre), perpendicular to the dorsoventral disc line; body length = endplate-midpoint to endplate-midpoint; endplate border set mid-way through the hypointense endplate/annulus layer. 2.6 kg; toy breed; significantly higher than all but Dachshund"
cervical,C2-C3..C6-C7 (mean of 5 levels),disc length / caudal vertebral body length,0.279,ratio,5,Dachshund,yes,"MRI 1.0 T, sagittal T2, midsagittal; dorsal recumbency, neck extended","Duver, Precht, Fosgate, Forterre & Hettlich 2018, Front Vet Sci 5:248, Table 3",10.3389/fvets.2018.00248,CC BY 4.0,table,C,"mixed-model mean; median 0.291, IQR 0.228-0.336. Disc length = craniocaudal line at disc mid-height (centre), perpendicular to the dorsoventral disc line; body length = endplate-midpoint to endplate-midpoint; endplate border set mid-way through the hypointense endplate/annulus layer. 7.7 kg; IVDD 4/5"
cervical,C2-C3,disc length / caudal vertebral body length,0.206,ratio,44,"5 breeds pooled (LR, GD, FB, Chihuahua, Dachshund)",mixed,"MRI 1.0 T, sagittal T2, midsagittal; dorsal recumbency, neck extended","Duver, Precht, Fosgate, Forterre & Hettlich 2018, Front Vet Sci 5:248, Table 3",10.3389/fvets.2018.00248,CC BY 4.0,table,C,"location effect from the mixed model, all breeds pooled (includes chondrodystrophic and toy dogs, so higher than LR/GD); median 0.195, IQR 0.169-0.229"
cervical,C3-C4,disc length / caudal vertebral body length,0.222,ratio,44,"5 breeds pooled (LR, GD, FB, Chihuahua, Dachshund)",mixed,"MRI 1.0 T, sagittal T2, midsagittal; dorsal recumbency, neck extended","Duver, Precht, Fosgate, Forterre & Hettlich 2018, Front Vet Sci 5:248, Table 3",10.3389/fvets.2018.00248,CC BY 4.0,table,C,"location effect from the mixed model, all breeds pooled (includes chondrodystrophic and toy dogs, so higher than LR/GD); median 0.214, IQR 0.175-0.247"
cervical,C4-C5,disc length / caudal vertebral body length,0.245,ratio,44,"5 breeds pooled (LR, GD, FB, Chihuahua, Dachshund)",mixed,"MRI 1.0 T, sagittal T2, midsagittal; dorsal recumbency, neck extended","Duver, Precht, Fosgate, Forterre & Hettlich 2018, Front Vet Sci 5:248, Table 3",10.3389/fvets.2018.00248,CC BY 4.0,table,C,"location effect from the mixed model, all breeds pooled (includes chondrodystrophic and toy dogs, so higher than LR/GD); median 0.233, IQR 0.203-0.293"
cervical,C5-C6,disc length / caudal vertebral body length,0.273,ratio,44,"5 breeds pooled (LR, GD, FB, Chihuahua, Dachshund)",mixed,"MRI 1.0 T, sagittal T2, midsagittal; dorsal recumbency, neck extended","Duver, Precht, Fosgate, Forterre & Hettlich 2018, Front Vet Sci 5:248, Table 3",10.3389/fvets.2018.00248,CC BY 4.0,table,C,"location effect from the mixed model, all breeds pooled (includes chondrodystrophic and toy dogs, so higher than LR/GD); median 0.258, IQR 0.242-0.319"
cervical,C6-C7,disc length / caudal vertebral body length,0.294,ratio,44,"5 breeds pooled (LR, GD, FB, Chihuahua, Dachshund)",mixed,"MRI 1.0 T, sagittal T2, midsagittal; dorsal recumbency, neck extended","Duver, Precht, Fosgate, Forterre & Hettlich 2018, Front Vet Sci 5:248, Table 3",10.3389/fvets.2018.00248,CC BY 4.0,table,C,"location effect from the mixed model, all breeds pooled (includes chondrodystrophic and toy dogs, so higher than LR/GD); median 0.282, IQR 0.259-0.329"
cervical,C2-C3..C6-C7,disc share of region length = r/(1+r),0.178,fraction,10,Labrador Retriever,no,derived from MRI ratio,computed by Scout from Duver 2018 Table 3,10.3389/fvets.2018.00248,CC BY 4.0,derived,B,assumes one disc per vertebral body; ratio uses mean of level ratios. Multiply centra-only length by (1+r) = 1.216
cervical,C2-C3..C6-C7,disc share of region length = r/(1+r),0.186,fraction,9,Great Dane,no,derived from MRI ratio,computed by Scout from Duver 2018 Table 3,10.3389/fvets.2018.00248,CC BY 4.0,derived,B,assumes one disc per vertebral body; ratio uses mean of level ratios. Multiply centra-only length by (1+r) = 1.228
cervical,C2-C3,disc width (craniocaudal) at widest point,5.36,mm,54,Doberman Pinscher (37) + English Foxhound (17),no,"MRI 0.2 T, sagittal T2 midsagittal; dorsal recumbency, head and neck extended","De Decker, Gielen, Duchateau et al. 2012, BMC Vet Res 8:126",10.1186/1746-6148-8-126,CC BY 2.0,table,B,"Table 2, all three groups pooled (17 DA-CSM Dobermans, 20 normal Dobermans, 17 normal Foxhounds); measured at the WIDEST point, perpendicular to the cranial endplate of the caudal vertebra (so an upper value, not centre); completely degenerated discs excluded (37/270, mostly C6-C7); width rises 0.0057 mm per month of age; no vertebral body lengths given"
cervical,C3-C4,disc width (craniocaudal) at widest point,5.53,mm,54,Doberman Pinscher (37) + English Foxhound (17),no,"MRI 0.2 T, sagittal T2 midsagittal; dorsal recumbency, head and neck extended","De Decker, Gielen, Duchateau et al. 2012, BMC Vet Res 8:126",10.1186/1746-6148-8-126,CC BY 2.0,table,B,"Table 2, all three groups pooled (17 DA-CSM Dobermans, 20 normal Dobermans, 17 normal Foxhounds); measured at the WIDEST point, perpendicular to the cranial endplate of the caudal vertebra (so an upper value, not centre); completely degenerated discs excluded (37/270, mostly C6-C7); width rises 0.0057 mm per month of age; no vertebral body lengths given"
cervical,C4-C5,disc width (craniocaudal) at widest point,5.79,mm,54,Doberman Pinscher (37) + English Foxhound (17),no,"MRI 0.2 T, sagittal T2 midsagittal; dorsal recumbency, head and neck extended","De Decker, Gielen, Duchateau et al. 2012, BMC Vet Res 8:126",10.1186/1746-6148-8-126,CC BY 2.0,table,B,"Table 2, all three groups pooled (17 DA-CSM Dobermans, 20 normal Dobermans, 17 normal Foxhounds); measured at the WIDEST point, perpendicular to the cranial endplate of the caudal vertebra (so an upper value, not centre); completely degenerated discs excluded (37/270, mostly C6-C7); width rises 0.0057 mm per month of age; no vertebral body lengths given"
cervical,C5-C6,disc width (craniocaudal) at widest point,5.72,mm,54,Doberman Pinscher (37) + English Foxhound (17),no,"MRI 0.2 T, sagittal T2 midsagittal; dorsal recumbency, head and neck extended","De Decker, Gielen, Duchateau et al. 2012, BMC Vet Res 8:126",10.1186/1746-6148-8-126,CC BY 2.0,table,B,"Table 2, all three groups pooled (17 DA-CSM Dobermans, 20 normal Dobermans, 17 normal Foxhounds); measured at the WIDEST point, perpendicular to the cranial endplate of the caudal vertebra (so an upper value, not centre); completely degenerated discs excluded (37/270, mostly C6-C7); width rises 0.0057 mm per month of age; no vertebral body lengths given"
cervical,C6-C7,disc width (craniocaudal) at widest point,5.75,mm,54,Doberman Pinscher (37) + English Foxhound (17),no,"MRI 0.2 T, sagittal T2 midsagittal; dorsal recumbency, head and neck extended","De Decker, Gielen, Duchateau et al. 2012, BMC Vet Res 8:126",10.1186/1746-6148-8-126,CC BY 2.0,table,B,"Table 2, all three groups pooled (17 DA-CSM Dobermans, 20 normal Dobermans, 17 normal Foxhounds); measured at the WIDEST point, perpendicular to the cranial endplate of the caudal vertebra (so an upper value, not centre); completely degenerated discs excluded (37/270, mostly C6-C7); width rises 0.0057 mm per month of age; no vertebral body lengths given"
cervical,C2-C3..C6-C7 (all levels),mean disc width at widest point,5.77,mm,20,clinically normal Doberman Pinscher,no,"MRI 0.2 T, sagittal T2 midsagittal; dorsal recumbency, head and neck extended","De Decker, Gielen, Duchateau et al. 2012, BMC Vet Res 8:126",10.1186/1746-6148-8-126,CC BY 2.0,table,B,SD 1.21; ages 1.5-12 y (median 5-7); groups not significantly different (p=0.42)
cervical,C2-C3..C6-C7 (all levels),mean disc width at widest point,5.54,mm,17,clinically normal English Foxhound,no,"MRI 0.2 T, sagittal T2 midsagittal; dorsal recumbency, head and neck extended","De Decker, Gielen, Duchateau et al. 2012, BMC Vet Res 8:126",10.1186/1746-6148-8-126,CC BY 2.0,table,B,SD 1.18; ages 1.5-12 y (median 5-7); groups not significantly different (p=0.42)
cervical,C2-C3..C6-C7 (all levels),mean disc width at widest point,5.58,mm,17,Doberman Pinscher with DA-CSM,no,"MRI 0.2 T, sagittal T2 midsagittal; dorsal recumbency, head and neck extended","De Decker, Gielen, Duchateau et al. 2012, BMC Vet Res 8:126",10.1186/1746-6148-8-126,CC BY 2.0,table,B,SD 1.23; ages 1.5-12 y (median 5-7); groups not significantly different (p=0.42)
lumbar,L1-L7 (mean of levels),IVD cranio-caudal distance (O),7.1,mm,20,Labrador (18) + Golden Retriever (2),no,"CT (helical, 1-2 mm slices), prone, general anaesthesia; sagittal","Gavira, Decante, Bouhsina, Rouleau et al. 2025, Osteoarthritis Cartilage Open 7:100557, Table 1",10.1016/j.ocarto.2024.100557,CC BY-NC-ND 4.0,single cited fact,B,"SD 2.1; age 6.5 y (1-13); 10 F/10 M; dogs scanned for non-spinal reasons, vertebral lesions excluded. Where on the disc O is taken (centre or ventral) is not stated; CT bone-to-bone gap, so it includes the cartilage endplates. NC-ND licence: cited facts only, not a table"
lumbar,L1-L7 (mean of levels),ventral vertebral body cranio-caudal length (A),23.1,mm,20,Labrador (18) + Golden Retriever (2),no,"CT (helical, 1-2 mm slices), prone, general anaesthesia; sagittal","Gavira, Decante, Bouhsina, Rouleau et al. 2025, Osteoarthritis Cartilage Open 7:100557, Table 1",10.1016/j.ocarto.2024.100557,CC BY-NC-ND 4.0,single cited fact,B,"SD 2.6; age 6.5 y (1-13); 10 F/10 M; dogs scanned for non-spinal reasons, vertebral lesions excluded. Where on the disc O is taken (centre or ventral) is not stated; CT bone-to-bone gap, so it includes the cartilage endplates. NC-ND licence: cited facts only, not a table"
lumbar,L1-L7 (mean of levels),dorsal vertebral body cranio-caudal length (B),25.3,mm,20,Labrador (18) + Golden Retriever (2),no,"CT (helical, 1-2 mm slices), prone, general anaesthesia; sagittal","Gavira, Decante, Bouhsina, Rouleau et al. 2025, Osteoarthritis Cartilage Open 7:100557, Table 1",10.1016/j.ocarto.2024.100557,CC BY-NC-ND 4.0,single cited fact,B,"SD 2.5; age 6.5 y (1-13); 10 F/10 M; dogs scanned for non-spinal reasons, vertebral lesions excluded. Where on the disc O is taken (centre or ventral) is not stated; CT bone-to-bone gap, so it includes the cartilage endplates. NC-ND licence: cited facts only, not a table"
lumbar,L1-L7 (mean of levels),total lumbar spine length (X),217.5,mm,20,Labrador (18) + Golden Retriever (2),no,"CT (helical, 1-2 mm slices), prone, general anaesthesia; sagittal","Gavira, Decante, Bouhsina, Rouleau et al. 2025, Osteoarthritis Cartilage Open 7:100557, Table 1",10.1016/j.ocarto.2024.100557,CC BY-NC-ND 4.0,single cited fact,B,"SD 13.5; age 6.5 y (1-13); 10 F/10 M; dogs scanned for non-spinal reasons, vertebral lesions excluded. Where on the disc O is taken (centre or ventral) is not stated; CT bone-to-bone gap, so it includes the cartilage endplates. NC-ND licence: cited facts only, not a table"
lumbar,L1-L2..L7-S1,disc share of region length = O/(O+(A+B)/2),0.227,fraction,20,Labrador/Golden Retriever,no,derived from CT means,computed by Scout from Gavira 2025 Table 1,10.1016/j.ocarto.2024.100557,"CC BY-NC-ND 4.0 (derived figure, cited)",derived,B,"r = 7.1/24.2 = 0.293; with ventral A 0.235, dorsal B 0.219. Cross-check: X 217.5 - 7 x 24.2 = 48.1 mm left for discs = 6.9 mm x 7 or 8.0 mm x 6, consistent with O. Multiply centra-only length by 1.293"
cervical,"C3, C5","wolf centrum length, mean (no disc)",31.04,mm,2,"Canis lupus (MVZ44166, MVZ88225, adult males)",no (wild),calipers on museum skeletons,"Law et al. 2025 IOB raw data (github.com/chrisjlaw/published_data-Law_etal_2025_IOB, rawdata.csv), mean computed by Scout",,no licence file: derived mean only,derived,B,2 wolves x 2 levels; x count gives species_numbers.json *_length_est exactly. Law data hold centrum lengths only: no disc or intervertebral spacing column (checked Law 2025 rawdata.csv and Law 2021 data.csv headers)
thoracic,"T1, mid-T, transitional T, last T","wolf centrum length, mean (no disc)",26.27,mm,2,"Canis lupus (MVZ44166, MVZ88225, adult males)",no (wild),calipers on museum skeletons,"Law et al. 2025 IOB raw data (github.com/chrisjlaw/published_data-Law_etal_2025_IOB, rawdata.csv), mean computed by Scout",,no licence file: derived mean only,derived,B,2 wolves x 4 levels; x count gives species_numbers.json *_length_est exactly. Law data hold centrum lengths only: no disc or intervertebral spacing column (checked Law 2025 rawdata.csv and Law 2021 data.csv headers)
lumbar,"L1, mid-L, last L","wolf centrum length, mean (no disc)",32.91,mm,2,"Canis lupus (MVZ44166, MVZ88225, adult males)",no (wild),calipers on museum skeletons,"Law et al. 2025 IOB raw data (github.com/chrisjlaw/published_data-Law_etal_2025_IOB, rawdata.csv), mean computed by Scout",,no licence file: derived mean only,derived,B,2 wolves x 3 levels; x count gives species_numbers.json *_length_est exactly. Law data hold centrum lengths only: no disc or intervertebral spacing column (checked Law 2025 rawdata.csv and Law 2021 data.csv headers)
cervical,whole region,disc share if dog absolute disc thickness is put on wolf centra,0.154,fraction,,Canis lupus (estimate),no,derived: absolute dog disc thickness / (disc + wolf centrum),computed by Scout,,derived,estimate,EST,"De Decker normal Doberman/Foxhound mean disc width 5.65 mm on wolf centrum mean 31.04 mm (widest-point width, so upper side); assumes disc thickness tracks body size (30-40 kg dogs vs wolves) rather than centrum length"
lumbar,whole region,disc share if dog absolute disc thickness is put on wolf centra,0.177,fraction,,Canis lupus (estimate),no,derived: absolute dog disc thickness / (disc + wolf centrum),computed by Scout,,derived,estimate,EST,Gavira Labrador/Golden lumbar disc 7.1 mm on wolf lumbar centrum mean 32.91 mm; assumes disc thickness tracks body size (30-40 kg dogs vs wolves) rather than centrum length
thoracic,whole region,disc share if dog absolute disc thickness is put on wolf centra,0.166,fraction,,Canis lupus (estimate),no,derived: absolute dog disc thickness / (disc + wolf centrum),computed by Scout,,derived,estimate,EST,no measured thoracic disc found; 7.1 mm x (Stark thoracic/lumbar gap ratio 2.69/3.64) = 5.25 mm on wolf thoracic centrum mean 26.27 mm; assumes disc thickness tracks body size (30-40 kg dogs vs wolves) rather than centrum length
cervical,C7,"vertebral body length on spine midline (mesh, mm; model scale)",20.71,mm,1,"Beagle (Stark model, stretched x1.25 trunk; one dog)",yes? (Beagle is often listed as chondrodystrophic),"bone mesh from CT (Stark model, decimated GLB); midsagittal sections, gap = bone-to-bone along a smoothed body midline; median over sections and +-0.75/1.5 mm midline offsets","measured by Scout on ref/research/scout/10-stark-meshes/meshes (Stark, Fischer, Hunt et al. 2021, model files MIT)",10.1038/s41598-021-90058-0,MIT (model files); measurements ours,table,C,"IQR across sections 20.39-21.04; cervix body, sections x=4..12 mm (midline ~8-10)"
cervical,C6,"vertebral body length on spine midline (mesh, mm; model scale)",20.15,mm,1,"Beagle (Stark model, stretched x1.25 trunk; one dog)",yes? (Beagle is often listed as chondrodystrophic),"bone mesh from CT (Stark model, decimated GLB); midsagittal sections, gap = bone-to-bone along a smoothed body midline; median over sections and +-0.75/1.5 mm midline offsets","measured by Scout on ref/research/scout/10-stark-meshes/meshes (Stark, Fischer, Hunt et al. 2021, model files MIT)",10.1038/s41598-021-90058-0,MIT (model files); measurements ours,table,C,"IQR across sections 20.02-20.42; cervix body, sections x=4..12 mm (midline ~8-10)"
cervical,C5,"vertebral body length on spine midline (mesh, mm; model scale)",22.89,mm,1,"Beagle (Stark model, stretched x1.25 trunk; one dog)",yes? (Beagle is often listed as chondrodystrophic),"bone mesh from CT (Stark model, decimated GLB); midsagittal sections, gap = bone-to-bone along a smoothed body midline; median over sections and +-0.75/1.5 mm midline offsets","measured by Scout on ref/research/scout/10-stark-meshes/meshes (Stark, Fischer, Hunt et al. 2021, model files MIT)",10.1038/s41598-021-90058-0,MIT (model files); measurements ours,table,C,"IQR across sections 22.83-23.16; cervix body, sections x=4..12 mm (midline ~8-10)"
cervical,C4,"vertebral body length on spine midline (mesh, mm; model scale)",25.56,mm,1,"Beagle (Stark model, stretched x1.25 trunk; one dog)",yes? (Beagle is often listed as chondrodystrophic),"bone mesh from CT (Stark model, decimated GLB); midsagittal sections, gap = bone-to-bone along a smoothed body midline; median over sections and +-0.75/1.5 mm midline offsets","measured by Scout on ref/research/scout/10-stark-meshes/meshes (Stark, Fischer, Hunt et al. 2021, model files MIT)",10.1038/s41598-021-90058-0,MIT (model files); measurements ours,table,C,"IQR across sections 25.38-25.67; cervix body, sections x=4..12 mm (midline ~8-10)"
cervical,C3,"vertebral body length on spine midline (mesh, mm; model scale)",27.11,mm,1,"Beagle (Stark model, stretched x1.25 trunk; one dog)",yes? (Beagle is often listed as chondrodystrophic),"bone mesh from CT (Stark model, decimated GLB); midsagittal sections, gap = bone-to-bone along a smoothed body midline; median over sections and +-0.75/1.5 mm midline offsets","measured by Scout on ref/research/scout/10-stark-meshes/meshes (Stark, Fischer, Hunt et al. 2021, model files MIT)",10.1038/s41598-021-90058-0,MIT (model files); measurements ours,table,C,"IQR across sections 26.90-27.32; cervix body, sections x=4..12 mm (midline ~8-10)"
cervical,C2 (with dens),"vertebral body length on spine midline (mesh, mm; model scale)",46.11,mm,1,"Beagle (Stark model, stretched x1.25 trunk; one dog)",yes? (Beagle is often listed as chondrodystrophic),"bone mesh from CT (Stark model, decimated GLB); midsagittal sections, gap = bone-to-bone along a smoothed body midline; median over sections and +-0.75/1.5 mm midline offsets","measured by Scout on ref/research/scout/10-stark-meshes/meshes (Stark, Fischer, Hunt et al. 2021, model files MIT)",10.1038/s41598-021-90058-0,MIT (model files); measurements ours,table,C,"IQR across sections 40.06-47.58; cervix body, sections x=4..12 mm (midline ~8-10)"
cervical,C6-C7,gap between bony vertebral bodies at mid-height (mesh),4.04,mm,1,"Beagle (Stark model, stretched x1.25 trunk; one dog)",yes? (Beagle is often listed as chondrodystrophic),"bone mesh from CT (Stark model, decimated GLB); midsagittal sections, gap = bone-to-bone along a smoothed body midline; median over sections and +-0.75/1.5 mm midline offsets","measured by Scout on ref/research/scout/10-stark-meshes/meshes (Stark, Fischer, Hunt et al. 2021, model files MIT)",10.1038/s41598-021-90058-0,MIT (model files); measurements ours,table,C,"IQR 3.66-4.53; bone-to-bone, i.e. disc plus cartilage endplates; surface smoothing/decimation may narrow gaps (likely a lower bound); cervix body, sections x=4..12 mm (midline ~8-10)"
cervical,C5-C6,gap between bony vertebral bodies at mid-height (mesh),4.36,mm,1,"Beagle (Stark model, stretched x1.25 trunk; one dog)",yes? (Beagle is often listed as chondrodystrophic),"bone mesh from CT (Stark model, decimated GLB); midsagittal sections, gap = bone-to-bone along a smoothed body midline; median over sections and +-0.75/1.5 mm midline offsets","measured by Scout on ref/research/scout/10-stark-meshes/meshes (Stark, Fischer, Hunt et al. 2021, model files MIT)",10.1038/s41598-021-90058-0,MIT (model files); measurements ours,table,C,"IQR 4.21-4.56; bone-to-bone, i.e. disc plus cartilage endplates; surface smoothing/decimation may narrow gaps (likely a lower bound); cervix body, sections x=4..12 mm (midline ~8-10)"
cervical,C4-C5,gap between bony vertebral bodies at mid-height (mesh),4.54,mm,1,"Beagle (Stark model, stretched x1.25 trunk; one dog)",yes? (Beagle is often listed as chondrodystrophic),"bone mesh from CT (Stark model, decimated GLB); midsagittal sections, gap = bone-to-bone along a smoothed body midline; median over sections and +-0.75/1.5 mm midline offsets","measured by Scout on ref/research/scout/10-stark-meshes/meshes (Stark, Fischer, Hunt et al. 2021, model files MIT)",10.1038/s41598-021-90058-0,MIT (model files); measurements ours,table,C,"IQR 4.38-4.62; bone-to-bone, i.e. disc plus cartilage endplates; surface smoothing/decimation may narrow gaps (likely a lower bound); cervix body, sections x=4..12 mm (midline ~8-10)"
cervical,C3-C4,gap between bony vertebral bodies at mid-height (mesh),3.91,mm,1,"Beagle (Stark model, stretched x1.25 trunk; one dog)",yes? (Beagle is often listed as chondrodystrophic),"bone mesh from CT (Stark model, decimated GLB); midsagittal sections, gap = bone-to-bone along a smoothed body midline; median over sections and +-0.75/1.5 mm midline offsets","measured by Scout on ref/research/scout/10-stark-meshes/meshes (Stark, Fischer, Hunt et al. 2021, model files MIT)",10.1038/s41598-021-90058-0,MIT (model files); measurements ours,table,C,"IQR 3.84-4.06; bone-to-bone, i.e. disc plus cartilage endplates; surface smoothing/decimation may narrow gaps (likely a lower bound); cervix body, sections x=4..12 mm (midline ~8-10)"
cervical,C2-C3,gap between bony vertebral bodies at mid-height (mesh),3.63,mm,1,"Beagle (Stark model, stretched x1.25 trunk; one dog)",yes? (Beagle is often listed as chondrodystrophic),"bone mesh from CT (Stark model, decimated GLB); midsagittal sections, gap = bone-to-bone along a smoothed body midline; median over sections and +-0.75/1.5 mm midline offsets","measured by Scout on ref/research/scout/10-stark-meshes/meshes (Stark, Fischer, Hunt et al. 2021, model files MIT)",10.1038/s41598-021-90058-0,MIT (model files); measurements ours,table,C,"IQR 3.54-3.69; bone-to-bone, i.e. disc plus cartilage endplates; surface smoothing/decimation may narrow gaps (likely a lower bound); cervix body, sections x=4..12 mm (midline ~8-10)"
thoracic,T13,"vertebral body length on spine midline (mesh, mm; model scale)",22.5,mm,1,"Beagle (Stark model, stretched x1.25 trunk; one dog)",yes? (Beagle is often listed as chondrodystrophic),"bone mesh from CT (Stark model, decimated GLB); midsagittal sections, gap = bone-to-bone along a smoothed body midline; median over sections and +-0.75/1.5 mm midline offsets","measured by Scout on ref/research/scout/10-stark-meshes/meshes (Stark, Fischer, Hunt et al. 2021, model files MIT)",10.1038/s41598-021-90058-0,MIT (model files); measurements ours,table,C,"IQR across sections 22.32-22.63; thorax body, sections x=5..10 mm at the true midline (x~6); level labels assume the 13 bodies are T1-T13; off-midline sections (x=-1) read ~4 mm, not used"
thoracic,T12,"vertebral body length on spine midline (mesh, mm; model scale)",21.34,mm,1,"Beagle (Stark model, stretched x1.25 trunk; one dog)",yes? (Beagle is often listed as chondrodystrophic),"bone mesh from CT (Stark model, decimated GLB); midsagittal sections, gap = bone-to-bone along a smoothed body midline; median over sections and +-0.75/1.5 mm midline offsets","measured by Scout on ref/research/scout/10-stark-meshes/meshes (Stark, Fischer, Hunt et al. 2021, model files MIT)",10.1038/s41598-021-90058-0,MIT (model files); measurements ours,table,C,"IQR across sections 21.20-21.59; thorax body, sections x=5..10 mm at the true midline (x~6); level labels assume the 13 bodies are T1-T13; off-midline sections (x=-1) read ~4 mm, not used"
thoracic,T11,"vertebral body length on spine midline (mesh, mm; model scale)",20.13,mm,1,"Beagle (Stark model, stretched x1.25 trunk; one dog)",yes? (Beagle is often listed as chondrodystrophic),"bone mesh from CT (Stark model, decimated GLB); midsagittal sections, gap = bone-to-bone along a smoothed body midline; median over sections and +-0.75/1.5 mm midline offsets","measured by Scout on ref/research/scout/10-stark-meshes/meshes (Stark, Fischer, Hunt et al. 2021, model files MIT)",10.1038/s41598-021-90058-0,MIT (model files); measurements ours,table,C,"IQR across sections 19.71-20.26; thorax body, sections x=5..10 mm at the true midline (x~6); level labels assume the 13 bodies are T1-T13; off-midline sections (x=-1) read ~4 mm, not used"
thoracic,T10,"vertebral body length on spine midline (mesh, mm; model scale)",18.68,mm,1,"Beagle (Stark model, stretched x1.25 trunk; one dog)",yes? (Beagle is often listed as chondrodystrophic),"bone mesh from CT (Stark model, decimated GLB); midsagittal sections, gap = bone-to-bone along a smoothed body midline; median over sections and +-0.75/1.5 mm midline offsets","measured by Scout on ref/research/scout/10-stark-meshes/meshes (Stark, Fischer, Hunt et al. 2021, model files MIT)",10.1038/s41598-021-90058-0,MIT (model files); measurements ours,table,C,"IQR across sections 18.43-18.77; thorax body, sections x=5..10 mm at the true midline (x~6); level labels assume the 13 bodies are T1-T13; off-midline sections (x=-1) read ~4 mm, not used"
thoracic,T9,"vertebral body length on spine midline (mesh, mm; model scale)",18.09,mm,1,"Beagle (Stark model, stretched x1.25 trunk; one dog)",yes? (Beagle is often listed as chondrodystrophic),"bone mesh from CT (Stark model, decimated GLB); midsagittal sections, gap = bone-to-bone along a smoothed body midline; median over sections and +-0.75/1.5 mm midline offsets","measured by Scout on ref/research/scout/10-stark-meshes/meshes (Stark, Fischer, Hunt et al. 2021, model files MIT)",10.1038/s41598-021-90058-0,MIT (model files); measurements ours,table,C,"IQR across sections 17.62-18.55; thorax body, sections x=5..10 mm at the true midline (x~6); level labels assume the 13 bodies are T1-T13; off-midline sections (x=-1) read ~4 mm, not used"
thoracic,T8,"vertebral body length on spine midline (mesh, mm; model scale)",17.3,mm,1,"Beagle (Stark model, stretched x1.25 trunk; one dog)",yes? (Beagle is often listed as chondrodystrophic),"bone mesh from CT (Stark model, decimated GLB); midsagittal sections, gap = bone-to-bone along a smoothed body midline; median over sections and +-0.75/1.5 mm midline offsets","measured by Scout on ref/research/scout/10-stark-meshes/meshes (Stark, Fischer, Hunt et al. 2021, model files MIT)",10.1038/s41598-021-90058-0,MIT (model files); measurements ours,table,C,"IQR across sections 16.97-17.69; thorax body, sections x=5..10 mm at the true midline (x~6); level labels assume the 13 bodies are T1-T13; off-midline sections (x=-1) read ~4 mm, not used"
thoracic,T7,"vertebral body length on spine midline (mesh, mm; model scale)",17.16,mm,1,"Beagle (Stark model, stretched x1.25 trunk; one dog)",yes? (Beagle is often listed as chondrodystrophic),"bone mesh from CT (Stark model, decimated GLB); midsagittal sections, gap = bone-to-bone along a smoothed body midline; median over sections and +-0.75/1.5 mm midline offsets","measured by Scout on ref/research/scout/10-stark-meshes/meshes (Stark, Fischer, Hunt et al. 2021, model files MIT)",10.1038/s41598-021-90058-0,MIT (model files); measurements ours,table,C,"IQR across sections 16.97-17.41; thorax body, sections x=5..10 mm at the true midline (x~6); level labels assume the 13 bodies are T1-T13; off-midline sections (x=-1) read ~4 mm, not used"
thoracic,T6,"vertebral body length on spine midline (mesh, mm; model scale)",16.37,mm,1,"Beagle (Stark model, stretched x1.25 trunk; one dog)",yes? (Beagle is often listed as chondrodystrophic),"bone mesh from CT (Stark model, decimated GLB); midsagittal sections, gap = bone-to-bone along a smoothed body midline; median over sections and +-0.75/1.5 mm midline offsets","measured by Scout on ref/research/scout/10-stark-meshes/meshes (Stark, Fischer, Hunt et al. 2021, model files MIT)",10.1038/s41598-021-90058-0,MIT (model files); measurements ours,table,C,"IQR across sections 16.27-16.59; thorax body, sections x=5..10 mm at the true midline (x~6); level labels assume the 13 bodies are T1-T13; off-midline sections (x=-1) read ~4 mm, not used"
thoracic,T5,"vertebral body length on spine midline (mesh, mm; model scale)",16.24,mm,1,"Beagle (Stark model, stretched x1.25 trunk; one dog)",yes? (Beagle is often listed as chondrodystrophic),"bone mesh from CT (Stark model, decimated GLB); midsagittal sections, gap = bone-to-bone along a smoothed body midline; median over sections and +-0.75/1.5 mm midline offsets","measured by Scout on ref/research/scout/10-stark-meshes/meshes (Stark, Fischer, Hunt et al. 2021, model files MIT)",10.1038/s41598-021-90058-0,MIT (model files); measurements ours,table,C,"IQR across sections 16.00-16.45; thorax body, sections x=5..10 mm at the true midline (x~6); level labels assume the 13 bodies are T1-T13; off-midline sections (x=-1) read ~4 mm, not used"
thoracic,T4,"vertebral body length on spine midline (mesh, mm; model scale)",16.35,mm,1,"Beagle (Stark model, stretched x1.25 trunk; one dog)",yes? (Beagle is often listed as chondrodystrophic),"bone mesh from CT (Stark model, decimated GLB); midsagittal sections, gap = bone-to-bone along a smoothed body midline; median over sections and +-0.75/1.5 mm midline offsets","measured by Scout on ref/research/scout/10-stark-meshes/meshes (Stark, Fischer, Hunt et al. 2021, model files MIT)",10.1038/s41598-021-90058-0,MIT (model files); measurements ours,table,C,"IQR across sections 16.15-16.59; thorax body, sections x=5..10 mm at the true midline (x~6); level labels assume the 13 bodies are T1-T13; off-midline sections (x=-1) read ~4 mm, not used"
thoracic,T3,"vertebral body length on spine midline (mesh, mm; model scale)",16.38,mm,1,"Beagle (Stark model, stretched x1.25 trunk; one dog)",yes? (Beagle is often listed as chondrodystrophic),"bone mesh from CT (Stark model, decimated GLB); midsagittal sections, gap = bone-to-bone along a smoothed body midline; median over sections and +-0.75/1.5 mm midline offsets","measured by Scout on ref/research/scout/10-stark-meshes/meshes (Stark, Fischer, Hunt et al. 2021, model files MIT)",10.1038/s41598-021-90058-0,MIT (model files); measurements ours,table,C,"IQR across sections 16.12-16.60; thorax body, sections x=5..10 mm at the true midline (x~6); level labels assume the 13 bodies are T1-T13; off-midline sections (x=-1) read ~4 mm, not used"
thoracic,T2,"vertebral body length on spine midline (mesh, mm; model scale)",17.29,mm,1,"Beagle (Stark model, stretched x1.25 trunk; one dog)",yes? (Beagle is often listed as chondrodystrophic),"bone mesh from CT (Stark model, decimated GLB); midsagittal sections, gap = bone-to-bone along a smoothed body midline; median over sections and +-0.75/1.5 mm midline offsets","measured by Scout on ref/research/scout/10-stark-meshes/meshes (Stark, Fischer, Hunt et al. 2021, model files MIT)",10.1038/s41598-021-90058-0,MIT (model files); measurements ours,table,C,"IQR across sections 17.10-17.35; thorax body, sections x=5..10 mm at the true midline (x~6); level labels assume the 13 bodies are T1-T13; off-midline sections (x=-1) read ~4 mm, not used"
thoracic,T1,"vertebral body length on spine midline (mesh, mm; model scale)",19.0,mm,1,"Beagle (Stark model, stretched x1.25 trunk; one dog)",yes? (Beagle is often listed as chondrodystrophic),"bone mesh from CT (Stark model, decimated GLB); midsagittal sections, gap = bone-to-bone along a smoothed body midline; median over sections and +-0.75/1.5 mm midline offsets","measured by Scout on ref/research/scout/10-stark-meshes/meshes (Stark, Fischer, Hunt et al. 2021, model files MIT)",10.1038/s41598-021-90058-0,MIT (model files); measurements ours,table,C,"IQR across sections 18.70-19.12; thorax body, sections x=5..10 mm at the true midline (x~6); level labels assume the 13 bodies are T1-T13; off-midline sections (x=-1) read ~4 mm, not used"
thoracic,T12-T13,gap between bony vertebral bodies at mid-height (mesh),3.89,mm,1,"Beagle (Stark model, stretched x1.25 trunk; one dog)",yes? (Beagle is often listed as chondrodystrophic),"bone mesh from CT (Stark model, decimated GLB); midsagittal sections, gap = bone-to-bone along a smoothed body midline; median over sections and +-0.75/1.5 mm midline offsets","measured by Scout on ref/research/scout/10-stark-meshes/meshes (Stark, Fischer, Hunt et al. 2021, model files MIT)",10.1038/s41598-021-90058-0,MIT (model files); measurements ours,table,C,"IQR 3.73-3.96; bone-to-bone, i.e. disc plus cartilage endplates; surface smoothing/decimation may narrow gaps (likely a lower bound); thorax body, sections x=5..10 mm at the true midline (x~6); level labels assume the 13 bodies are T1-T13; off-midline sections (x=-1) read ~4 mm, not used"
thoracic,T11-T12,gap between bony vertebral bodies at mid-height (mesh),2.48,mm,1,"Beagle (Stark model, stretched x1.25 trunk; one dog)",yes? (Beagle is often listed as chondrodystrophic),"bone mesh from CT (Stark model, decimated GLB); midsagittal sections, gap = bone-to-bone along a smoothed body midline; median over sections and +-0.75/1.5 mm midline offsets","measured by Scout on ref/research/scout/10-stark-meshes/meshes (Stark, Fischer, Hunt et al. 2021, model files MIT)",10.1038/s41598-021-90058-0,MIT (model files); measurements ours,table,C,"IQR 2.25-2.68; bone-to-bone, i.e. disc plus cartilage endplates; surface smoothing/decimation may narrow gaps (likely a lower bound); thorax body, sections x=5..10 mm at the true midline (x~6); level labels assume the 13 bodies are T1-T13; off-midline sections (x=-1) read ~4 mm, not used"
thoracic,T10-T11,gap between bony vertebral bodies at mid-height (mesh),2.48,mm,1,"Beagle (Stark model, stretched x1.25 trunk; one dog)",yes? (Beagle is often listed as chondrodystrophic),"bone mesh from CT (Stark model, decimated GLB); midsagittal sections, gap = bone-to-bone along a smoothed body midline; median over sections and +-0.75/1.5 mm midline offsets","measured by Scout on ref/research/scout/10-stark-meshes/meshes (Stark, Fischer, Hunt et al. 2021, model files MIT)",10.1038/s41598-021-90058-0,MIT (model files); measurements ours,table,C,"IQR 2.39-2.78; bone-to-bone, i.e. disc plus cartilage endplates; surface smoothing/decimation may narrow gaps (likely a lower bound); thorax body, sections x=5..10 mm at the true midline (x~6); level labels assume the 13 bodies are T1-T13; off-midline sections (x=-1) read ~4 mm, not used"
thoracic,T9-T10,gap between bony vertebral bodies at mid-height (mesh),2.67,mm,1,"Beagle (Stark model, stretched x1.25 trunk; one dog)",yes? (Beagle is often listed as chondrodystrophic),"bone mesh from CT (Stark model, decimated GLB); midsagittal sections, gap = bone-to-bone along a smoothed body midline; median over sections and +-0.75/1.5 mm midline offsets","measured by Scout on ref/research/scout/10-stark-meshes/meshes (Stark, Fischer, Hunt et al. 2021, model files MIT)",10.1038/s41598-021-90058-0,MIT (model files); measurements ours,table,C,"IQR 2.52-3.02; bone-to-bone, i.e. disc plus cartilage endplates; surface smoothing/decimation may narrow gaps (likely a lower bound); thorax body, sections x=5..10 mm at the true midline (x~6); level labels assume the 13 bodies are T1-T13; off-midline sections (x=-1) read ~4 mm, not used"
thoracic,T8-T9,gap between bony vertebral bodies at mid-height (mesh),2.47,mm,1,"Beagle (Stark model, stretched x1.25 trunk; one dog)",yes? (Beagle is often listed as chondrodystrophic),"bone mesh from CT (Stark model, decimated GLB); midsagittal sections, gap = bone-to-bone along a smoothed body midline; median over sections and +-0.75/1.5 mm midline offsets","measured by Scout on ref/research/scout/10-stark-meshes/meshes (Stark, Fischer, Hunt et al. 2021, model files MIT)",10.1038/s41598-021-90058-0,MIT (model files); measurements ours,table,C,"IQR 2.09-2.81; bone-to-bone, i.e. disc plus cartilage endplates; surface smoothing/decimation may narrow gaps (likely a lower bound); thorax body, sections x=5..10 mm at the true midline (x~6); level labels assume the 13 bodies are T1-T13; off-midline sections (x=-1) read ~4 mm, not used"
thoracic,T7-T8,gap between bony vertebral bodies at mid-height (mesh),2.86,mm,1,"Beagle (Stark model, stretched x1.25 trunk; one dog)",yes? (Beagle is often listed as chondrodystrophic),"bone mesh from CT (Stark model, decimated GLB); midsagittal sections, gap = bone-to-bone along a smoothed body midline; median over sections and +-0.75/1.5 mm midline offsets","measured by Scout on ref/research/scout/10-stark-meshes/meshes (Stark, Fischer, Hunt et al. 2021, model files MIT)",10.1038/s41598-021-90058-0,MIT (model files); measurements ours,table,C,"IQR 2.45-3.00; bone-to-bone, i.e. disc plus cartilage endplates; surface smoothing/decimation may narrow gaps (likely a lower bound); thorax body, sections x=5..10 mm at the true midline (x~6); level labels assume the 13 bodies are T1-T13; off-midline sections (x=-1) read ~4 mm, not used"
thoracic,T6-T7,gap between bony vertebral bodies at mid-height (mesh),2.83,mm,1,"Beagle (Stark model, stretched x1.25 trunk; one dog)",yes? (Beagle is often listed as chondrodystrophic),"bone mesh from CT (Stark model, decimated GLB); midsagittal sections, gap = bone-to-bone along a smoothed body midline; median over sections and +-0.75/1.5 mm midline offsets","measured by Scout on ref/research/scout/10-stark-meshes/meshes (Stark, Fischer, Hunt et al. 2021, model files MIT)",10.1038/s41598-021-90058-0,MIT (model files); measurements ours,table,C,"IQR 2.61-2.98; bone-to-bone, i.e. disc plus cartilage endplates; surface smoothing/decimation may narrow gaps (likely a lower bound); thorax body, sections x=5..10 mm at the true midline (x~6); level labels assume the 13 bodies are T1-T13; off-midline sections (x=-1) read ~4 mm, not used"
thoracic,T5-T6,gap between bony vertebral bodies at mid-height (mesh),2.54,mm,1,"Beagle (Stark model, stretched x1.25 trunk; one dog)",yes? (Beagle is often listed as chondrodystrophic),"bone mesh from CT (Stark model, decimated GLB); midsagittal sections, gap = bone-to-bone along a smoothed body midline; median over sections and +-0.75/1.5 mm midline offsets","measured by Scout on ref/research/scout/10-stark-meshes/meshes (Stark, Fischer, Hunt et al. 2021, model files MIT)",10.1038/s41598-021-90058-0,MIT (model files); measurements ours,table,C,"IQR 2.28-2.74; bone-to-bone, i.e. disc plus cartilage endplates; surface smoothing/decimation may narrow gaps (likely a lower bound); thorax body, sections x=5..10 mm at the true midline (x~6); level labels assume the 13 bodies are T1-T13; off-midline sections (x=-1) read ~4 mm, not used"
thoracic,T4-T5,gap between bony vertebral bodies at mid-height (mesh),2.42,mm,1,"Beagle (Stark model, stretched x1.25 trunk; one dog)",yes? (Beagle is often listed as chondrodystrophic),"bone mesh from CT (Stark model, decimated GLB); midsagittal sections, gap = bone-to-bone along a smoothed body midline; median over sections and +-0.75/1.5 mm midline offsets","measured by Scout on ref/research/scout/10-stark-meshes/meshes (Stark, Fischer, Hunt et al. 2021, model files MIT)",10.1038/s41598-021-90058-0,MIT (model files); measurements ours,table,C,"IQR 2.23-2.65; bone-to-bone, i.e. disc plus cartilage endplates; surface smoothing/decimation may narrow gaps (likely a lower bound); thorax body, sections x=5..10 mm at the true midline (x~6); level labels assume the 13 bodies are T1-T13; off-midline sections (x=-1) read ~4 mm, not used"
thoracic,T3-T4,gap between bony vertebral bodies at mid-height (mesh),2.38,mm,1,"Beagle (Stark model, stretched x1.25 trunk; one dog)",yes? (Beagle is often listed as chondrodystrophic),"bone mesh from CT (Stark model, decimated GLB); midsagittal sections, gap = bone-to-bone along a smoothed body midline; median over sections and +-0.75/1.5 mm midline offsets","measured by Scout on ref/research/scout/10-stark-meshes/meshes (Stark, Fischer, Hunt et al. 2021, model files MIT)",10.1038/s41598-021-90058-0,MIT (model files); measurements ours,table,C,"IQR 2.10-2.61; bone-to-bone, i.e. disc plus cartilage endplates; surface smoothing/decimation may narrow gaps (likely a lower bound); thorax body, sections x=5..10 mm at the true midline (x~6); level labels assume the 13 bodies are T1-T13; off-midline sections (x=-1) read ~4 mm, not used"
thoracic,T2-T3,gap between bony vertebral bodies at mid-height (mesh),2.67,mm,1,"Beagle (Stark model, stretched x1.25 trunk; one dog)",yes? (Beagle is often listed as chondrodystrophic),"bone mesh from CT (Stark model, decimated GLB); midsagittal sections, gap = bone-to-bone along a smoothed body midline; median over sections and +-0.75/1.5 mm midline offsets","measured by Scout on ref/research/scout/10-stark-meshes/meshes (Stark, Fischer, Hunt et al. 2021, model files MIT)",10.1038/s41598-021-90058-0,MIT (model files); measurements ours,table,C,"IQR 2.56-2.80; bone-to-bone, i.e. disc plus cartilage endplates; surface smoothing/decimation may narrow gaps (likely a lower bound); thorax body, sections x=5..10 mm at the true midline (x~6); level labels assume the 13 bodies are T1-T13; off-midline sections (x=-1) read ~4 mm, not used"
thoracic,T1-T2,gap between bony vertebral bodies at mid-height (mesh),2.61,mm,1,"Beagle (Stark model, stretched x1.25 trunk; one dog)",yes? (Beagle is often listed as chondrodystrophic),"bone mesh from CT (Stark model, decimated GLB); midsagittal sections, gap = bone-to-bone along a smoothed body midline; median over sections and +-0.75/1.5 mm midline offsets","measured by Scout on ref/research/scout/10-stark-meshes/meshes (Stark, Fischer, Hunt et al. 2021, model files MIT)",10.1038/s41598-021-90058-0,MIT (model files); measurements ours,table,C,"IQR 2.57-2.69; bone-to-bone, i.e. disc plus cartilage endplates; surface smoothing/decimation may narrow gaps (likely a lower bound); thorax body, sections x=5..10 mm at the true midline (x~6); level labels assume the 13 bodies are T1-T13; off-midline sections (x=-1) read ~4 mm, not used"
lumbar,L7,"vertebral body length on spine midline (mesh, mm; model scale)",26.3,mm,1,"Beagle (Stark model, stretched x1.25 trunk; one dog)",yes? (Beagle is often listed as chondrodystrophic),"bone mesh from CT (Stark model, decimated GLB); midsagittal sections, gap = bone-to-bone along a smoothed body midline; median over sections and +-0.75/1.5 mm midline offsets","measured by Scout on ref/research/scout/10-stark-meshes/meshes (Stark, Fischer, Hunt et al. 2021, model files MIT)",10.1038/s41598-021-90058-0,MIT (model files); measurements ours,table,C,"IQR across sections 26.09-26.57; abdomen body, sections x=0..8 mm"
lumbar,L6,"vertebral body length on spine midline (mesh, mm; model scale)",28.2,mm,1,"Beagle (Stark model, stretched x1.25 trunk; one dog)",yes? (Beagle is often listed as chondrodystrophic),"bone mesh from CT (Stark model, decimated GLB); midsagittal sections, gap = bone-to-bone along a smoothed body midline; median over sections and +-0.75/1.5 mm midline offsets","measured by Scout on ref/research/scout/10-stark-meshes/meshes (Stark, Fischer, Hunt et al. 2021, model files MIT)",10.1038/s41598-021-90058-0,MIT (model files); measurements ours,table,C,"IQR across sections 27.78-28.46; abdomen body, sections x=0..8 mm"
lumbar,L5,"vertebral body length on spine midline (mesh, mm; model scale)",29.19,mm,1,"Beagle (Stark model, stretched x1.25 trunk; one dog)",yes? (Beagle is often listed as chondrodystrophic),"bone mesh from CT (Stark model, decimated GLB); midsagittal sections, gap = bone-to-bone along a smoothed body midline; median over sections and +-0.75/1.5 mm midline offsets","measured by Scout on ref/research/scout/10-stark-meshes/meshes (Stark, Fischer, Hunt et al. 2021, model files MIT)",10.1038/s41598-021-90058-0,MIT (model files); measurements ours,table,C,"IQR across sections 29.00-29.38; abdomen body, sections x=0..8 mm"
lumbar,L4,"vertebral body length on spine midline (mesh, mm; model scale)",27.59,mm,1,"Beagle (Stark model, stretched x1.25 trunk; one dog)",yes? (Beagle is often listed as chondrodystrophic),"bone mesh from CT (Stark model, decimated GLB); midsagittal sections, gap = bone-to-bone along a smoothed body midline; median over sections and +-0.75/1.5 mm midline offsets","measured by Scout on ref/research/scout/10-stark-meshes/meshes (Stark, Fischer, Hunt et al. 2021, model files MIT)",10.1038/s41598-021-90058-0,MIT (model files); measurements ours,table,C,"IQR across sections 27.43-27.70; abdomen body, sections x=0..8 mm"
lumbar,L3,"vertebral body length on spine midline (mesh, mm; model scale)",26.78,mm,1,"Beagle (Stark model, stretched x1.25 trunk; one dog)",yes? (Beagle is often listed as chondrodystrophic),"bone mesh from CT (Stark model, decimated GLB); midsagittal sections, gap = bone-to-bone along a smoothed body midline; median over sections and +-0.75/1.5 mm midline offsets","measured by Scout on ref/research/scout/10-stark-meshes/meshes (Stark, Fischer, Hunt et al. 2021, model files MIT)",10.1038/s41598-021-90058-0,MIT (model files); measurements ours,table,C,"IQR across sections 26.65-26.94; abdomen body, sections x=0..8 mm"
lumbar,L2,"vertebral body length on spine midline (mesh, mm; model scale)",26.08,mm,1,"Beagle (Stark model, stretched x1.25 trunk; one dog)",yes? (Beagle is often listed as chondrodystrophic),"bone mesh from CT (Stark model, decimated GLB); midsagittal sections, gap = bone-to-bone along a smoothed body midline; median over sections and +-0.75/1.5 mm midline offsets","measured by Scout on ref/research/scout/10-stark-meshes/meshes (Stark, Fischer, Hunt et al. 2021, model files MIT)",10.1038/s41598-021-90058-0,MIT (model files); measurements ours,table,C,"IQR across sections 25.91-26.30; abdomen body, sections x=0..8 mm"
lumbar,L1,"vertebral body length on spine midline (mesh, mm; model scale)",24.21,mm,1,"Beagle (Stark model, stretched x1.25 trunk; one dog)",yes? (Beagle is often listed as chondrodystrophic),"bone mesh from CT (Stark model, decimated GLB); midsagittal sections, gap = bone-to-bone along a smoothed body midline; median over sections and +-0.75/1.5 mm midline offsets","measured by Scout on ref/research/scout/10-stark-meshes/meshes (Stark, Fischer, Hunt et al. 2021, model files MIT)",10.1038/s41598-021-90058-0,MIT (model files); measurements ours,table,C,"IQR across sections 24.02-24.41; abdomen body, sections x=0..8 mm"
lumbar,L6-L7,gap between bony vertebral bodies at mid-height (mesh),3.49,mm,1,"Beagle (Stark model, stretched x1.25 trunk; one dog)",yes? (Beagle is often listed as chondrodystrophic),"bone mesh from CT (Stark model, decimated GLB); midsagittal sections, gap = bone-to-bone along a smoothed body midline; median over sections and +-0.75/1.5 mm midline offsets","measured by Scout on ref/research/scout/10-stark-meshes/meshes (Stark, Fischer, Hunt et al. 2021, model files MIT)",10.1038/s41598-021-90058-0,MIT (model files); measurements ours,table,C,"IQR 3.09-3.82; bone-to-bone, i.e. disc plus cartilage endplates; surface smoothing/decimation may narrow gaps (likely a lower bound); abdomen body, sections x=0..8 mm"
lumbar,L5-L6,gap between bony vertebral bodies at mid-height (mesh),3.24,mm,1,"Beagle (Stark model, stretched x1.25 trunk; one dog)",yes? (Beagle is often listed as chondrodystrophic),"bone mesh from CT (Stark model, decimated GLB); midsagittal sections, gap = bone-to-bone along a smoothed body midline; median over sections and +-0.75/1.5 mm midline offsets","measured by Scout on ref/research/scout/10-stark-meshes/meshes (Stark, Fischer, Hunt et al. 2021, model files MIT)",10.1038/s41598-021-90058-0,MIT (model files); measurements ours,table,C,"IQR 3.05-3.47; bone-to-bone, i.e. disc plus cartilage endplates; surface smoothing/decimation may narrow gaps (likely a lower bound); abdomen body, sections x=0..8 mm"
lumbar,L4-L5,gap between bony vertebral bodies at mid-height (mesh),3.38,mm,1,"Beagle (Stark model, stretched x1.25 trunk; one dog)",yes? (Beagle is often listed as chondrodystrophic),"bone mesh from CT (Stark model, decimated GLB); midsagittal sections, gap = bone-to-bone along a smoothed body midline; median over sections and +-0.75/1.5 mm midline offsets","measured by Scout on ref/research/scout/10-stark-meshes/meshes (Stark, Fischer, Hunt et al. 2021, model files MIT)",10.1038/s41598-021-90058-0,MIT (model files); measurements ours,table,C,"IQR 3.31-3.51; bone-to-bone, i.e. disc plus cartilage endplates; surface smoothing/decimation may narrow gaps (likely a lower bound); abdomen body, sections x=0..8 mm"
lumbar,L3-L4,gap between bony vertebral bodies at mid-height (mesh),4.1,mm,1,"Beagle (Stark model, stretched x1.25 trunk; one dog)",yes? (Beagle is often listed as chondrodystrophic),"bone mesh from CT (Stark model, decimated GLB); midsagittal sections, gap = bone-to-bone along a smoothed body midline; median over sections and +-0.75/1.5 mm midline offsets","measured by Scout on ref/research/scout/10-stark-meshes/meshes (Stark, Fischer, Hunt et al. 2021, model files MIT)",10.1038/s41598-021-90058-0,MIT (model files); measurements ours,table,C,"IQR 4.04-4.20; bone-to-bone, i.e. disc plus cartilage endplates; surface smoothing/decimation may narrow gaps (likely a lower bound); abdomen body, sections x=0..8 mm"
lumbar,L2-L3,gap between bony vertebral bodies at mid-height (mesh),3.94,mm,1,"Beagle (Stark model, stretched x1.25 trunk; one dog)",yes? (Beagle is often listed as chondrodystrophic),"bone mesh from CT (Stark model, decimated GLB); midsagittal sections, gap = bone-to-bone along a smoothed body midline; median over sections and +-0.75/1.5 mm midline offsets","measured by Scout on ref/research/scout/10-stark-meshes/meshes (Stark, Fischer, Hunt et al. 2021, model files MIT)",10.1038/s41598-021-90058-0,MIT (model files); measurements ours,table,C,"IQR 3.74-4.15; bone-to-bone, i.e. disc plus cartilage endplates; surface smoothing/decimation may narrow gaps (likely a lower bound); abdomen body, sections x=0..8 mm"
lumbar,L1-L2,gap between bony vertebral bodies at mid-height (mesh),3.7,mm,1,"Beagle (Stark model, stretched x1.25 trunk; one dog)",yes? (Beagle is often listed as chondrodystrophic),"bone mesh from CT (Stark model, decimated GLB); midsagittal sections, gap = bone-to-bone along a smoothed body midline; median over sections and +-0.75/1.5 mm midline offsets","measured by Scout on ref/research/scout/10-stark-meshes/meshes (Stark, Fischer, Hunt et al. 2021, model files MIT)",10.1038/s41598-021-90058-0,MIT (model files); measurements ours,table,C,"IQR 3.57-3.76; bone-to-bone, i.e. disc plus cartilage endplates; surface smoothing/decimation may narrow gaps (likely a lower bound); abdomen body, sections x=0..8 mm"
lumbar,L7-S1,gap L7 body to sacrum (assembled default pose),3.1,mm,1,"Beagle (Stark model, stretched x1.25 trunk; one dog)",yes? (Beagle is often listed as chondrodystrophic),"bone mesh from CT (Stark model, decimated GLB); midsagittal sections, gap = bone-to-bone along a smoothed body midline; median over sections and +-0.75/1.5 mm midline offsets","measured by Scout on ref/research/scout/10-stark-meshes/meshes (Stark, Fischer, Hunt et al. 2021, model files MIT)",10.1038/s41598-021-90058-0,MIT (model files); measurements ours,table,C,"abdomen and cauda meshes placed by the OpenSim default pose; range 3.0-3.3 over x=4-8; depends on joint placement, so weaker than within-mesh gaps"
thoracic,T13-L1,gap T13 to L1 (assembled default pose),14.4,mm,1,"Beagle (Stark model, stretched x1.25 trunk; one dog)",yes? (Beagle is often listed as chondrodystrophic),"bone mesh from CT (Stark model, decimated GLB); midsagittal sections, gap = bone-to-bone along a smoothed body midline; median over sections and +-0.75/1.5 mm midline offsets","measured by Scout on ref/research/scout/10-stark-meshes/meshes (Stark, Fischer, Hunt et al. 2021, model files MIT)",10.1038/s41598-021-90058-0,MIT (model files); measurements ours,do not use,EST,ARTEFACT of the default pose (thorax/abdomen joint placement): 4x any within-mesh gap. Do not use
cervical,C7-T1,gap C7 to T1 (assembled default pose),0.5,mm,1,"Beagle (Stark model, stretched x1.25 trunk; one dog)",yes? (Beagle is often listed as chondrodystrophic),"bone mesh from CT (Stark model, decimated GLB); midsagittal sections, gap = bone-to-bone along a smoothed body midline; median over sections and +-0.75/1.5 mm midline offsets","measured by Scout on ref/research/scout/10-stark-meshes/meshes (Stark, Fischer, Hunt et al. 2021, model files MIT)",10.1038/s41598-021-90058-0,MIT (model files); measurements ours,do not use,EST,ARTEFACT: C7 and T1 bodies overlap in the default pose (cervix sagittal -10 deg). Do not use
cervical,whole region,disc (gap) share of region length,0.15,fraction,1,"Beagle (Stark model, stretched x1.25 trunk; one dog)",yes? (Beagle is often listed as chondrodystrophic),"bone mesh from CT (Stark model, decimated GLB); midsagittal sections, gap = bone-to-bone along a smoothed body midline; median over sections and +-0.75/1.5 mm midline offsets","measured by Scout on ref/research/scout/10-stark-meshes/meshes (Stark, Fischer, Hunt et al. 2021, model files MIT)",10.1038/s41598-021-90058-0,MIT (model files); measurements ours,derived,C,C3-C7 bodies + discs C2-C3..C6-C7; with C2 (dens included) and C7-T1 set to the mean gap: 0.131; centra-only multiplier 1/(1-share) = 1.176; mean gap/mean body r = 0.176
thoracic,whole region,disc (gap) share of region length,0.132,fraction,1,"Beagle (Stark model, stretched x1.25 trunk; one dog)",yes? (Beagle is often listed as chondrodystrophic),"bone mesh from CT (Stark model, decimated GLB); midsagittal sections, gap = bone-to-bone along a smoothed body midline; median over sections and +-0.75/1.5 mm midline offsets","measured by Scout on ref/research/scout/10-stark-meshes/meshes (Stark, Fischer, Hunt et al. 2021, model files MIT)",10.1038/s41598-021-90058-0,MIT (model files); measurements ours,derived,C,"13 bodies + 13 discs (T13-L1 set equal to T12-T13, 3.89 mm); 12 discs only: 0.120; centra-only multiplier 1/(1-share) = 1.152; mean gap/mean body r = 0.152"
lumbar,whole region,disc (gap) share of region length,0.117,fraction,1,"Beagle (Stark model, stretched x1.25 trunk; one dog)",yes? (Beagle is often listed as chondrodystrophic),"bone mesh from CT (Stark model, decimated GLB); midsagittal sections, gap = bone-to-bone along a smoothed body midline; median over sections and +-0.75/1.5 mm midline offsets","measured by Scout on ref/research/scout/10-stark-meshes/meshes (Stark, Fischer, Hunt et al. 2021, model files MIT)",10.1038/s41598-021-90058-0,MIT (model files); measurements ours,derived,C,7 bodies + 7 discs incl. L7-S1 3.1 mm; 6 discs only: 0.104; centra-only multiplier 1/(1-share) = 1.133; mean gap/mean body r = 0.132
