citation,url,code_url,code_licence,data,relevance
"Wilhelms J, Van Gelder A (1997). Anatomically based modeling. SIGGRAPH 97 (tech report UCSC-CRL-97-10).",https://tr.soe.ucsc.edu/research/technical-reports/UCSC-CRL-97-10,none,n/a,none,"HIGH (method): animals; bones as meshes, muscles as deformable ellipsoid/cylinder bellies between origin and insertion, skin = voxelise all parts, filter, extract isosurface, then relax as elastic membrane. This is almost exactly the recommended pipeline."
"Wilhelms J, Van Gelder A (1998). Hybrid anatomically based modeling of animals. UCSC-CRL-98-05.",https://tr.soe.ucsc.edu/research/technical-reports/UCSC-CRL-98-05,none,n/a,none,"HIGH (method): follow-up for animals (horse/cat), mixes generic tissue with muscles to fill the body"
"Simmons M, Wilhelms J, Van Gelder A (2002). Model-based reconstruction for creature animation. SCA 2002.",https://www.cs.ubc.ca/~van/sca/sca2002/advanceProg.html,none,n/a,none,"MEDIUM: Equus horse project; skin from anatomy, new skinning; method only"
"Scheepers F, Parent RE, Carlson WE, May SF (1997). Anatomy-based modeling of the human musculature. SIGGRAPH 97.",https://history.siggraph.org/?p=117262,none,n/a,none,MEDIUM: ellipsoid fusiform bellies with volume preservation; tendons; good muscle-shape formulas
"Dicko AH, Liu T, Gilles B, Kavan L, Faure F, Palombi O, Cani M-P (2013). Anatomy transfer. ACM TOG 32(6), SIGGRAPH Asia.",https://users.cs.utah.edu/~ladislav/alihamadi13anatomy/alihamadi13anatomy.html,"none published (built on SOFA, LGPL; reference anatomy was a commercial human model)",n/a,none released,LOW for us: goes skin -> inside (warp a reference anatomy into a given skin); opposite direction. Idea worth keeping: interpolate tissue thickness between bone and skin.
"Saito S, Zhou Z-Y, Kavan L (2015). Computational bodybuilding: anatomically-based modeling of human bodies. ACM TOG 34(4), SIGGRAPH.",https://users.cs.utah.edu/~ladislav/saito15computational/saito15computational.html,none,n/a,none,MEDIUM (idea): grow muscle and fat volumes on a template with Projective Dynamics; shows per-muscle hypertrophy and fat layers as shape controls (lean wolf vs stocky dog).
"Kadlecek P, Ichim A-E, Liu T, Krivanek J, Kavan L (2016). Reconstructing personalized anatomical models for physics-based body animation. ACM TOG 35(6), SIGGRAPH Asia.",https://users.cs.utah.edu/~ladislav/kadlecek16reconstructing/kadlecek16reconstructing.html,none,n/a,none,LOW: fits template anatomy to body scans (skin -> inside)
"Teran J, Sifakis E, Blemker S, Ng-Thow-Hing V, Lau C, Fedkiw R (2005). Creating and simulating skeletal muscle from the Visible Human data set. IEEE TVCG 11(3).",https://doi.org/10.1109/TVCG.2005.42,none,n/a,Visible Human (human),"LOW: FEM muscle, human"
Angles B et al. (2019). VIPER: Volume Invariant Position-based Elastic Rods. SCA 2019 / PACMCGIT.,https://arxiv.org/abs/1906.05260,https://github.com/vcg-uvic/viper,Apache-2.0,demo assets,LOW-MEDIUM: muscles as rod bundles that keep volume; useful only if bellies must bulge during the walk cycle
"Lee S, Park M, Lee K, Lee J (2019). Scalable muscle-actuated human simulation and control. ACM TOG 38(4).",https://doi.org/10.1145/3306346.3322972,https://github.com/lsw9021/MASS,Apache-2.0,human model,"LOW: human, control"
"Modenese L, Kohout J (2020). Automated generation of three-dimensional complex muscle geometries for use in personalised musculoskeletal models. Ann Biomed Eng 48:1793-1804.",https://pmc.ncbi.nlm.nih.gov/articles/PMC7280327/,https://simtk.org/projects/3d-muscles,CC BY 4.0 (SimTK download); MATLAB,hip muscles from MRI (human),LOW-MEDIUM: surface -> lines of action (inverse of our need); shows how attachment areas map to fibres
"Herbst EC, Meade LE, Lautenschlager S, Fioritti N, Scheyer TM (2022). A toolbox for the retrodeformation and muscle reconstruction of fossil specimens in Blender. R Soc Open Sci 9:220519.",https://doi.org/10.1098/rsos.220519,https://github.com/evaherbst/MyoGenerator,GPL-3.0,tutorial video on Dryad (doi:10.5061/dryad.qjq2bvqk2),"MEDIUM: muscle bellies from attachment areas + path in Blender, as used in palaeontology (bones -> muscles with no soft tissue preserved, our exact situation)"
"van Bijlert PA (2024). MuSkeMo: open-source software to construct, analyze, and visualize human and animal musculoskeletal models and movements in Blender. bioRxiv 2024.12.10.627828.",https://www.biorxiv.org/content/10.1101/2024.12.10.627828v1,https://github.com/PashavanBijlert/MuSkeMo,no licence file (needs-human),"sample models (emu, horse figure)","HIGH: OpenSim import + Hill-volume volumetric muscle visualisation + convex-hull segment volumes, all in Blender"
"Navarro Newball AA, Herrera Botero FJ, Loaiza Buitrago DF (2011). Anatomy guided bottom up creature skinning. Sistemas & Telematica 9(17).",https://www.redalyc.org/pdf/4115/411534384001.pdf,none found,n/a,none,HIGH (method): bones + muscles + subsidiary organs -> implicit-surface skin mesh; fur from offsets of the skin. Same layering as our plan.
Hecker C (2008-2009). My liner notes for Spore (procedural creature skin with metaballs).,https://www.chrishecker.com/My_Liner_Notes_for_Spore,none,n/a,none,MEDIUM: practical notes on blobby implicit skin over a creature skeleton; robustness tips
"Wyvill B, Guy A, Galin E (1999). Extending the CSG tree: warping, blending and Boolean operations in an implicit surface modeling system (the BlobTree). CGF 18(2).",https://perso.liris.cnrs.fr/eric.galin/Articles/1999-blobtree-model.pdf,none,n/a,none,MEDIUM (theory): controlled blending of implicit parts (smooth union radius) = the 'k' in our smooth-min
Raistrick A et al. (2023). Infinite photorealistic worlds using procedural generation (Infinigen). CVPR 2023.,https://arxiv.org/abs/2306.09310,https://github.com/princeton-vl/infinigen,BSD-3-Clause,procedural; NURBS part templates incl. wolf body/head,"MEDIUM: open procedural carnivore with fur grooms in Blender; not anatomy-driven. A later student project used it for a skeleton/muscle/skin/fur tiger (Princeton thesis, dataspace.princeton.edu/handle/88435/dsp01g732dd337, not checked)."
"Reveret L, Favreau L, Depraz C, Cani M-P (2005). Morphable model of quadrupeds skeletons for animating 3D animals. SCA 2005.",https://diglib.eg.org/items/2624c2b8-a62e-4800-b9ca-7a81ea5042b5,none,n/a,none,LOW: skeleton from mesh (opposite direction)
"Vaillant R, Barthe L, Guennebaud G, Cani M-P, Rohmer D, Wyvill B, Gourmel O, Paulin M (2013). Implicit skinning. ACM TOG 32(4).",https://doi.org/10.1145/2461912.2461960,research code not released as far as found,n/a,none,LOW-MEDIUM: implicit per-bone fields keep joint bulges right when the 3D body is posed for each stride frame
"Stark H, Fischer MS, Hunt A, Young F, Quinn R, Andrada E (2021). A three-dimensional musculoskeletal model of the dog. Sci Rep 11:11335.",https://doi.org/10.1038/s41598-021-90058-0,SimTK (already fetched: ref/research/fetched/03-dog-model),MIT (per earlier fetch),"bone meshes + 158 muscles with F_max, L_opt, wrap objects",OUR SOURCE: gives Hill volumes per muscle (V = F_max * L_opt / sigma)
"Zuffi S, Kanazawa A, Jacobs D, Black MJ (2017). 3D Menagerie: modeling the 3D shape and pose of animals (SMAL). CVPR 2017.",https://smal.is.tue.mpg.de/,https://smal.is.tue.mpg.de/,NON-COMMERCIAL (MPI),toy scans,Cannot use (commercial game)
"Zuffi S, Kanazawa A, Black MJ (2018). Lions and tigers and bears: capturing non-rigid 3D articulated shape from images (SMALR). CVPR 2018.",https://github.com/silviazuffi/smalr_online,https://github.com/silviazuffi/smalr_online,NON-COMMERCIAL (MPI),SMAL-based,Cannot use
"Rueegg N, Zuffi S, Schindler K, Black MJ (2022). BARC: learning to regress 3D dog shape from images by exploiting breed information (D-SMAL). CVPR 2022. Also BITE (CVPR 2023).",https://arxiv.org/abs/2203.15536,https://github.com/runa91/barc_release,NON-COMMERCIAL (MPI/ETH),StanfordExtra-based,Cannot use; D-SMAL shows that dogs need limb-length scale params on top of shape PCA
"Li C, Ghorbani N, Broome S, Rashid M, Black MJ, Hernlund E, Kjellstrom H, Zuffi S (2021). hSMAL: detailed horse shape and pose reconstruction for motion pattern recognition.",https://arxiv.org/abs/2106.10102,https://github.com/Celiali/hSMAL,no licence file; SMAL-derived (NC),horse toys,Cannot use
Xu J et al. (2023). Animal3D: a comprehensive dataset of 3D animal pose and shape. ICCV 2023.,https://arxiv.org/abs/2308.11737,https://xujiacong.github.io/Animal3D/,not stated; SMAL params (NC),"3379 images, 40 species",Cannot use
"Li Z, Litvak D, Li R, Zhang Y, Jakab T, Rupprecht C, Wu S, Vedaldi A, Wu J (2024). Learning the 3D Fauna of the web (3D-Fauna). CVPR 2024.",https://github.com/3DAnimals/3DAnimals,https://github.com/3DAnimals/3DAnimals,MIT (code),web images,"LOW: learned coarse shapes, no anatomy"
"Weta FX Tissue (Clutterbuck, Jacobs, Dorling; Sci-Tech award).",https://www.wetafx.co.nz/research-and-tech/technology/tissue,proprietary,n/a,n/a,Concept only: bones -> muscles (FEM) -> fascia -> fat -> skin layering
SideFX Houdini Muscles & Tissue (Vellum/FEM).,https://www.sidefx.com/docs/houdini/muscles/overview.html,commercial,commercial,n/a,Concept only
Ziva VFX (discontinued by Unity) / AdonisFX 2.0 (Inbibo).,https://www.cgchannel.com/2026/03/is-adonisfx-2-0-the-new-ziva-vfx/,commercial,commercial,n/a,Concept only
"Keller M, Zuffi S, Black MJ, Pujades S (2022). OSSO: obtaining skeletal shape from outside; Keller et al. (2023) SKEL.",https://osso.is.tue.mpg.de/,MPI,NON-COMMERCIAL,human,Not usable; humans; skin -> skeleton direction
