name,category,url,licence,last_update,stars,blender_versions,headless,commercial_output_ok,summary,fit
MuSkeMo,a-muscle-volumes; opensim-import,https://github.com/PashavanBijlert/MuSkeMo,"NO LICENCE FILE in repo (README calls it open-source; GitHub reports none; one bundled script says CC-BY-NC, one CC BY 4.0, one BSD-2) - needs-human: ask author for a licence",2026-10-05 (pushed),69,4.1-4.5 and 5.0-5.2 (README); bl_info min 4.0,"likely: operators run via bpy.ops with filepath (import.import_opensim_model, visualization.convert_muscles_to_volumetric); utility scripts already drive it by Python API; NOT run here (bpy not installed in this session)",yes for our renders (it is a tool; no claim on outputs) but code licence unclear,"Imports OpenSim .osim (bodies, joints, path-point muscles, wrap objects, bone geometry) into Blender; turns each muscle path into a geometry-nodes volumetric belly sized by Hill volume F_max/specific_tension*L_opt ('Fast' or 'VolumeAccurate' modes); convex-hull body-mass tools",BEST MATCH for step bones+muscle paths -> muscle volumes; same Hill-volume rule we would code ourselves; use as reference/cross-check until licence is clarified
MyoGenerator,a-muscle-volumes,https://github.com/evaherbst/MyoGenerator,GPL-3.0 (LICENSE.md),2022-12-13,12,2.91-2.93 only (README warns newer may break),"partly: Blender add-on with interactive steps (paint attachment areas, draw curve); scriptable in principle, not designed for --background","yes (GPL covers code, not your meshes)","Builds a muscle volume mesh from origin/insertion areas painted on bone plus a guide curve; outputs volume, areas, centroids CSV (Herbst et al. 2022 RSOS)",Good method reference (attachment area -> belly loft); too old a Blender and too interactive for our headless kit
MuscleToolsAddOn,a-muscle-volumes,https://github.com/coloremblem/MuscleToolsAddOn,GPL-2.0,2014-07-30,5,2.71 (bl_info),no evidence,yes,Early muscle-system helper add-on (muscle objects between bones),Obsolete; skip
KasMas,a-muscle-volumes,https://github.com/kursad-k/blender-kasmas,none stated (no licence file),2021-04-27,0,2.80+,no evidence,unclear (no licence),Proof-of-concept muscle drawing from curve profiles,"Skip (WIP, no licence)"
BlenderMTS (Muscle Tissue Simulator),a-muscle-sim,https://github.com/taylorsteinert/BlenderMTS,none stated,2026-09-18,0,4.4.3 (bl_info),no: relies on viewport animation playback operators,unclear,Cloth-physics jiggle on muscle meshes of a rigged creature,Skip (not a builder)
X-Muscle System 4.0,a-muscle-sim,https://superhivemarket.com/products/x-muscle-system,"GPL code but COMMERCIAL (paid, from about USD 30)",maintained (Superhive listing),n/a,recent 4.x,not documented,yes (outputs yours) but must be bought,"Physics-based muscle/fat/skin tissue simulator; muscles drawn between bones, volume preservation",Not needed for a static side view; paid
Meat Machine,a-muscle-volumes,https://superhivemarket.com/products/meatmachine,COMMERCIAL (Superhive),n/a,n/a,4.x geometry nodes,not documented,n/a,"Geometry-nodes block-in of bones, muscles and sheet muscles from drawn curves",Commercial; idea only
BlenderRobotDesigner,a-muscle-lines,https://github.com/HBPNeurorobotics/BlenderRobotDesigner,GPL-2.0,2022-05-20,77,2.79-era,no evidence,yes,Robot and musculoskeletal (line muscle) modelling for the Neurorobotics Platform,"Lines only, old; skip"
BlendOsim,opensim-import,https://github.com/JonathanCamargo/BlendOsim,MIT,2023-02-14,16,2.9x-3.x (verify),"probably (Python import code), untested",yes,Imports OpenSim models and motion/mocap into Blender,Fallback .osim importer if MuSkeMo licence stays unclear; we already have bodies.csv so we can also skip importers
OpenSim-Blender-Addons,opensim-import,https://github.com/linkedinyou/OpenSim-Blender-Addons,MIT,2015-05-30,5,2.7x,no,yes,Old OpenSim import/export/animate add-ons,Obsolete
Skin modifier (built-in),b-skin-from-skeleton,https://docs.blender.org/manual/en/latest/modeling/modifiers/generate/skin.html,GPL (part of Blender),ships with Blender,n/a,2.7x-5.x,"yes: plain modifier, works in --background / bpy module",yes,Turns a vertex-edge graph with per-vertex radii into a quad mesh; plus Subdivision gives smooth tubes,"Quick 'skin skeleton' from bone landmarks + measured skin offsets as radii; good for limbs/neck/tail, weak on trunk"
Metaballs (built-in),b-implicit,https://docs.blender.org/manual/en/latest/modeling/metas/index.html,GPL (part of Blender),ships with Blender,n/a,all,yes (convert to mesh in background works),yes,"Blobby implicit primitives (ball, capsule, ellipsoid) that merge smoothly; Spore used the same idea for creature skin",Usable but fiddly to control threshold; an SDF in Python (fogleman/sdf) gives the same with exact control
Geometry Nodes volume chain (built-in),b-implicit,https://docs.blender.org/manual/en/latest/modeling/geometry_nodes/volume/index.html,GPL (part of Blender),ships with Blender,n/a,"3.0+ (Points/Mesh to Volume, Volume to Mesh); 4.x grid nodes",yes,yes,Curve/points/mesh -> OpenVDB volume -> mesh: a voxel union of bones and muscle capsules in one node tree,Blender-native alternative to our Python SDF step
Remesh (voxel) + Shrinkwrap + Corrective Smooth (built-in),b-remesh-wrap,https://docs.blender.org/manual/en/latest/modeling/modifiers/generate/remesh.html,GPL (part of Blender),ships with Blender,n/a,2.81+ (voxel),yes,yes,Voxel remesh fuses overlapping parts into one watertight shell; Shrinkwrap with offset projects a clean mesh onto it,Standard clean-up after the union; also wraps a donor body mesh (item 11) over our shell
Skinify Rig,b-skin-from-armature,https://docs.blender.org/manual/en/4.1/addons/object/skinify.html,GPL-2.0-or-later,bundled to 4.1; Blender Extensions from 4.2,n/a,2.8-4.1 bundled; 4.2+ as extension,yes in principle (operator on selected armature in pose mode; needs context override),yes,Creates a 'Skinify Guy' mesh covering an armature (per-bone or whole cover) using Skin modifier,Crude placeholder body from a Rigify wolf metarig; not anatomical
Rigify (wolf/cat/horse metarigs),b-armature; c-quadruped-rig,https://docs.blender.org/manual/en/latest/addons/rigging/rigify/index.html,GPL-2.0-or-later,"core add-on, ships with Blender",n/a,2.8-5.x,yes (metarig add + generate are operators; already in den doctor list),yes,"Ready quadruped metarigs (Basic Quadruped, Wolf, Cat, Horse) and rig generator",Armature to drive the final mesh; no body mesh
Tissue,b-mesh-tools,https://github.com/alessandro-zomparelli/tissue,GPL-2.0-or-later (blender_manifest.toml),2026-06-07,1086,4.5+ (manifest),yes for most operators,yes,"Computational-design tools (tessellation, contour curves, weight reaction-diffusion)",Not a body builder; maybe coat-pattern experiments later
Auto-Rig Pro,b-rig; c-quadruped-rig,https://superhivemarket.com/products/auto-rig-pro,"COMMERCIAL (GPL code, sold: about USD 50 full / 25 lite)",maintained,n/a,4.x,partial (has scripting API),yes (if bought),Auto-rigger with dog/horse/bird presets,Not needed: Rigify wolf + our joints do this
Animal Rigger Pro,c-quadruped-rig,https://superhivemarket.com/products/animal-rigger-pro,COMMERCIAL (about USD 29 launch),2026 listing,n/a,4.x,not documented,yes (if bought),Landmark-guided quadruped rig builder (digitigrade dog option),Not needed
Infinigen (creatures: carnivore),c-quadruped-generator,https://github.com/princeton-vl/infinigen,BSD-3-Clause,2026-08-27,7303,"bpy 4.2.0 module, Python 3.11 (pyproject)","yes: runs as Python with bpy module, built for headless batch generation",yes (BSD-3: keep notice; generated meshes carry no extra terms),"Procedural rigged creatures from NURBS part templates (incl. body_feline_wolf.npy, head_carnivore_wolf.npy), part joining/smoothing, Blender hair-curve fur grooms, rigging",Best open 'animal generator'; stylised-plausible not anatomical (no bones/muscles inside). Useful as fur-groom code and a wolf NURBS topology donor
Procedural Animal Generator (Processing),c-quadruped-generator,https://github.com/jyopari/ProceduralAnimalGenerator,not checked,not checked,n/a,"n/a (Processing, 2D)",n/a,unknown,2D procedural animal sketcher,Not relevant
SMAL,d-parametric-quadruped,https://smal.is.tue.mpg.de/,NON-COMMERCIAL research licence (MPI PS:License 1.0); commercial use and artifacts for commercial purposes prohibited,2017 model,n/a,n/a (numpy/chumpy),yes,NO,"Statistical quadruped shape model (felids, canids, equids, bovids, hippos) from toy scans","Cannot use, not even its outputs"
SMALR / smalr_online,d-parametric-quadruped,https://github.com/silviazuffi/smalr_online,NON-COMMERCIAL (MPI licence in LICENSE.txt),2022-08-03,106,n/a,yes,NO,SMAL refined from images,Cannot use
D-SMAL (BARC) / BITE,d-parametric-dog,https://github.com/runa91/barc_release,NON-COMMERCIAL (MPI + ETH licence in LICENSE); BITE same (github.com/runa91/bite_release),"2022-09-07 (BARC), 2023-10-14 (BITE)",82 / 39,n/a,yes,NO,"Dog-specific SMAL with limb-length scale parameters, breed-aware shape",Best dog model in the field but cannot be used
hSMAL,d-parametric-quadruped,https://github.com/Celiali/hSMAL,no licence file; derived from SMAL (non-commercial),2022-08-22,4,n/a,yes,NO,Horse SMAL from 37 toy scans,Not a dog; NC
Animal3D,d-dataset,https://xujiacong.github.io/Animal3D/,"no licence stated; annotations are SMAL parameters, so SMAL terms apply",2023,n/a,n/a,n/a,NO,3379 images of 40 mammals with SMAL pose/shape labels,Cannot use
SMALify / WLDO / SMALST code,d-fitting-code,https://github.com/benjiebob/SMALify,"code MIT, but needs the non-commercial SMAL model files",2024-11-02,155 / 55 / 181,n/a,yes,NO (model),Fit SMAL to images/keypoints,Cannot use for output
"3DAnimals (3D-Fauna, MagicPony)",d-learned-shape,https://github.com/3DAnimals/3DAnimals,MIT (code); check weights/data terms,2025-10-12,140,n/a,yes (PyTorch),code yes; weights verify,"Learns articulated animal shape from internet images, no SMAL",Coarse meshes; not anatomical; not needed
MPFB2 (MakeHuman for Blender),d-parametric-human,https://github.com/makehumancommunity/mpfb2,code GPL-3.0; assets CC0; outputs explicitly unrestricted,2026-10-04,626,4.2+,"yes (script_samples, Python API)",yes,Parametric human generator,Humans only; model for how a CC0 'MakeDog' should be licensed
MB-Lab,d-parametric-human,https://github.com/animate1978/MB-Lab,code GPL-3; database/meshes AGPL-3 (license.txt),2024-07-21,2027,4.0+,partly,AGPL data: outputs arguably AGPL; avoid,Parametric human (and anime) generator,Humans only; skip
Blender Studio asset-bundles: animal_base_meshes,d-base-mesh,https://projects.blender.org/studio/asset-bundles,"bundle programme is CC0 (human bundle CC0); animal file unreleased, verify",repo 2026-01-30; animal .blend in Git LFS,n/a,4.x,n/a,likely (verify),An animal_base_meshes.blend exists in the repo (contents not checked); Blender said canine/feline/hooved bases were planned,Watch item; hand to item 11 (body models)
"Quaternius animated animals (wolf, dog, husky etc.)",d-base-mesh,https://quaternius.itch.io/lowpoly-animated-animals,CC0,various,n/a,FBX/OBJ/blend,n/a,yes,Low-poly rigged stylised animals,Proportion toy only; too stylised for a topology donor (item 11 covers)
Kenney,d-base-mesh,https://kenney.nl/assets,CC0,n/a,n/a,n/a,n/a,yes,Mostly 2D and blocky 3D kits; no realistic canid found,Not relevant
fogleman/sdf,lib-implicit,https://github.com/fogleman/sdf,MIT,2026-09-30,2011,n/a (pure Python + numpy + scikit-image),yes,yes,"SDF primitives (capsule, ellipsoid, rounded cone), smooth union (k), offset/shell, marching-cubes mesh export",Core of the recommended no-Blender skin builder: bones as SDF from meshes + muscle capsules -> smooth union -> mesh
mesh_to_sdf,lib-implicit,https://github.com/marian42/mesh_to_sdf,MIT,2024-03-10,1245,n/a,yes (needs pyrender for some modes; use trimesh/pysdf alternative if headless GL missing),yes,Signed distance field of an arbitrary mesh (bone meshes),Bone SDFs; trimesh.proximity.signed_distance is a slower built-in alternative
scikit-image (marching_cubes),lib-implicit,https://github.com/scikit-image/scikit-image,BSD-3-Clause,2026-10-06,6605,n/a,yes,yes,Marching cubes isosurface from a voxel field,Already installed (0.26.0)
PyMCubes,lib-implicit,https://github.com/pmneila/PyMCubes,BSD-3-Clause,2024-07-03,798,n/a,yes,yes,Marching cubes + smoothing of binary volumes,Alternative to skimage
OpenVDB / pyopenvdb,lib-volume,https://github.com/AcademySoftwareFoundation/openvdb,Apache-2.0,2026-09-23,3422,in Blender,yes,yes,"Sparse volumes, level-set union, offset, smoothing",Blender uses it inside; only needed if voxel grids get big
trimesh,lib-mesh,https://github.com/mikedh/trimesh,MIT,2026-10-02,3692,n/a,yes,yes,"Load GLB, transforms, signed distance, section/projection, smoothing",Already installed (5.1.1); assembles skeleton from bodies.csv 4x4s
PyVista / VTK,lib-mesh,https://github.com/pyvista/pyvista,MIT (VTK BSD-3),2026-10-07,3835,n/a,yes (off-screen rendering),yes,"Mesh filters (smooth_taubin, clean), off-screen orthographic renders",Optional quick side-view renders without Blender
fast-simplification,lib-mesh,https://github.com/pyvista/fast-simplification,MIT,2026-10-05,211,n/a,yes,yes,Quadric decimation,Keep output meshes small
manifold3d,lib-mesh,https://github.com/elalish/manifold,Apache-2.0,2026-10-07,2337,n/a,yes,yes,"Robust mesh booleans, guaranteed manifold",Exact union of bone meshes if needed
libigl Python bindings,lib-mesh,https://github.com/libigl/libigl-python-bindings,GitHub reports GPL-3.0 for the bindings repo (libigl core is MPL-2.0) - verify before shipping anything,2026-09-04,370,n/a,yes,tool use fine,"Harmonic/biharmonic deformation, ARAP, BBW skinning weights",Warping a donor mesh onto landmarks; skinning weights
PyMeshLab,lib-mesh,https://github.com/cnr-isti-vclab/PyMeshLab,GPL-3.0,2026-02-03,979,n/a,yes,tool use fine,"Screened Poisson, remeshing, smoothing filters",Optional clean-up
Open3D,lib-mesh,https://github.com/isl-org/Open3D,MIT (GitHub NOASSERTION due to third-party files),2026-09-30,14040,n/a,yes,yes,"Point clouds, Poisson reconstruction, registration",Optional
shapely,lib-2d,https://github.com/shapely/shapely,BSD-3-Clause,(installed),n/a,n/a,yes,yes,2D polygon union/buffer,Union of projected triangles -> side silhouette -> SVG (already used by the kit)
OpenSim (opensim-core),lib-biomech,https://github.com/opensim-org/opensim-core,Apache-2.0,2026-10-06,1123,n/a,yes,yes,"Loads the Stark .osim, poses it, computes muscle paths incl. wrapping",Pose the model and get wrapped muscle path points per pose (OpenSim 4.6 already in kit)
VIPER,sim-muscle,https://github.com/vcg-uvic/viper,Apache-2.0,(repo live; date not read),~900 (reported),n/a (C++/CUDA),yes,yes,Volume-invariant position-based rods: muscles as bundles of rods that bulge when shortened,Overkill for a static side view; only if muscles must bulge in animation
MASS,sim-muscle,https://github.com/lsw9021/MASS,Apache-2.0,2023-09-19,634,n/a (C++/DART),yes,yes,Muscle-actuated human simulation (Lee et al. 2019),"Human, control-focused; not needed"
Houdini Muscles & Tissue / Vellum,sim-muscle,https://www.sidefx.com/docs/houdini/muscles/overview.html,COMMERCIAL (SideFX),current,n/a,n/a,yes (hython),yes if licensed,Industrial muscle/fat/skin layering,Paid; not needed
Ziva VFX,sim-muscle,https://www.cgchannel.com/2026/03/is-adonisfx-2-0-the-new-ziva-vfx/,"COMMERCIAL, discontinued by Unity",discontinued,n/a,Maya,n/a,n/a,FEM tissue simulation,Unavailable
AdonisFX,sim-muscle,https://www.cgchannel.com/2026/03/is-adonisfx-2-0-the-new-ziva-vfx/,COMMERCIAL,2026 (v2.0),n/a,Maya/Houdini,n/a,if bought,Layered muscle/fat/skin solvers,Paid; not needed
