rank,url,author,licence,licence_url,species,realism,polygons,rigged,fur,format,size_mb,login_needed,file,notes
1,https://sketchfab.com/3d-models/test-scan-of-taxidermy-fox-b961f8be18fd4765be1fccfe47ee2512,Jakob.Normand (Jakob.Normand),CC BY 4.0,https://creativecommons.org/licenses/by/4.0/,red fox (Vulpes vulpes),"scan (photogrammetry, RealityScan) of a taxidermy mount",999974,n,texture only,Sketchfab download (original upload + auto glTF/USDZ),,yes (Sketchfab login),,"Best realism found: full-body standing taxidermy fox on a board. Not in Objaverse, no mirror found: Sketchfab login needed to download. Base board must be cut off. Sketchfab created 2022-12-12."
2,https://sketchfab.com/3d-models/ella-of-golden-house-1100336a3ab94d478e41e3136429cae4,3DFascination (3dfascination),CC BY 4.0,https://creativecommons.org/licenses/by/4.0/,domestic dog (golden retriever),scan (3D camera) of a live dog,603542,n,texture only (1 jpeg),"GLB (Sketchfab auto-converted, via mirror)",19.2,no (Objaverse HF mirror: https://huggingface.co/datasets/allenai/objaverse/resolve/main/glbs/000-077/1100336a3ab94d478e41e3136429cae4.glb),ref/research/scout/11-body-models/01-golden-retriever-ella-scan/ella_scan.glb,"DOWNLOADED. Real dog, sitting, mouth open. Good for real chest/limb volumes; pose is sitting so not a direct standing-proportion check. Some scan holes under the body. Sketchfab created 2015-10-20."
3,https://sketchfab.com/3d-models/australian-shepherd-dog-diego-by-revopoint-pop-06353b8c5b754ea3a8b8ca6cf0cf90af,rapterron (rapterron),CC BY 4.0,https://creativecommons.org/licenses/by/4.0/,domestic dog (Australian Shepherd),scan (Revopoint POP structured light) of a live dog,699124,n,no (geometry only),"GLB (Sketchfab auto-converted, via mirror)",18.5,no (Objaverse HF mirror: https://huggingface.co/datasets/allenai/objaverse/resolve/main/glbs/000-092/06353b8c5b754ea3a8b8ca6cf0cf90af.glb),ref/research/scout/11-body-models/02-aussie-shepherd-diego-scan/diego_scan.glb,"DOWNLOADED. Real dog asleep, curled on its side; flat open underside. Useful for skin/volume reference of a medium herding dog, not for standing proportions. Sketchfab created 2021-06-10."
4,https://sketchfab.com/3d-models/blue-heelerkelpyaustralian-cattle-dog-no-ai-fa112be1e4074e3caea884f61848af0e,3Danny (Heylowgogo),CC BY 4.0,https://creativecommons.org/licenses/by/4.0/,domestic dog (Australian Cattle Dog / blue heeler),scan (iPad LiDAR) of a live dog,256293,n,texture only,Sketchfab download (original upload + auto glTF/USDZ),,yes (Sketchfab login),,"Real dog lying on grass, legs extended. Author says no AI. Login needed. Sketchfab created 2023-03-03."
5,https://sketchfab.com/3d-models/negra-4ea3bf9b3f9c4d9ab5ce7f314df1ac9e,Roberto Abella (epimeison),CC BY 4.0,https://creativecommons.org/licenses/by/4.0/,"domestic dog (mixed, black and tan)",scan (photogrammetry) of a live dog,180000,n,texture only,"GLB (Sketchfab auto-converted, via mirror)",6.5,no (Objaverse HF mirror: https://huggingface.co/datasets/allenai/objaverse/resolve/main/glbs/000-124/4ea3bf9b3f9c4d9ab5ce7f314df1ac9e.glb),,"Real dog lying on its side on grass, ground patch included (dog is a small part of the mesh). Login-free via Objaverse mirror. Sketchfab created 2015-05-27."
6,https://sketchfab.com/3d-models/milka-8c6ac61b545c4910a6d3f97cd59fc71c,Gaming Assets (gamingassets),CC BY 4.0,https://creativecommons.org/licenses/by/4.0/,domestic dog (pointer type),scan (photogrammetry) of a live dog,55049,n,texture only,"GLB (Sketchfab auto-converted, via mirror)",2.7,no (Objaverse HF mirror: https://huggingface.co/datasets/allenai/objaverse/resolve/main/glbs/000-084/8c6ac61b545c4910a6d3f97cd59fc71c.glb),,"Real dog lying on a bench, limbs visible; bench fused to mesh. Login-free via mirror. Sketchfab created 2016-04-25."
7,https://sketchfab.com/3d-models/sleeping-dog-agisoftnaturechallenge-164e2a32f51c4664805052bd9bbe633a,BurnsArts (BurnsArts3D),CC BY 4.0,https://creativecommons.org/licenses/by/4.0/,domestic dog,scan (Agisoft Metashape photogrammetry) of a live dog,300299,n,texture only,"GLB (Sketchfab auto-converted, via mirror)",15.8,no (Objaverse HF mirror: https://huggingface.co/datasets/allenai/objaverse/resolve/main/glbs/000-131/164e2a32f51c4664805052bd9bbe633a.glb),,Real dog asleep on pavement; author says top of back not captured (flat). Login-free via mirror. Sketchfab created 2021-06-28.
8,https://sketchfab.com/3d-models/untitled-scan-3734ef58ca644b59a6ed8afbfb8c41b1,Smashingpixels (Smashingpixels),CC BY 4.0,https://creativecommons.org/licenses/by/4.0/,domestic dog (pug),"scan (3d Scanner App, phone) of a live dog",37451,n,texture only,"GLB (Sketchfab auto-converted, via mirror)",1.8,no (Objaverse HF mirror: https://huggingface.co/datasets/allenai/objaverse/resolve/main/glbs/000-128/3734ef58ca644b59a6ed8afbfb8c41b1.glb),,"Small standing pug scan, noisy; brachycephalic so poor match for a dingo. Login-free via mirror. Sketchfab created 2021-10-20."
9,https://sketchfab.com/3d-models/canine-skin-dcdd68fa8cfd41ea9a95fac171f86ec7,Nick Wiggins (nick_wiggins),CC BY 4.0,https://creativecommons.org/licenses/by/4.0/,domestic dog,"MRI segmentation (3D Slicer), UQ Vet School",2407328,n,no,"GLB (Sketchfab auto-converted, via mirror)",96.6,no (Objaverse HF mirror: https://huggingface.co/datasets/allenai/objaverse/resolve/main/glbs/000-070/dcdd68fa8cfd41ea9a95fac171f86ec7.glb),,"HEAD AND UPPER NECK ONLY (rendered: ~273 file units long, cut at the neck, intubation tube visible). Not a body model; useful for item 07 head soft tissue. 96.6 MB GLB on the mirror: would need decimation. Sketchfab created 2017-11-13."
10,https://sketchfab.com/3d-models/dead-coyote-18e6c4615f104b13b9f22a57a8dd1705,John Fino (tauricity) (tauricity),CC BY 4.0,https://creativecommons.org/licenses/by/4.0/,coyote (Canis latrans),scan (photogrammetry) of a dead animal,89708,n,texture only,"GLB (Sketchfab auto-converted, via mirror)",4.9,no (Objaverse HF mirror: https://huggingface.co/datasets/allenai/objaverse/resolve/main/glbs/000-127/18e6c4615f104b13b9f22a57a8dd1705.glb),,Real coyote carcass in leaf litter; geometry barely separates from the ground (render checked). Low value. Sketchfab created 2017-03-26.
11,https://sketchfab.com/3d-models/silver-fox-ee668a20118343cbb7cf26f4ef7054fa,jcamilophoto (jcamilophoto),CC BY 4.0,https://creativecommons.org/licenses/by/4.0/,"fox (figurine, silver)",scan (photogrammetry from YouTube video frames) of a silver fox figurine,999999,n,texture only,"GLB (Sketchfab auto-converted, via mirror)",41.0,no (Objaverse HF mirror: https://huggingface.co/datasets/allenai/objaverse/resolve/main/glbs/000-158/ee668a20118343cbb7cf26f4ef7054fa.glb),,"Standing full-body fox, good silhouette (rendered + decimated test 1M->400k faces, 9.9 MB, UVs kept). BUT the subject is a silver sculpture, and the source frames came from a YouTube video of unknown ownership: provenance risk, not stored. Sketchfab created 2020-05-07."
12,https://sketchfab.com/3d-models/spanish-greyhound-galgo-espanol-6acb647e5f694066bfd98585f1d6c77c,Abrazafarolas (Abrazafarolas),CC BY 4.0,https://creativecommons.org/licenses/by/4.0/,domestic dog (Spanish greyhound / galgo),"sculpt (artist, high poly, claims anatomical focus)",926352,n,texture (brindle coat),Sketchfab download (original upload + auto glTF/USDZ),,yes (Sketchfab login),,"Best-looking standing realistic sculpt; uploaded 2026-04, not in Objaverse, login needed. Sighthound proportions (deep chest, thin waist), not dingo. Sketchfab created 2026-04-17."
13,https://sketchfab.com/3d-models/italian-white-wolf-1de9441cb0744c0d8459ce957b8d0a57,SDPM Esare (sdpm),CC BY 4.0,https://creativecommons.org/licenses/by/4.0/,grey wolf (Canis lupus italicus),sculpt (artist-modelled),30484,n,texture only (1024 px),"GLB (Sketchfab auto-converted, via mirror)",2.7,no (Objaverse HF mirror: https://huggingface.co/datasets/allenai/objaverse/resolve/main/glbs/000-009/1de9441cb0744c0d8459ce957b8d0a57.glb),ref/research/scout/11-body-models/03-italian-white-wolf/italian_white_wolf.glb,"DOWNLOADED. Best login-free standing anatomical body: plausible wolf proportions, detailed paws, neutral stance. Identical mesh re-uploaded by hamidkhan224 (2022); sdpm is the earlier uploader. Sketchfab created 2021-09-18."
14,https://sketchfab.com/3d-models/fully-rigged-ikfk-wolf-e96cb4ad45ef4766a02a305ce8d652b8,stephenmmichie (stephenmmichie),CC BY 4.0,https://creativecommons.org/licenses/by/4.0/,grey wolf,"sculpt (artist-modelled), rigged",11646,"y (76 joints, IK/FK, 2 animations)","no (flat shading, separate eyes/teeth/tongue)","GLB (Sketchfab auto-converted, via mirror)",0.9,no (Objaverse HF mirror: https://huggingface.co/datasets/allenai/objaverse/resolve/main/glbs/000-016/e96cb4ad45ef4766a02a305ce8d652b8.glb),,Clean standing wolf with mouth parts; small (0.9 MB) and rigged: best topology/rig donor. Login-free via mirror. Not downloaded only because of the top-3 cap. Sketchfab created 2020-07-14.
15,https://sketchfab.com/3d-models/snowy-gray-wolf-a755bfd54c014f2198ac63e42779baf3,restore50 (restore50),CC BY 4.0,https://creativecommons.org/licenses/by/4.0/,grey wolf,sculpt (photoreal asset),404693,n,texture,Sketchfab download (original upload + auto glTF/USDZ),,yes (Sketchfab login),,"Photoreal standing wolf by restore50 (2026). No provenance stated (no tools, no WIP); could be a re-upload of a store asset. Login needed. Check before use. Sketchfab created 2026-05-24."
16,https://sketchfab.com/3d-models/lone-coyote-dae2baf388184cb3b6c0da57344d9d88,restore50 (restore50),CC BY 4.0,https://creativecommons.org/licenses/by/4.0/,coyote,sculpt (photoreal asset),466706,n,texture,Sketchfab download (original upload + auto glTF/USDZ),,yes (Sketchfab login),,Same uploader and caveat as Snowy Gray Wolf. Walking pose. Login needed. Sketchfab created 2026-05-24.
17,https://sketchfab.com/3d-models/3d-wolf-model-c8ef10403c874408af226b4802631da1,Muhammed Hashir (amir.saeed.anas),CC BY 4.0,https://creativecommons.org/licenses/by/4.0/,grey wolf,sculpt,614930,n,texture,Sketchfab download (original upload + auto glTF/USDZ),,yes (Sketchfab login),,"Trotting wolf, 615k faces, no description. Login needed. Sketchfab created 2025-10-28."
18,https://sketchfab.com/3d-models/dog-sagital-plane-demo-427a932ee6514fa39ce23b34a20277a5,UoN SVMS Centre of Innovation (UoNVet_COI),CC BY 4.0,https://creativecommons.org/licenses/by/4.0/,domestic dog (generic),sculpt (University of Nottingham vet school teaching model),41256,n,no,Sketchfab download (original upload + auto glTF/USDZ),,yes (Sketchfab login),,Simple standing dog body cut on the sagittal plane (also coronal 9d46b02c... and transverse 317fbdd8... versions). Vet-school source but low detail. Login needed. Sketchfab created 2023-02-01.
19,https://sketchfab.com/3d-models/grey-wolf-rigged-and-animated-56de4df672654ed599777d2980bf0f53,rhcreations (rhcreations),CC BY 4.0,https://creativecommons.org/licenses/by/4.0/,grey wolf,"sculpt (low-mid poly), rigged and animated",22498,y,texture,"GLB (Sketchfab auto-converted, via mirror)",3.3,no (Objaverse HF mirror: https://huggingface.co/datasets/allenai/objaverse/resolve/main/glbs/000-042/56de4df672654ed599777d2980bf0f53.glb),,"Rendered: tube-like body, long thin legs: proportions weak. Login-free via mirror. Sketchfab created 2020-05-18."
20,https://sketchfab.com/3d-models/wolf-9e7aceacef0f4486b605abdf1f62e4ac,Hiago Tadeu (HiagoTadeu),CC BY 4.0,https://creativecommons.org/licenses/by/4.0/,grey wolf,"sculpt (Blender + Substance), rigged",10156,y,texture,"GLB (Sketchfab auto-converted, via mirror)",3.0,no (Objaverse HF mirror: https://huggingface.co/datasets/allenai/objaverse/resolve/main/glbs/000-068/9e7aceacef0f4486b605abdf1f62e4ac.glb),,Rest pose in file is lying on its back (needs the armature applied). Login-free via mirror. Sketchfab created 2020-12-04.
21,https://sketchfab.com/3d-models/grey-wolf-cdeff35b7a2541759a561bc921b8e01e,salarchana55 (salarchana55),CC BY 4.0,https://creativecommons.org/licenses/by/4.0/,grey wolf,sculpt (low poly) in an infographic scene,21464,n,texture,"GLB (Sketchfab auto-converted, via mirror)",1.0,no (Objaverse HF mirror: https://huggingface.co/datasets/allenai/objaverse/resolve/main/glbs/000-092/cdeff35b7a2541759a561bc921b8e01e.glb),,Running pose with text labels in the scene. Login-free via mirror. Sketchfab created 2019-09-30.
22,https://sketchfab.com/3d-models/gray-wolf-a2832b845e4e4edd9d439342cf4fd590,hamidkhan224 (hamidkhan224),CC BY 4.0,https://creativecommons.org/licenses/by/4.0/,grey wolf,sculpt (same mesh as Italian White Wolf),30484,n,texture,"GLB (Sketchfab auto-converted, via mirror)",3.8,no (Objaverse HF mirror: https://huggingface.co/datasets/allenai/objaverse/resolve/main/glbs/000-105/a2832b845e4e4edd9d439342cf4fd590.glb),,"Duplicate of 1de9441c (same 30,484 faces), later upload by another account. Prefer sdpm original. Sketchfab created 2022-03-23."
23,https://sketchfab.com/3d-models/vr-dingo-standing-35bd9d73e9384980ae7c748cb3909aff,BeThere (betherevt),CC BY 4.0,https://creativecommons.org/licenses/by/4.0/,dingo (Canis lupus dingo),"stylised (low poly game model), rigged and animated",5100,"y (47 joints, 1 animation)",texture,"GLB (Sketchfab auto-converted, via mirror)",2.3,no (Objaverse HF mirror: https://huggingface.co/datasets/allenai/objaverse/resolve/main/glbs/000-149/35bd9d73e9384980ae7c748cb3909aff.glb),,Only dingo-labelled full body found. Decent dingo silhouette at 5k faces; tiny file units. Login-free via mirror. Walk version: c84f409d36be4523a1fbf06a2f35c960. Sketchfab created 2022-08-03.
24,https://sketchfab.com/3d-models/dog-sculpt-base-bff7a87809c74da191d1be33f71d6efb,Aki (Akishaqs),CC BY 4.0,https://creativecommons.org/licenses/by/4.0/,domestic dog (generic),stylised base mesh for sculpting,15912,n,no,"GLB (Sketchfab auto-converted, via mirror)",1.0,no (Objaverse HF mirror: https://huggingface.co/datasets/allenai/objaverse/resolve/main/glbs/000-137/bff7a87809c74da191d1be33f71d6efb.glb),,"Smooth quad-ish base mesh, cartoon proportions. Login-free via mirror. Sketchfab created 2020-02-03."
25,https://sketchfab.com/3d-models/dog-base-mesh-b051a00e731b4e8fbfebde9893ae97a6,Vert_x (Vert_x),CC BY 4.0,https://creativecommons.org/licenses/by/4.0/,domestic dog (generic),stylised base mesh (retopologised),10172,n,no,"GLB (Sketchfab auto-converted, via mirror)",0.3,no (Objaverse HF mirror: https://huggingface.co/datasets/allenai/objaverse/resolve/main/glbs/000-060/b051a00e731b4e8fbfebde9893ae97a6.glb),,"Clean low topology, labrador-like proportions. Login-free via mirror. Sketchfab created 2022-05-07."
26,https://sketchfab.com/3d-models/red-fox-7a085772d7b9460d8cb86ff5c82788d6,catensen (catensen),CC BY 4.0,https://creativecommons.org/licenses/by/4.0/,red fox,sculpt (claimed realistic),1997867,n,unknown,Sketchfab download (original upload + auto glTF/USDZ),,yes (Sketchfab login),,"2M faces, description only ""red fox"", no thumbnail rendered by Sketchfab. Login needed. Unverified. Sketchfab created 2025-11-25."
27,https://sketchfab.com/3d-models/simple-wolf-6e44d43d03e8496880aa8d35867a9887,Seth Santos (Seth7Santos),CC BY 4.0,https://creativecommons.org/licenses/by/4.0/,grey wolf,"sculpt (Blender + Substance), rigged",22468,y (face bones),texture,Sketchfab download (original upload + auto glTF/USDZ),,yes (Sketchfab login),,Game-style wolf with facial rig. Login needed. Sketchfab created 2023-01-29.
28,https://sketchfab.com/3d-models/animated-wolf-23a3a563d48049d5b9844ddc1b5b6e79,igor-lir (igor-lir),CC BY 4.0,https://creativecommons.org/licenses/by/4.0/,grey wolf,"sculpt (game asset), animated",27268,y,texture,Sketchfab download (original upload + auto glTF/USDZ),,yes (Sketchfab login),,"Standing animated wolf, 27k faces. Login needed. Sketchfab created 2023-05-10."
29,https://sketchfab.com/3d-models/low-poly-dog-skeleton-84020a503651456e93efecdded3183e8,Henrique Grecov (Henrique.Grecov),CC BY 4.0,https://creativecommons.org/licenses/by/4.0/,domestic dog skeleton,stylised (low poly skeleton),5890,n,no,"GLB (Sketchfab auto-converted, via mirror)",0.3,no (Objaverse HF mirror: https://huggingface.co/datasets/allenai/objaverse/resolve/main/glbs/000-110/84020a503651456e93efecdded3183e8.glb),,"Skeleton only, artist style; listed as a check, not anatomical data. Login-free via mirror. Sketchfab created 2019-03-06."
30,https://sketchfab.com/3d-models/coyote-fur-d91b747ddea5423c80b9f3bb348c32f1,jweinberger (jweinberger),CC BY 4.0,https://creativecommons.org/licenses/by/4.0/,coyote pelt,scan of a flat pelt,99287,n,texture (real fur photo),"GLB (Sketchfab auto-converted, via mirror)",3.5,no (Objaverse HF mirror: https://huggingface.co/datasets/allenai/objaverse/resolve/main/glbs/000-026/d91b747ddea5423c80b9f3bb348c32f1.glb),,Flat tanned coyote skin: colour/fur pattern reference only. Login-free via mirror. Sketchfab created 2020-04-09.
31,https://opengameart.org/content/wolf-low-poly-rigged,OpenGameArt uploader (see page),CC0 1.0,https://creativecommons.org/publicdomain/zero/1.0/,grey wolf,"stylised (low poly), rigged",,y,no,zip (Wolf_1.zip),,no,,Low poly game wolf. Licence read from page 2026-10-07.
32,https://opengameart.org/content/3d-wolf,OpenGameArt uploader (see page),CC0 1.0,https://creativecommons.org/publicdomain/zero/1.0/,grey wolf,stylised (low poly),,,no,FBX zip + blend zip,,no,,Low poly.
33,https://opengameart.org/content/wolf-1,OpenGameArt uploader (see page),CC0 1.0,https://creativecommons.org/publicdomain/zero/1.0/,grey wolf,stylised (low poly),,,no,zip,,no,,
34,https://opengameart.org/content/wolf-2,OpenGameArt uploader (see page),CC0 1.0,https://creativecommons.org/publicdomain/zero/1.0/,grey wolf,stylised (low poly),,,no,zip,,no,,
35,https://opengameart.org/content/low-poly-wolf-0,OpenGameArt uploader (see page),CC BY 4.0,https://creativecommons.org/licenses/by/4.0/,grey wolf,stylised (low poly),,,no,zip,,no,,
36,https://opengameart.org/content/animated-wolf,OpenGameArt uploader (see page),CC BY 4.0,https://creativecommons.org/licenses/by/4.0/,grey wolf,"stylised (low poly), animated",,y,no,zip,,no,,
37,https://quaternius.com/packs/ultimateanimatedanimals.html,Quaternius,CC0 1.0,https://creativecommons.org/publicdomain/zero/1.0/,"12 animals; canids believed to be Wolf, Fox, Husky, Shiba Inu (pack contents not listed on the page, not verified)","stylised (low poly), rigged, animated",,y,no,FBX/OBJ/glTF/blend (Google Drive folder),,no,,CC0 confirmed on page and quaternius.com/license.html.
38,https://studio.blender.org/characters/alpha/,Blender Studio (Spring open movie),CC BY (Blender Studio; version not stated on page),https://studio.blender.org/,wolf-dog creature (Alpha),"stylised (film character), rigged (BlenRig)",,y,probably (film groom; not confirmed),blend,496.5,no (page says free download),,"Too big (496.5 MB) and stylised; listed for completeness. Credit ""Blender Studio""."
39,https://studio.blender.org/characters/dog/v1/,Blender Studio (Wing It!),CC BY (Blender Studio; version not stated on page),https://studio.blender.org/,dog (cartoon),"stylised (cartoon), rigged",,y,unknown,blend (Blender 3.6 only),,yes (Blender Studio login),,"Cartoon; credit line given on page: ""Dog Rig (CC-BY) Blender Foundation | studio.blender.org""."
40,"https://3d.si.edu/ (search ""Canis dirus Leidy""; 3d_package:6796319b-6445-435f-994b-2f40fd8d08e4)",Smithsonian NMNH,CC0 1.0 (Smithsonian Open Access),https://creativecommons.org/publicdomain/zero/1.0/,dire wolf (Aenocyon/Canis dirus) mounted skeleton,scan of a fossil skeleton,,n,no,GLB / USDZ (100k and 20k web versions),,no,,"Skeleton only, extinct species; the only canid on 3d-api.si.edu. Bones check, not a body."
