level,quantity,value,unit,n,breed_or_species,method,source,doi,licence,use,confidence,notes
T1,bone tip height above ground,~0.976,xWH,1,drawn mastiff-type dog,Ellenberger Tafel 3 (01-skin-offsets frame: WH 1837 px ground y 2626); T1 tip hidden behind the scapula; extrapolated from the T2-T4 trend,"Ellenberger Baum Dittrich & Munch, Anatomie des Hundes, Tafel 3 (UWDC)",,public domain (No known copyright),measured,EST,"tips identified by the plate's own labels: 1.L. at x=1830 and 7.L. at x=2313 fix the count; first visible tip (x=1110) is therefore T2"
T2,bone tip height above ground,0.9738,xWH,1,drawn mastiff-type dog,Tafel 3 tip top (1110 px; y 837),"Ellenberger Tafel 3 (UWDC)",,public domain,measured,B,"matches the 01-skin-offsets withers bone point (1130,838); highest THORACIC tip; read to +-4 px = +-0.002"
T3,bone tip height above ground,0.9695,xWH,1,drawn mastiff-type dog,Tafel 3 (x 1172; y 845),"Ellenberger Tafel 3 (UWDC)",,public domain,measured,B,
T4,bone tip height above ground,0.9673,xWH,1,drawn mastiff-type dog,Tafel 3 (x 1237; y 849),"Ellenberger Tafel 3 (UWDC)",,public domain,measured,B,
T5,bone tip height above ground,0.9630,xWH,1,drawn mastiff-type dog,Tafel 3 (x 1303; y 857),"Ellenberger Tafel 3 (UWDC)",,public domain,measured,B,
T6,bone tip height above ground,0.9586,xWH,1,drawn mastiff-type dog,Tafel 3 (x 1372; y 865),"Ellenberger Tafel 3 (UWDC)",,public domain,measured,B,
T7,bone tip height above ground,0.9548,xWH,1,drawn mastiff-type dog,Tafel 3 (x 1440; y 872),"Ellenberger Tafel 3 (UWDC)",,public domain,measured,B,
T8,bone tip height above ground,0.9521,xWH,1,drawn mastiff-type dog,Tafel 3 (x 1500; y 877),"Ellenberger Tafel 3 (UWDC)",,public domain,measured,B,"the thoracic minimum sits at T8-T10"
T9,bone tip height above ground,0.9521,xWH,1,drawn mastiff-type dog,Tafel 3 (x 1545; y 877),"Ellenberger Tafel 3 (UWDC)",,public domain,measured,B,
T10,bone tip height above ground,0.9529,xWH,1,drawn mastiff-type dog,Tafel 3 (x 1593; y 875.5),"Ellenberger Tafel 3 (UWDC)",,public domain,measured,B,
T11,bone tip height above ground,0.9548,xWH,1,drawn mastiff-type dog,Tafel 3 (x 1630; y 872),"Ellenberger Tafel 3 (UWDC)",,public domain,measured,B,anticlinal (85% of dogs; Baines 2009 cited in scout/15)
T12,bone tip height above ground,0.9586,xWH,1,drawn mastiff-type dog,Tafel 3 (x 1685; y 865),"Ellenberger Tafel 3 (UWDC)",,public domain,measured,B,
T13,bone tip height above ground,0.9652,xWH,1,drawn mastiff-type dog,Tafel 3 (x 1760; y 853),"Ellenberger Tafel 3 (UWDC)",,public domain,measured,B,
L1,bone tip height above ground,0.9712,xWH,1,drawn mastiff-type dog,Tafel 3 (x 1830; y 842; the plate's own 1.L. label),"Ellenberger Tafel 3 (UWDC)",,public domain,measured,B,"scout/15 topline_profile.csv's intermediate lumbar labels (T13/L1 at 1915, L3 at 2077, L5 at 2228) are one vertebra off against the plate's 1.L./7.L. labels; its stations and offsets are still fine"
L2,bone tip height above ground,0.9771,xWH,1,drawn mastiff-type dog,Tafel 3 (x 1905; y 831),"Ellenberger Tafel 3 (UWDC)",,public domain,measured,B,
L3,bone tip height above ground,0.9815,xWH,1,drawn mastiff-type dog,Tafel 3 (x 1990; y 823),"Ellenberger Tafel 3 (UWDC)",,public domain,measured,B,
L4,bone tip height above ground,0.9847,xWH,1,drawn mastiff-type dog,Tafel 3 (x 2065; y 817),"Ellenberger Tafel 3 (UWDC)",,public domain,measured,B,
L5,bone tip height above ground,0.9891,xWH,1,drawn mastiff-type dog,Tafel 3 (x 2140; y 809),"Ellenberger Tafel 3 (UWDC)",,public domain,measured,B,"the lumbar (and whole-trunk) bone-tip maximum: in this LEVEL show stance it stands 0.015 x WH ABOVE the T2 tip; agrees with Wadowska's L4-L5 peak and Sisson's 'height diminishes behind the fourth'"
L6,bone tip height above ground,0.9869,xWH,1,drawn mastiff-type dog,Tafel 3 (x 2225; y 813),"Ellenberger Tafel 3 (UWDC)",,public domain,measured,B,
L7,bone tip height above ground,0.9842,xWH,1,drawn mastiff-type dog,Tafel 3 (x 2310; y 818; the plate's 7.L. label),"Ellenberger Tafel 3 (UWDC)",,public domain,measured,B,
iliac_crest,bone top height above ground,0.9902,xWH,1,drawn mastiff-type dog,Tafel 3 (x 2340; y 807),"Ellenberger Tafel 3 (UWDC)",,public domain,measured,B,"highest trunk bone of the level-stance plate dog; croup skin = withers skin on this dog (scout/15)"
sacral_crest,bone tip height above ground,0.9733,xWH,1,drawn mastiff-type dog,Tafel 3 (x 2470; y 838; the plate's K. label),"Ellenberger Tafel 3 (UWDC)",,public domain,measured,B,equals the T2 tip height in the level stance
Ca1,bone tip height above ground,0.9543,xWH,1,drawn mastiff-type dog,Tafel 3 (x 2535; y 873; the plate's 1.S. label),"Ellenberger Tafel 3 (UWDC)",,public domain,measured,B,first caudal vertebra
thoracic_pattern,spinous process lengths along T1-T13,"first 3-4 about equal; gradually shorter to T10; T10-T13 equal; T11 anticlinal; T12-T13 incline slightly forward",text,,dog,anatomy text,"Sisson S 1914, The Anatomy of the Domestic Animals, p.187 (Skeleton of the Dog, vertebral column), archive.org anatomyofdomesti00siss",,public domain,fact,B,"verbatim: 'The first three or four spinous processes are about equal in length. Behind this they become gradually shorter to the tenth, and then remain equal.'"
lumbar_pattern,lumbar spinous process heights,"broad below, narrower above, incline a little forward (except L7); height diminishes behind the fourth",text,,dog,anatomy text,"Sisson 1914 p.187",,public domain,fact,B,agrees with Wadowska 2020 (scout/15 data.csv rows 2-9)
T4_body_shape,T4 vertebral body length/height ratio,"Beagle 1.36+-0.14 (lowest); Schnauzer 1.42; Dachshund 1.46; Corgi 1.62; Shih Tzu 1.66 (highest)",ratio,20 per breed,small-medium breeds,lateral radiographs,"Tangpakornsak T et al. 2023, Vet Sci 10(2):168",10.3390/vetsci10020168,CC BY 4.0,table,B,"vertebral BODY proportions, not spinous processes; no open per-breed spinous-process length table exists (gap)"
C3_spine_wolf_vs_dog,C3 spinous process length,"wolf 10 mm; dog and fox 1-2 mm",mm,few skeletons,wolf vs dog vs fox,osteology comparison,"Girgin A et al. 1988, Eurasian J Vet Sci (Selcuk) 4(1):169-182",,journal page open; treat as cited fact,fact,C,"the only found wolf-vs-dog spinous-process measurement: the wolf's cervical spines are much better developed, supporting longer/stronger withers-region processes in the wolf"
croup_vs_withers,standing rump height / withers height,0.996 (64.97 / 65.22 cm),ratio,96,Akbash (Turkish LGD),field measuring stick,"Morphometric characterization of the Akbas Turkish shepherd dog 2020, Turkish J Agric Food Sci Tech 8(8)",10.24925/turjaf.v8i8.1692-1698.3452,journal open access; licence not verified: cited fact,fact,B,"level-backed large working dog: rump = withers within noise"
croup_vs_withers,standing rump height / shoulder height,1.001 (76.26 / 76.20 cm),ratio,30,Kangal (Turkish LGD),field measuring stick,"Eurasian J Vet Sci comparison of Turkish shepherd dogs (id 856)",,cited fact,fact,B,"second level-backed large dog; no wolf field study reporting croup height was found (Suvorov 2017 Yenisei CC BY and the Bulgarian Silva Balcanica 2024 paper give withers height only)"
croup_vs_withers,wolf back_end height / withers height (standing profile photos; fur),0.928 median [0.843-1.016],ratio,67,gray wolf,"AwA-Pose keypoints (ref/awa-pose/canids.json, MIT): profile+standing heuristic (nose >=0.10 body ahead of ear base, paw pairs >=0.45 body apart, knee-over-paw within 0.20 body), ground line through the two paw contacts, heights perpendicular to it; back_end/neck_end",AwA-Pose (Banik et al. 2021),,MIT,measured,C,"stricter plumb 0.12 gives 0.903 (n=44); back_middle 0.976 (n=67); back_end sits between the iliac crest and the tail root, so this brackets the croup; confirms the one-photo 0.92 of scout/15"
croup_vs_withers,wolf back_middle height / withers height,0.976 median [0.937-1.047],ratio,67,gray wolf,same AwA method,AwA-Pose (Banik et al. 2021),,MIT,measured,C,mid-back of the standing wolf is ~0.97-0.98 of withers
croup_vs_withers,GSD back_end height / withers height,0.846 median [0.761-0.943],ratio,58,German shepherd,same AwA method,AwA-Pose (Banik et al. 2021),,MIT,measured,C,"the GSD's famous slope, for contrast: the wolf (0.93) sits between the level LGDs (1.00) and the GSD (0.85)"
mesh_envelope,Stark full-model spine-tip envelope at default pose,"T1 583, T2 591, T3 602, T4 609, T5 616, T6 623, T7 623, T8 620, T9 626, T10 633, lumbar max 637 (L1-L2), L7 625, iliac crest 633, scapula top 634",mm above the paw plane (z=-211),1 model,Beagle CT trunk x1.25,"midline (|x|<8-10 mm) max-z per 2-10 mm slice of thorax/abdomen/pelvis GLBs placed by bodies.csv ground_4x4 x mesh_scale; per-vertebra stations = thorax y-range/13 with half-vertebra caudal tip lean","Stark H et al. 2021, Sci Rep 11:11335 (meshes in scout/10-stark-meshes)",10.1038/s41598-021-90058-0,MIT (meshes),measured,EST,"DEFAULT POSE, not stance (thorax_sagittal 3 deg); T11-T13 tips are masked by the overhanging lumbar spines; per-vertebra separation of the decimated merged trunk is approximate (+-half a vertebra)"
mesh_vs_plate,per-vertebra tip-height ratio (plate target / mesh current) normalized to each one's lumbar maximum,"T1 1.08, T2 1.06, T3 1.04, T4 1.02, T5 1.01, T6 0.99, T7 0.99, T8 0.99",factor,1+1,plate dog vs Stark mesh,"factor_k = (plate tip_k / plate L5 tip) / (mesh tip_k / mesh lumbar max), heights above ground in each frame",this file (rows above),,derived,derived,EST,"basis: the CT lumbar tips are taken as right and the per-ground heights conflate ~3 deg of default-pose pitch (up to 0.027 at T1) with process length; apply in the POSED standing skeleton, see SUMMARY.md"
wolf_target,wolf standing bone-tip topline as fraction of the withers-tip height,"T2 1.000, T4 0.988, T6 0.975, T8 0.963, T10 0.959, T11 0.958, T13 0.962, L1 0.965, L3 0.964, L5 0.960, L7 0.945, iliac crest 0.946, sacral crest 0.925, Ca1 0.892",fraction of T2-tip height,derived,gray wolf,"plate per-vertebra bone profile (B) x the wolf skin-slope ratio (withers 1.00, mid-back 0.97, croup 0.92; scout/15 photo + AwA n=67)",this file,,derived,derived,C,"for the wolf the withers tips are the bone apex of the whole trunk (by ~0.04); in the level plate dog the L5/iliac region is. Most of the wolf slope is pose (pelvis and hindquarter carriage), not shorter lumbar spines: pose first, scale spines only to fix the T1-T8 pattern"
scapula_vs_tips,scapular cartilage top vs cranial thoracic tips (standing),"tips 0.009 x WH ABOVE the cartilage; the two within ~0.01-0.03 x WH of each other",xWH,1,drawn mastiff-type dog,Tafel 3 (scout/15 row kept for reference),"Ellenberger Tafel 3 (UWDC)",,public domain,measured,B,"'level' for posing = cartilage top 0.00-0.01 x WH BELOW the tip line; the mesh's scapula top (634) is 25-43 mm ABOVE its T2-T4 tips (591-609) because the tips are short, not because the scapula rides high: after scaling T1-T4 the tips reach ~630-640 and the relation comes right without moving the scapula"
