quantity,region,season,value,unit,n,species,source,URL,licence,use,confidence,notes
tail_length,whole tail,,"290-500 (usually 400-500)",mm,,Canis lupus (USSR),"Heptner & Naumov 1998, Mammals of the Soviet Union vol. 2 pt 1a, Engl. p. ~129 [orig. p. 174]",https://archive.org/details/mammalsofsov211998gept,In copyright; scan CC BY-NC-SA 4.0,fact,B,"same passage: body 1050-1600, shoulder height 800-850 (to 1000) mm"
tail_length,whole tail,,420-520,mm,23 males,Canis lupus albus (tundra wolf),"Heptner & Naumov 1998, Engl. p. ~134 [orig. p. 182]",https://archive.org/details/mammalsofsov211998gept,In copyright; scan CC BY-NC-SA 4.0,fact,B,females (23) 410-490 mm
tail_length,whole tail,,350-560,mm,,Canis lupus,species/wolf.yaml (fact sheets),,,fact,C,already in repo
tail_length,whole tail,,260-380,mm,,Canis dingo,Australian Museum (already in ref/research/fetched/07-dingo),https://australian.museum/learn/animals/mammals/dingo/,(c) Australian Museum,fact,C,already in repo
tail_length_over_withers_height,whole tail incl. hair tip,winter,0.61,ratio,1,Canis lupus,"Scout measurement on PD photo: 'Black and grey wolf (female from Druid pack, Half Black) standing in road near Lamar River bridge', Jim Peaco, NPS, 31 Dec 2003",https://www.flickr.com/photos/yellowstonenps/16239820971/,Public Domain Mark 1.0 (NPS),table,EST,"tail 215 px root to hair tip; withers height 355 px (back line above shoulders to paw bottoms); agrees with AwA keypoints 0.61"
tail_length_over_withers_height,whole tail incl. hair tip,,0.61,ratio,1,Canis dingo,"Scout measurement on CC BY photo 'Dingos at Taronga Zoo', Brian Giesen (front dingo)",https://www.flickr.com/photos/13658024@N00/3556577520,CC BY 2.0,table,EST,"tail 252 px along a 6-point centreline; withers height 412 px; gives 330 mm at WH 542 (inside 260-380)"
brush_width,48% of tail length,winter,89 (0.118 WH),mm,1,Canis lupus,PD Yellowstone photo above,https://www.flickr.com/photos/yellowstonenps/16239820971/,Public Domain Mark 1.0,table,EST,"widths are horizontal across the near-vertical tail on a dark-pixel mask (luminance <80) of the black part of the tail; the front edge lies against the thigh, so values are LOWER BOUNDS; mm = px/355*750"
brush_width,57% of tail length,winter,106 (0.141 WH),mm,1,Canis lupus,PD Yellowstone photo,https://www.flickr.com/photos/yellowstonenps/16239820971/,Public Domain Mark 1.0,table,EST,widest point; lower bound
brush_width,67% of tail length,winter,95 (0.127 WH),mm,1,Canis lupus,PD Yellowstone photo,https://www.flickr.com/photos/yellowstonenps/16239820971/,Public Domain Mark 1.0,table,EST,lower bound
brush_width,76% of tail length,winter,85 (0.113 WH),mm,1,Canis lupus,PD Yellowstone photo,https://www.flickr.com/photos/yellowstonenps/16239820971/,Public Domain Mark 1.0,table,EST,lower bound
brush_width,86% of tail length,winter,82 (0.110 WH),mm,1,Canis lupus,PD Yellowstone photo,https://www.flickr.com/photos/yellowstonenps/16239820971/,Public Domain Mark 1.0,table,EST,
brush_width,95% of tail length,winter,57 (0.076 WH),mm,1,Canis lupus,PD Yellowstone photo,https://www.flickr.com/photos/yellowstonenps/16239820971/,Public Domain Mark 1.0,table,EST,
brush_width,0-40% of tail length,winter,not measurable,mm,1,Canis lupus,PD Yellowstone photo,https://www.flickr.com/photos/yellowstonenps/16239820971/,Public Domain Mark 1.0,table,EST,upper tail is grey like the thigh and merges with it
brush_width,60% of tail length,,109 (0.201 WH),mm,1,Canis dingo,"CC BY photo 'Dingos at Taronga Zoo', Brian Giesen",https://www.flickr.com/photos/13658024@N00/3556577520,CC BY 2.0,table,EST,"perpendicular to the centreline on a not-green mask (R >= G+3, opened/closed); mm = px/412*542; 60% point may still touch the hock (check)"
brush_width,70% of tail length,,108 (0.199 WH),mm,1,Canis dingo,CC BY photo above,https://www.flickr.com/photos/13658024@N00/3556577520,CC BY 2.0,table,EST,
brush_width,80% of tail length,,88 (0.163 WH),mm,1,Canis dingo,CC BY photo above,https://www.flickr.com/photos/13658024@N00/3556577520,CC BY 2.0,table,EST,
brush_width,90% of tail length,,55 (0.102 WH),mm,1,Canis dingo,CC BY photo above,https://www.flickr.com/photos/13658024@N00/3556577520,CC BY 2.0,table,EST,
brush_width,0-55% of tail length,,not measurable,mm,1,Canis dingo,CC BY photo above,https://www.flickr.com/photos/13658024@N00/3556577520,CC BY 2.0,table,EST,tail overlaps the thigh and hock (same colour)
tail_hair_length,tail (guard = underfur),,70-75,mm,1,Canis lupus,"Alaska Fur ID Project, ASM #3",https://alaskafurid.wordpress.com/2009/11/02/wolf/,licence not stated,fact,C,
tail_hair_length,tail tip guard hair,,95-100,mm,1,Canis lupus,"Alaska Fur ID Project, ASM #4",https://alaskafurid.wordpress.com/2009/11/02/wolf/,licence not stated,fact,C,
qualitative,tail hair along tail,winter,hairs considerably shorter at the root than along the remainder of the tail,text,,Canis lupus,"Heptner & Naumov 1998, Engl. p. ~125 [orig. p. 166]",https://archive.org/details/mammalsofsov211998gept,In copyright; scan CC BY-NC-SA 4.0,fact,B,"Turkish wolves: hairs on the proximal dorsal tail (gland region) and the tip longer (Yildiz Ay et al. 2023)"
caudal_vertebra_count,,,18-19 (model); dog average 20 (6-23); wolf about 20,count,1,Canis familiaris (model) / C. lupus,Stark model mesh (this folder); factcheck Q12 in repo,,MIT,table,B,
caudal_bone_height_mid,Cd1-Cd3 (tail base),,11.6-12.2 (0.030 of caudal length),mm,1,Canis familiaris (Stark model),data_caudal_stark.csv,https://simtk.org/projects/dogmodel,MIT,table,B,"scale to wolf (tail 455): ~14 mm; dingo (tail 330): ~10 mm"
caudal_bone_height_mid,Cd9-Cd10 (mid tail),,6.2-7.0 (0.016 of caudal length),mm,1,Canis familiaris (Stark model),data_caudal_stark.csv,https://simtk.org/projects/dogmodel,MIT,table,B,"wolf ~7 mm; dingo ~5 mm"
caudal_bone_height_mid,Cd16-Cd17 (90% point),,2.1-2.4 (0.006 of caudal length),mm,1,Canis familiaris (Stark model),data_caudal_stark.csv,https://simtk.org/projects/dogmodel,MIT,table,B,"wolf ~2.6 mm; dingo ~1.9 mm"
caudal_vertebra_length,longest (Cd7-Cd9),,27-27.6 (0.069 of caudal length),mm,1,Canis familiaris (Stark model),data_caudal_stark.csv,https://simtk.org/projects/dogmodel,MIT,table,B,Cd1 is 14 mm; lengths rise to Cd7 then fall to ~17 mm at Cd17
carriage,relaxed standing,,"hangs directly downward, 'as if broken at the base', reaching the tarsal (hock) joint; raised to back level only in a fast gallop",text,,Canis lupus,"Heptner & Naumov 1998, Engl. p. ~125 [orig. p. 166]",https://archive.org/details/mammalsofsov211998gept,In copyright; scan CC BY-NC-SA 4.0,fact,B,
carriage,relaxed standing,winter,about -80 (tail 96 deg below the rearward horizontal; topline slopes down 16 deg to the tail root),deg vs topline,1,Canis lupus,PD Yellowstone photo above,https://www.flickr.com/photos/yellowstonenps/16239820971/,Public Domain Mark 1.0,table,EST,"tail root (140,300) to tip (162,510) px; withers (440,212); tail slightly forward of vertical, against the thighs; supports wolf.yaml -75"
carriage,relaxed standing,,"about -55 (59.6 deg below horizontal, topline 4.5 deg down to the rear)",deg vs topline,1,Canis dingo,CC BY photo above,https://www.flickr.com/photos/13658024@N00/3556577520,CC BY 2.0,table,EST,body turned slightly away from the camera (foreshortening); one animal
carriage,always,,tail always droops; tip reaches the heel or a bit below,text,,Canis aureus (golden jackal),"Heptner & Naumov 1998, Engl. p. ~101 [orig. p. 129-130]",https://archive.org/details/mammalsofsov211998gept,In copyright; scan CC BY-NC-SA 4.0,fact,B,comparison
carriage,alert / gaiting,,"alert: fish-hook tail often held about 45 deg above the horizontal; gaiting: may be carried down, showing the fish-hook; last third bends back toward the head",text,,Carolina Dog,"UKC Carolina Dog standard 2023, TAIL",https://www.ukcdogs.com/docs/breeds/carolina-dog-ukc.pdf,(c) 2023 United Kennel Club,fact,C,the hero's breed; the tail set is a continuation of the spine with a slight lift at the base
suggested_profile,see SUMMARY,,,,,wolf and dingo,Scout estimate,,this file,table,EST,
