vertebra,plate_lean_vs_vertical_deg,plate_lean_vs_column_deg,plate_tip_offset_per_bodylength,plate_process_len_px,plate_process_len_per_WH,plate_grade,mesh_lean_vs_vertical_defaultpose_deg,mesh_lean_vs_column_deg,mesh_halfspread_deg,mesh_process_len_mm,mesh_tip_offset_per_bodylength,mesh_grade,mesh_correction_deg_plate_minus_mesh,correction_grade,sources
T1,32.7,37.3,0.79,79.7,0.043,C,1.0,31.8,1.6,49.2,0.05,A,5.5,C,"own measurement; Ellenberger & Baum Handbuch der vergleichenden Anatomie, Tafel 3 (public domain); repo file ref/research/missingfound/atlas-plates/tafel3_skeleton_left-lateral.jpg | own measurement; Stark et al. 2021 dog musculoskeletal model meshes (MIT), doi:10.1038/s41598-021-90058-0; repo ref/research/scout/10-stark-meshes/"
T2,30.7,35.3,0.71,79.7,0.043,C,-3.3,26.2,2.2,57.3,-0.17,A,9.1,C,"own measurement; Ellenberger & Baum Handbuch der vergleichenden Anatomie, Tafel 3 (public domain); repo file ref/research/missingfound/atlas-plates/tafel3_skeleton_left-lateral.jpg | own measurement; Stark et al. 2021 dog musculoskeletal model meshes (MIT), doi:10.1038/s41598-021-90058-0; repo ref/research/scout/10-stark-meshes/"
T3,16.6,21.3,0.42,79.7,0.043,C,-1.1,27.2,1.9,50.5,-0.05,A,-5.9,C,"own measurement; Ellenberger & Baum Handbuch der vergleichenden Anatomie, Tafel 3 (public domain); repo file ref/research/missingfound/atlas-plates/tafel3_skeleton_left-lateral.jpg | own measurement; Stark et al. 2021 dog musculoskeletal model meshes (MIT), doi:10.1038/s41598-021-90058-0; repo ref/research/scout/10-stark-meshes/"
T4,19.8,24.6,0.5,79.7,0.043,B,-1.3,25.6,1.5,47.2,-0.06,A,-1.0,B,"own measurement; Ellenberger & Baum Handbuch der vergleichenden Anatomie, Tafel 3 (public domain); repo file ref/research/missingfound/atlas-plates/tafel3_skeleton_left-lateral.jpg | own measurement; Stark et al. 2021 dog musculoskeletal model meshes (MIT), doi:10.1038/s41598-021-90058-0; repo ref/research/scout/10-stark-meshes/"
T5,18.0,22.9,0.44,84.1,0.046,B,2.6,28.3,0.8,45.8,0.11,A,-5.4,B,"own measurement; Ellenberger & Baum Handbuch der vergleichenden Anatomie, Tafel 3 (public domain); repo file ref/research/missingfound/atlas-plates/tafel3_skeleton_left-lateral.jpg | own measurement; Stark et al. 2021 dog musculoskeletal model meshes (MIT), doi:10.1038/s41598-021-90058-0; repo ref/research/scout/10-stark-meshes/"
T6,18.2,23.2,0.45,83.2,0.045,B,4.5,28.8,1.2,46.4,0.19,A,-5.6,B,"own measurement; Ellenberger & Baum Handbuch der vergleichenden Anatomie, Tafel 3 (public domain); repo file ref/research/missingfound/atlas-plates/tafel3_skeleton_left-lateral.jpg | own measurement; Stark et al. 2021 dog musculoskeletal model meshes (MIT), doi:10.1038/s41598-021-90058-0; repo ref/research/scout/10-stark-meshes/"
T7,18.0,23.1,0.44,84.1,0.046,B,12.0,34.9,2.4,38.5,0.41,A,-11.8,B,"own measurement; Ellenberger & Baum Handbuch der vergleichenden Anatomie, Tafel 3 (public domain); repo file ref/research/missingfound/atlas-plates/tafel3_skeleton_left-lateral.jpg | own measurement; Stark et al. 2021 dog musculoskeletal model meshes (MIT), doi:10.1038/s41598-021-90058-0; repo ref/research/scout/10-stark-meshes/"
T8,13.3,18.5,0.33,78.1,0.043,B,12.9,34.3,2.2,32.9,0.39,A,-15.8,B,"own measurement; Ellenberger & Baum Handbuch der vergleichenden Anatomie, Tafel 3 (public domain); repo file ref/research/missingfound/atlas-plates/tafel3_skeleton_left-lateral.jpg | own measurement; Stark et al. 2021 dog musculoskeletal model meshes (MIT), doi:10.1038/s41598-021-90058-0; repo ref/research/scout/10-stark-meshes/"
T9,12.6,17.9,0.29,68.7,0.037,B,6.6,26.6,2.4,24.6,0.13,A,-8.7,B,"own measurement; Ellenberger & Baum Handbuch der vergleichenden Anatomie, Tafel 3 (public domain); repo file ref/research/missingfound/atlas-plates/tafel3_skeleton_left-lateral.jpg | own measurement; Stark et al. 2021 dog musculoskeletal model meshes (MIT), doi:10.1038/s41598-021-90058-0; repo ref/research/scout/10-stark-meshes/"
T10,7.5,12.8,0.14,53.5,0.029,B,-8.0,10.1,12.1,19.9,-0.12,C,2.7,C,"own measurement; Ellenberger & Baum Handbuch der vergleichenden Anatomie, Tafel 3 (public domain); repo file ref/research/missingfound/atlas-plates/tafel3_skeleton_left-lateral.jpg | own measurement; Stark et al. 2021 dog musculoskeletal model meshes (MIT), doi:10.1038/s41598-021-90058-0; repo ref/research/scout/10-stark-meshes/"
T11,-2.4,3.0,-0.04,47.0,0.026,B,5.6,22.1,33.4,11.0,0.05,C,-19.1,C,"own measurement; Ellenberger & Baum Handbuch der vergleichenden Anatomie, Tafel 3 (public domain); repo file ref/research/missingfound/atlas-plates/tafel3_skeleton_left-lateral.jpg | own measurement; Stark et al. 2021 dog musculoskeletal model meshes (MIT), doi:10.1038/s41598-021-90058-0; repo ref/research/scout/10-stark-meshes/"
T12,-13.2,-7.7,-0.15,48.3,0.026,B,9.5,23.7,12.5,13.2,0.07,C,-31.4,C,"own measurement; Ellenberger & Baum Handbuch der vergleichenden Anatomie, Tafel 3 (public domain); repo file ref/research/missingfound/atlas-plates/tafel3_skeleton_left-lateral.jpg | own measurement; Stark et al. 2021 dog musculoskeletal model meshes (MIT), doi:10.1038/s41598-021-90058-0; repo ref/research/scout/10-stark-meshes/"
T13,-20.6,-15.0,-0.23,51.3,0.028,B,,,,,,EST,,EST,"own measurement; Ellenberger & Baum Handbuch der vergleichenden Anatomie, Tafel 3 (public domain); repo file ref/research/missingfound/atlas-plates/tafel3_skeleton_left-lateral.jpg | mesh: T13 not separable at mesh decimation (merged with cut face / T12 region)"
L1,-23.7,-18.0,-0.28,54.6,0.03,B,19.1,8.9,6.8,16.0,0.15,B,-26.9,B,"own measurement; Ellenberger & Baum Handbuch der vergleichenden Anatomie, Tafel 3 (public domain); repo file ref/research/missingfound/atlas-plates/tafel3_skeleton_left-lateral.jpg | own measurement; Stark et al. 2021 dog musculoskeletal model meshes (MIT), doi:10.1038/s41598-021-90058-0; repo ref/research/scout/10-stark-meshes/"
L2,-23.9,-18.0,-0.29,56.9,0.031,B,9.3,1.2,8.2,18.6,0.1,C,-19.2,C,"own measurement; Ellenberger & Baum Handbuch der vergleichenden Anatomie, Tafel 3 (public domain); repo file ref/research/missingfound/atlas-plates/tafel3_skeleton_left-lateral.jpg | own measurement; Stark et al. 2021 dog musculoskeletal model meshes (MIT), doi:10.1038/s41598-021-90058-0; repo ref/research/scout/10-stark-meshes/"
L3,-22.5,-16.6,-0.29,57.4,0.031,B,-1.8,-7.9,9.3,20.9,-0.02,C,-8.7,C,"own measurement; Ellenberger & Baum Handbuch der vergleichenden Anatomie, Tafel 3 (public domain); repo file ref/research/missingfound/atlas-plates/tafel3_skeleton_left-lateral.jpg | own measurement; Stark et al. 2021 dog musculoskeletal model meshes (MIT), doi:10.1038/s41598-021-90058-0; repo ref/research/scout/10-stark-meshes/"
L4,-23.9,-17.8,-0.32,56.9,0.031,B,-8.4,-12.3,9.8,21.6,-0.1,C,-5.5,C,"own measurement; Ellenberger & Baum Handbuch der vergleichenden Anatomie, Tafel 3 (public domain); repo file ref/research/missingfound/atlas-plates/tafel3_skeleton_left-lateral.jpg | own measurement; Stark et al. 2021 dog musculoskeletal model meshes (MIT), doi:10.1038/s41598-021-90058-0; repo ref/research/scout/10-stark-meshes/"
L5,-22.3,-16.2,-0.29,60.5,0.033,B,-6.4,-8.2,12.1,20.2,-0.07,C,-8.0,C,"own measurement; Ellenberger & Baum Handbuch der vergleichenden Anatomie, Tafel 3 (public domain); repo file ref/research/missingfound/atlas-plates/tafel3_skeleton_left-lateral.jpg | own measurement; Stark et al. 2021 dog musculoskeletal model meshes (MIT), doi:10.1038/s41598-021-90058-0; repo ref/research/scout/10-stark-meshes/"
L6,-24.9,-18.6,-0.34,61.7,0.034,B,-19.6,-19.2,3.1,17.5,-0.19,B,0.6,B,"own measurement; Ellenberger & Baum Handbuch der vergleichenden Anatomie, Tafel 3 (public domain); repo file ref/research/missingfound/atlas-plates/tafel3_skeleton_left-lateral.jpg | own measurement; Stark et al. 2021 dog musculoskeletal model meshes (MIT), doi:10.1038/s41598-021-90058-0; repo ref/research/scout/10-stark-meshes/"
L7,0.0,6.4,0.0,47.0,0.026,EST,-19.7,-17.1,5.8,14.3,-0.15,B,23.5,EST,"own measurement; Ellenberger & Baum Handbuch der vergleichenden Anatomie, Tafel 3 (public domain); repo file ref/research/missingfound/atlas-plates/tafel3_skeleton_left-lateral.jpg | own measurement; Stark et al. 2021 dog musculoskeletal model meshes (MIT), doi:10.1038/s41598-021-90058-0; repo ref/research/scout/10-stark-meshes/"

"# cross-checks (qualitative, use=fact)"
pattern_T2-T10,"caudal (backward) incline, most marked T9-T10",,,,,B,,,,,,,,,"Sisson, The Anatomy of the Domestic Animals, 1914 (public domain), dog vertebral column p.186-187: ""The backward slope is most marked in the ninth and tenth.""; https://archive.org/details/anatomyofdomesti00siss"
pattern_T11,"anticlinal, practically vertical",,,,,B,,,,,,,,,"Sisson 1914 p.187: ""The eleventh is practically vertical (anticlinal vertebra)"" (PD); matches plate T11 = -2.4 deg vs vertical"
pattern_T12-T13,incline slightly forward (cranial),,,,,B,,,,,,,,,"Sisson 1914 p.187: ""the last two incline slightly forward"" (PD)"
pattern_L1-L6,incline a little forward; L7 the exception,,,,,B,,,,,,,,,"Sisson 1914 p.187: ""The spinous processes ... with the exception of the last, incline a little forward."" (PD)"
lumbar_angle_definition,"lumbar spinous process angle (Q) defined and measured per vertebra in Labrador/Golden and French Bulldog CTs; numeric table published as image only, values not machine-readable",,,,,use=fact,,,,,,,,,"Tremolada et al. 2025, Osteoarthritis and Cartilage Open (CC BY-NC-ND 4.0, closed for table storage), doi:10.1016/j.ocarto.2024.100557, PMC11754510"
wolf_note,"no wolf-specific measured spinous-process inclination data found (Europe PMC tier-1/2 search, Oct 8 2026); wolf assumed to follow the general canid pattern (13T/7L, anticlinal ~T11)",,,,,EST,,,,,,,,,"gap; search: europepmc.org REST, query (wolf OR ""Canis lupus"") AND (""spinous process"" OR anticlinal) AND vertebra"
