topic,region,muscle_or_site,quantity,value,unit,n,breed,body_mass_kg,method,source,doi,licence,use,confidence,notes
muscle_mass,hindlimb,adductor brevis,muscle mass,11.0,g,1,racing greyhound,27,dissection (compiled),"Bishop, Wright & Pierce 2021 PeerJ 9:e12574 Supplemental Data S2 (raw data compiled from Williams et al. 2008 and Ellis et al. 2018)",10.7717/peerj.12574,CC BY 4.0,table,B,"greyhound hindlimb; location proximal; fascicle 29 mm, pennation 7 deg, PCSA 3.49 cm2; original study Ellis et al. (2018); Muscle mass back-calculated from reported PCSA"
muscle_mass,hindlimb,adductor magnus,muscle mass,187.0,g,1,racing greyhound,27,dissection (compiled),"Bishop, Wright & Pierce 2021 PeerJ 9:e12574 Supplemental Data S2 (raw data compiled from Williams et al. 2008 and Ellis et al. 2018)",10.7717/peerj.12574,CC BY 4.0,table,B,"greyhound hindlimb; location proximal; fascicle 125 mm, pennation 0 deg, PCSA 14.11 cm2; original study Ellis et al. (2018)"
muscle_mass,hindlimb,gluteus medius,muscle mass,107.0,g,1,racing greyhound,27,dissection (compiled),"Bishop, Wright & Pierce 2021 PeerJ 9:e12574 Supplemental Data S2 (raw data compiled from Williams et al. 2008 and Ellis et al. 2018)",10.7717/peerj.12574,CC BY 4.0,table,B,"greyhound hindlimb; location proximal; fascicle 40 mm, pennation 10 deg, PCSA 24.86 cm2; original study Ellis et al. (2018)"
muscle_mass,hindlimb,gluteus profundus,muscle mass,9.7,g,1,racing greyhound,27,dissection (compiled),"Bishop, Wright & Pierce 2021 PeerJ 9:e12574 Supplemental Data S2 (raw data compiled from Williams et al. 2008 and Ellis et al. 2018)",10.7717/peerj.12574,CC BY 4.0,table,B,"greyhound hindlimb; location proximal; fascicle 21 mm, pennation 8 deg, PCSA 4.35 cm2; original study Ellis et al. (2018)"
muscle_mass,hindlimb,gluteus superficialis,muscle mass,25.3,g,1,racing greyhound,27,dissection (compiled),"Bishop, Wright & Pierce 2021 PeerJ 9:e12574 Supplemental Data S2 (raw data compiled from Williams et al. 2008 and Ellis et al. 2018)",10.7717/peerj.12574,CC BY 4.0,table,B,"greyhound hindlimb; location proximal; fascicle 51 mm, pennation 22 deg, PCSA 4.37 cm2; original study Ellis et al. (2018)"
muscle_mass,hindlimb,iliopsoas,muscle mass,61.2,g,1,racing greyhound,27,dissection (compiled),"Bishop, Wright & Pierce 2021 PeerJ 9:e12574 Supplemental Data S2 (raw data compiled from Williams et al. 2008 and Ellis et al. 2018)",10.7717/peerj.12574,CC BY 4.0,table,B,"greyhound hindlimb; location proximal; fascicle 64 mm, pennation 12 deg, PCSA 8.76 cm2; original study Ellis et al. (2018)"
muscle_mass,hindlimb,obturator externus,muscle mass,11.9,g,1,racing greyhound,27,dissection (compiled),"Bishop, Wright & Pierce 2021 PeerJ 9:e12574 Supplemental Data S2 (raw data compiled from Williams et al. 2008 and Ellis et al. 2018)",10.7717/peerj.12574,CC BY 4.0,table,B,"greyhound hindlimb; location proximal; fascicle 59 mm, pennation 0 deg, PCSA 1.89 cm2; original study Ellis et al. (2018)"
muscle_mass,hindlimb,obturator internus,muscle mass,8.5,g,1,racing greyhound,27,dissection (compiled),"Bishop, Wright & Pierce 2021 PeerJ 9:e12574 Supplemental Data S2 (raw data compiled from Williams et al. 2008 and Ellis et al. 2018)",10.7717/peerj.12574,CC BY 4.0,table,B,"greyhound hindlimb; location proximal; fascicle 23 mm, pennation 0 deg, PCSA 3.54 cm2; original study Ellis et al. (2018)"
muscle_mass,hindlimb,pectineus,muscle mass,8.8,g,1,racing greyhound,27,dissection (compiled),"Bishop, Wright & Pierce 2021 PeerJ 9:e12574 Supplemental Data S2 (raw data compiled from Williams et al. 2008 and Ellis et al. 2018)",10.7717/peerj.12574,CC BY 4.0,table,B,"greyhound hindlimb; location proximal; fascicle 18 mm, pennation 14 deg, PCSA 4.54 cm2; original study Ellis et al. (2018)"
muscle_mass,hindlimb,quadratus femoris,muscle mass,7.7,g,1,racing greyhound,27,dissection (compiled),"Bishop, Wright & Pierce 2021 PeerJ 9:e12574 Supplemental Data S2 (raw data compiled from Williams et al. 2008 and Ellis et al. 2018)",10.7717/peerj.12574,CC BY 4.0,table,B,"greyhound hindlimb; location proximal; fascicle 51 mm, pennation 0 deg, PCSA 1.44 cm2; original study Ellis et al. (2018)"
muscle_mass,hindlimb,tensor fascia lata,muscle mass,61.0,g,1,racing greyhound,27,dissection (compiled),"Bishop, Wright & Pierce 2021 PeerJ 9:e12574 Supplemental Data S2 (raw data compiled from Williams et al. 2008 and Ellis et al. 2018)",10.7717/peerj.12574,CC BY 4.0,table,B,"greyhound hindlimb; location proximal; fascicle 27 mm, pennation 32 deg, PCSA 18.02 cm2; original study Ellis et al. (2018)"
muscle_mass,hindlimb,biceps femoris (a),muscle mass,145.5,g,1,racing greyhound,27,dissection (compiled),"Bishop, Wright & Pierce 2021 PeerJ 9:e12574 Supplemental Data S2 (raw data compiled from Williams et al. 2008 and Ellis et al. 2018)",10.7717/peerj.12574,CC BY 4.0,table,B,"greyhound hindlimb; location proximal; fascicle 120 mm, pennation 0 deg, PCSA 11.44 cm2; original study Ellis et al. (2018)"
muscle_mass,hindlimb,biceps femoris (b),muscle mass,118.6,g,1,racing greyhound,27,dissection (compiled),"Bishop, Wright & Pierce 2021 PeerJ 9:e12574 Supplemental Data S2 (raw data compiled from Williams et al. 2008 and Ellis et al. 2018)",10.7717/peerj.12574,CC BY 4.0,table,B,"greyhound hindlimb; location proximal; fascicle 120 mm, pennation 0 deg, PCSA 9.32 cm2; original study Ellis et al. (2018)"
muscle_mass,hindlimb,gracilis,muscle mass,100.5,g,1,racing greyhound,27,dissection (compiled),"Bishop, Wright & Pierce 2021 PeerJ 9:e12574 Supplemental Data S2 (raw data compiled from Williams et al. 2008 and Ellis et al. 2018)",10.7717/peerj.12574,CC BY 4.0,table,B,"greyhound hindlimb; location proximal; fascicle 61 mm, pennation 0 deg, PCSA 15.65 cm2; original study Ellis et al. (2018)"
muscle_mass,hindlimb,rectus femoris,muscle mass,52.6,g,1,racing greyhound,27,dissection (compiled),"Bishop, Wright & Pierce 2021 PeerJ 9:e12574 Supplemental Data S2 (raw data compiled from Williams et al. 2008 and Ellis et al. 2018)",10.7717/peerj.12574,CC BY 4.0,table,B,"greyhound hindlimb; location proximal; fascicle 40 mm, pennation 12 deg, PCSA 12.20 cm2; original study Ellis et al. (2018)"
muscle_mass,hindlimb,sartorius caudalis,muscle mass,50.7,g,1,racing greyhound,27,dissection (compiled),"Bishop, Wright & Pierce 2021 PeerJ 9:e12574 Supplemental Data S2 (raw data compiled from Williams et al. 2008 and Ellis et al. 2018)",10.7717/peerj.12574,CC BY 4.0,table,B,"greyhound hindlimb; location proximal; fascicle 200 mm, pennation 0 deg, PCSA 2.39 cm2; original study Ellis et al. (2018)"
muscle_mass,hindlimb,sartorius cranialis,muscle mass,14.9,g,1,racing greyhound,27,dissection (compiled),"Bishop, Wright & Pierce 2021 PeerJ 9:e12574 Supplemental Data S2 (raw data compiled from Williams et al. 2008 and Ellis et al. 2018)",10.7717/peerj.12574,CC BY 4.0,table,B,"greyhound hindlimb; location proximal; fascicle 246 mm, pennation 0 deg, PCSA 0.57 cm2; original study Ellis et al. (2018)"
muscle_mass,hindlimb,semimembranosus,muscle mass,171.7,g,1,racing greyhound,27,dissection (compiled),"Bishop, Wright & Pierce 2021 PeerJ 9:e12574 Supplemental Data S2 (raw data compiled from Williams et al. 2008 and Ellis et al. 2018)",10.7717/peerj.12574,CC BY 4.0,table,B,"greyhound hindlimb; location proximal; fascicle 213 mm, pennation 0 deg, PCSA 7.62 cm2; original study Ellis et al. (2018)"
muscle_mass,hindlimb,semitendinosus,muscle mass,105.2,g,1,racing greyhound,27,dissection (compiled),"Bishop, Wright & Pierce 2021 PeerJ 9:e12574 Supplemental Data S2 (raw data compiled from Williams et al. 2008 and Ellis et al. 2018)",10.7717/peerj.12574,CC BY 4.0,table,B,"greyhound hindlimb; location proximal; fascicle 183 mm, pennation 0 deg, PCSA 5.41 cm2; original study Ellis et al. (2018)"
muscle_mass,hindlimb,vastus lat. + inter.,muscle mass,104.5,g,1,racing greyhound,27,dissection (compiled),"Bishop, Wright & Pierce 2021 PeerJ 9:e12574 Supplemental Data S2 (raw data compiled from Williams et al. 2008 and Ellis et al. 2018)",10.7717/peerj.12574,CC BY 4.0,table,B,"greyhound hindlimb; location proximal; fascicle 79 mm, pennation 13 deg, PCSA 12.22 cm2; original study Ellis et al. (2018)"
muscle_mass,hindlimb,vastus medialis,muscle mass,62.8,g,1,racing greyhound,27,dissection (compiled),"Bishop, Wright & Pierce 2021 PeerJ 9:e12574 Supplemental Data S2 (raw data compiled from Williams et al. 2008 and Ellis et al. 2018)",10.7717/peerj.12574,CC BY 4.0,table,B,"greyhound hindlimb; location proximal; fascicle 86 mm, pennation 14 deg, PCSA 6.66 cm2; original study Ellis et al. (2018)"
muscle_mass,hindlimb,flexor digitorum longus,muscle mass,51.7,g,1,racing greyhound,27,dissection (compiled),"Bishop, Wright & Pierce 2021 PeerJ 9:e12574 Supplemental Data S2 (raw data compiled from Williams et al. 2008 and Ellis et al. 2018)",10.7717/peerj.12574,CC BY 4.0,table,B,"greyhound hindlimb; location distal; fascicle 12 mm, pennation 28 deg, PCSA 37.16 cm2; original study Ellis et al. (2018)"
muscle_mass,hindlimb,gastrocnemius lateralis,muscle mass,27.5,g,1,racing greyhound,27,dissection (compiled),"Bishop, Wright & Pierce 2021 PeerJ 9:e12574 Supplemental Data S2 (raw data compiled from Williams et al. 2008 and Ellis et al. 2018)",10.7717/peerj.12574,CC BY 4.0,table,B,"greyhound hindlimb; location distal; fascicle 13 mm, pennation 26 deg, PCSA 18.07 cm2; original study Ellis et al. (2018)"
muscle_mass,hindlimb,gastrocnemius medialis,muscle mass,44.7,g,1,racing greyhound,27,dissection (compiled),"Bishop, Wright & Pierce 2021 PeerJ 9:e12574 Supplemental Data S2 (raw data compiled from Williams et al. 2008 and Ellis et al. 2018)",10.7717/peerj.12574,CC BY 4.0,table,B,"greyhound hindlimb; location distal; fascicle 19 mm, pennation 27 deg, PCSA 20.30 cm2; original study Ellis et al. (2018)"
muscle_mass,hindlimb,extensor digitorum lateralis,muscle mass,1.1,g,1,racing greyhound,27,dissection (compiled),"Bishop, Wright & Pierce 2021 PeerJ 9:e12574 Supplemental Data S2 (raw data compiled from Williams et al. 2008 and Ellis et al. 2018)",10.7717/peerj.12574,CC BY 4.0,table,B,"greyhound hindlimb; location distal; fascicle 13 mm, pennation 10 deg, PCSA 0.83 cm2; original study Ellis et al. (2018)"
muscle_mass,hindlimb,extensor digitorum longus,muscle mass,16.0,g,1,racing greyhound,27,dissection (compiled),"Bishop, Wright & Pierce 2021 PeerJ 9:e12574 Supplemental Data S2 (raw data compiled from Williams et al. 2008 and Ellis et al. 2018)",10.7717/peerj.12574,CC BY 4.0,table,B,"greyhound hindlimb; location distal; fascicle 51 mm, pennation 0 deg, PCSA 2.94 cm2; original study Ellis et al. (2018)"
muscle_mass,hindlimb,flexor digitorum profundus,muscle mass,47.6,g,1,racing greyhound,27,dissection (compiled),"Bishop, Wright & Pierce 2021 PeerJ 9:e12574 Supplemental Data S2 (raw data compiled from Williams et al. 2008 and Ellis et al. 2018)",10.7717/peerj.12574,CC BY 4.0,table,B,"greyhound hindlimb; location distal; fascicle 15 mm, pennation 31 deg, PCSA 24.99 cm2; original study Ellis et al. (2018)"
muscle_mass,hindlimb,peroneus longus,muscle mass,5.2,g,1,racing greyhound,27,dissection (compiled),"Bishop, Wright & Pierce 2021 PeerJ 9:e12574 Supplemental Data S2 (raw data compiled from Williams et al. 2008 and Ellis et al. 2018)",10.7717/peerj.12574,CC BY 4.0,table,B,"greyhound hindlimb; location distal; fascicle 24 mm, pennation 0 deg, PCSA 2.00 cm2; original study Ellis et al. (2018)"
muscle_mass,hindlimb,tibialis cranialis,muscle mass,21.8,g,1,racing greyhound,27,dissection (compiled),"Bishop, Wright & Pierce 2021 PeerJ 9:e12574 Supplemental Data S2 (raw data compiled from Williams et al. 2008 and Ellis et al. 2018)",10.7717/peerj.12574,CC BY 4.0,table,B,"greyhound hindlimb; location distal; fascicle 108 mm, pennation 5 deg, PCSA 1.90 cm2; original study Ellis et al. (2018)"
muscle_mass,forelimb,LD (latissimus dorsi),muscle mass,325.0,g,7,racing greyhound,31.4,dissection (compiled),"Bishop, Wright & Pierce 2021 PeerJ 9:e12574 Supplemental Data S2 (raw data compiled from Williams et al. 2008 and Ellis et al. 2018)",10.7717/peerj.12574,CC BY 4.0,table,B,"greyhound forelimb; location proximal; fascicle 403 mm, pennation 0 deg, PCSA 7.61 cm2; original study Williams et al. (2008); Mean across sample in study; abbreviation expanded by Scout (check against Williams 2008)"
muscle_mass,forelimb,PD (pectoralis descendens (superficialis descending)),muscle mass,48.8,g,7,racing greyhound,31.4,dissection (compiled),"Bishop, Wright & Pierce 2021 PeerJ 9:e12574 Supplemental Data S2 (raw data compiled from Williams et al. 2008 and Ellis et al. 2018)",10.7717/peerj.12574,CC BY 4.0,table,B,"greyhound forelimb; location proximal; fascicle 143 mm, pennation 0 deg, PCSA 3.22 cm2; original study Williams et al. (2008); abbreviation expanded by Scout (check against Williams 2008)"
muscle_mass,forelimb,PP (pectoralis profundus),muscle mass,400.0,g,7,racing greyhound,31.4,dissection (compiled),"Bishop, Wright & Pierce 2021 PeerJ 9:e12574 Supplemental Data S2 (raw data compiled from Williams et al. 2008 and Ellis et al. 2018)",10.7717/peerj.12574,CC BY 4.0,table,B,"greyhound forelimb; location proximal; fascicle 318 mm, pennation 0 deg, PCSA 11.87 cm2; original study Williams et al. (2008); abbreviation expanded by Scout (check against Williams 2008)"
muscle_mass,forelimb,PTV (pectoralis transversus (superficialis transverse)),muscle mass,94.8,g,7,racing greyhound,31.4,dissection (compiled),"Bishop, Wright & Pierce 2021 PeerJ 9:e12574 Supplemental Data S2 (raw data compiled from Williams et al. 2008 and Ellis et al. 2018)",10.7717/peerj.12574,CC BY 4.0,table,B,"greyhound forelimb; location proximal; fascicle 112 mm, pennation 0 deg, PCSA 7.99 cm2; original study Williams et al. (2008); abbreviation expanded by Scout (check against Williams 2008)"
muscle_mass,forelimb,SS (subscapularis),muscle mass,85.3,g,7,racing greyhound,31.4,dissection (compiled),"Bishop, Wright & Pierce 2021 PeerJ 9:e12574 Supplemental Data S2 (raw data compiled from Williams et al. 2008 and Ellis et al. 2018)",10.7717/peerj.12574,CC BY 4.0,table,B,"greyhound forelimb; location proximal; fascicle 35 mm, pennation 22 deg, PCSA 21.32 cm2; original study Williams et al. (2008); abbreviation expanded by Scout (check against Williams 2008)"
muscle_mass,forelimb,SSP (supraspinatus),muscle mass,150.0,g,7,racing greyhound,31.4,dissection (compiled),"Bishop, Wright & Pierce 2021 PeerJ 9:e12574 Supplemental Data S2 (raw data compiled from Williams et al. 2008 and Ellis et al. 2018)",10.7717/peerj.12574,CC BY 4.0,table,B,"greyhound forelimb; location proximal; fascicle 59 mm, pennation 18 deg, PCSA 22.81 cm2; original study Williams et al. (2008); abbreviation expanded by Scout (check against Williams 2008)"
muscle_mass,forelimb,ISP (infraspinatus),muscle mass,114.0,g,7,racing greyhound,31.4,dissection (compiled),"Bishop, Wright & Pierce 2021 PeerJ 9:e12574 Supplemental Data S2 (raw data compiled from Williams et al. 2008 and Ellis et al. 2018)",10.7717/peerj.12574,CC BY 4.0,table,B,"greyhound forelimb; location proximal; fascicle 39 mm, pennation 29 deg, PCSA 24.12 cm2; original study Williams et al. (2008); abbreviation expanded by Scout (check against Williams 2008)"
muscle_mass,forelimb,DA (deltoideus acromial),muscle mass,28.7,g,7,racing greyhound,31.4,dissection (compiled),"Bishop, Wright & Pierce 2021 PeerJ 9:e12574 Supplemental Data S2 (raw data compiled from Williams et al. 2008 and Ellis et al. 2018)",10.7717/peerj.12574,CC BY 4.0,table,B,"greyhound forelimb; location proximal; fascicle 83 mm, pennation 38 deg, PCSA 2.57 cm2; original study Williams et al. (2008); abbreviation expanded by Scout (check against Williams 2008)"
muscle_mass,forelimb,DS (deltoideus scapular),muscle mass,49.9,g,7,racing greyhound,31.4,dissection (compiled),"Bishop, Wright & Pierce 2021 PeerJ 9:e12574 Supplemental Data S2 (raw data compiled from Williams et al. 2008 and Ellis et al. 2018)",10.7717/peerj.12574,CC BY 4.0,table,B,"greyhound forelimb; location proximal; fascicle 76 mm, pennation 0 deg, PCSA 6.19 cm2; original study Williams et al. (2008); abbreviation expanded by Scout (check against Williams 2008)"
muscle_mass,forelimb,BB (biceps brachii),muscle mass,54.1,g,7,racing greyhound,31.4,dissection (compiled),"Bishop, Wright & Pierce 2021 PeerJ 9:e12574 Supplemental Data S2 (raw data compiled from Williams et al. 2008 and Ellis et al. 2018)",10.7717/peerj.12574,CC BY 4.0,table,B,"greyhound forelimb; location proximal; fascicle 18 mm, pennation 41 deg, PCSA 21.40 cm2; original study Williams et al. (2008); abbreviation expanded by Scout (check against Williams 2008)"
muscle_mass,forelimb,BRA (brachialis),muscle mass,23.9,g,7,racing greyhound,31.4,dissection (compiled),"Bishop, Wright & Pierce 2021 PeerJ 9:e12574 Supplemental Data S2 (raw data compiled from Williams et al. 2008 and Ellis et al. 2018)",10.7717/peerj.12574,CC BY 4.0,table,B,"greyhound forelimb; location proximal; fascicle 42 mm, pennation 15 deg, PCSA 5.19 cm2; original study Williams et al. (2008); abbreviation expanded by Scout (check against Williams 2008)"
muscle_mass,forelimb,CB (coracobrachialis),muscle mass,43.7,g,7,racing greyhound,31.4,dissection (compiled),"Bishop, Wright & Pierce 2021 PeerJ 9:e12574 Supplemental Data S2 (raw data compiled from Williams et al. 2008 and Ellis et al. 2018)",10.7717/peerj.12574,CC BY 4.0,table,B,"greyhound forelimb; location proximal; fascicle 27 mm, pennation 30 deg, PCSA 13.22 cm2; original study Williams et al. (2008); abbreviation expanded by Scout (check against Williams 2008)"
muscle_mass,forelimb,TMJ (teres major),muscle mass,56.2,g,7,racing greyhound,31.4,dissection (compiled),"Bishop, Wright & Pierce 2021 PeerJ 9:e12574 Supplemental Data S2 (raw data compiled from Williams et al. 2008 and Ellis et al. 2018)",10.7717/peerj.12574,CC BY 4.0,table,B,"greyhound forelimb; location proximal; fascicle 148 mm, pennation 9 deg, PCSA 3.54 cm2; original study Williams et al. (2008); abbreviation expanded by Scout (check against Williams 2008)"
muscle_mass,forelimb,TMN (teres minor),muscle mass,41.7,g,7,racing greyhound,31.4,dissection (compiled),"Bishop, Wright & Pierce 2021 PeerJ 9:e12574 Supplemental Data S2 (raw data compiled from Williams et al. 2008 and Ellis et al. 2018)",10.7717/peerj.12574,CC BY 4.0,table,B,"greyhound forelimb; location proximal; fascicle 19 mm, pennation 32 deg, PCSA 17.56 cm2; original study Williams et al. (2008); abbreviation expanded by Scout (check against Williams 2008)"
muscle_mass,forelimb,TBLA (triceps brachii lateral head),muscle mass,129.0,g,7,racing greyhound,31.4,dissection (compiled),"Bishop, Wright & Pierce 2021 PeerJ 9:e12574 Supplemental Data S2 (raw data compiled from Williams et al. 2008 and Ellis et al. 2018)",10.7717/peerj.12574,CC BY 4.0,table,B,"greyhound forelimb; location proximal; fascicle 104 mm, pennation 10 deg, PCSA 11.52 cm2; original study Williams et al. (2008); abbreviation expanded by Scout (check against Williams 2008)"
muscle_mass,forelimb,TBLO (triceps brachii long head),muscle mass,341.0,g,7,racing greyhound,31.4,dissection (compiled),"Bishop, Wright & Pierce 2021 PeerJ 9:e12574 Supplemental Data S2 (raw data compiled from Williams et al. 2008 and Ellis et al. 2018)",10.7717/peerj.12574,CC BY 4.0,table,B,"greyhound forelimb; location proximal; fascicle 65 mm, pennation 31 deg, PCSA 42.42 cm2; original study Williams et al. (2008); abbreviation expanded by Scout (check against Williams 2008)"
muscle_mass,forelimb,TBM (triceps brachii medial head),muscle mass,81.9,g,7,racing greyhound,31.4,dissection (compiled),"Bishop, Wright & Pierce 2021 PeerJ 9:e12574 Supplemental Data S2 (raw data compiled from Williams et al. 2008 and Ellis et al. 2018)",10.7717/peerj.12574,CC BY 4.0,table,B,"greyhound forelimb; location proximal; fascicle 80 mm, pennation 28 deg, PCSA 8.53 cm2; original study Williams et al. (2008); abbreviation expanded by Scout (check against Williams 2008)"
muscle_mass,forelimb,TBA (triceps brachii accessory head),muscle mass,42.1,g,7,racing greyhound,31.4,dissection (compiled),"Bishop, Wright & Pierce 2021 PeerJ 9:e12574 Supplemental Data S2 (raw data compiled from Williams et al. 2008 and Ellis et al. 2018)",10.7717/peerj.12574,CC BY 4.0,table,B,"greyhound forelimb; location proximal; fascicle 115 mm, pennation 11 deg, PCSA 3.39 cm2; original study Williams et al. (2008); abbreviation expanded by Scout (check against Williams 2008)"
muscle_mass,forelimb,AN (anconeus),muscle mass,6.3,g,7,racing greyhound,31.4,dissection (compiled),"Bishop, Wright & Pierce 2021 PeerJ 9:e12574 Supplemental Data S2 (raw data compiled from Williams et al. 2008 and Ellis et al. 2018)",10.7717/peerj.12574,CC BY 4.0,table,B,"greyhound forelimb; location distal; fascicle 16 mm, pennation 10 deg, PCSA 3.66 cm2; original study Williams et al. (2008); abbreviation expanded by Scout (check against Williams 2008)"
muscle_mass,forelimb,ECR (extensor carpi radialis),muscle mass,33.3,g,7,racing greyhound,31.4,dissection (compiled),"Bishop, Wright & Pierce 2021 PeerJ 9:e12574 Supplemental Data S2 (raw data compiled from Williams et al. 2008 and Ellis et al. 2018)",10.7717/peerj.12574,CC BY 4.0,table,B,"greyhound forelimb; location distal; fascicle 32 mm, pennation 37 deg, PCSA 7.84 cm2; original study Williams et al. (2008); abbreviation expanded by Scout (check against Williams 2008)"
muscle_mass,forelimb,ECU (extensor carpi ulnaris),muscle mass,9.4,g,7,racing greyhound,31.4,dissection (compiled),"Bishop, Wright & Pierce 2021 PeerJ 9:e12574 Supplemental Data S2 (raw data compiled from Williams et al. 2008 and Ellis et al. 2018)",10.7717/peerj.12574,CC BY 4.0,table,B,"greyhound forelimb; location distal; fascicle 16 mm, pennation 20 deg, PCSA 5.21 cm2; original study Williams et al. (2008); abbreviation expanded by Scout (check against Williams 2008)"
muscle_mass,forelimb,EDC (extensor digitorum communis),muscle mass,11.9,g,7,racing greyhound,31.4,dissection (compiled),"Bishop, Wright & Pierce 2021 PeerJ 9:e12574 Supplemental Data S2 (raw data compiled from Williams et al. 2008 and Ellis et al. 2018)",10.7717/peerj.12574,CC BY 4.0,table,B,"greyhound forelimb; location distal; fascicle 27 mm, pennation 37 deg, PCSA 3.32 cm2; original study Williams et al. (2008); abbreviation expanded by Scout (check against Williams 2008)"
muscle_mass,forelimb,EDLA (extensor digitorum lateralis),muscle mass,3.8,g,7,racing greyhound,31.4,dissection (compiled),"Bishop, Wright & Pierce 2021 PeerJ 9:e12574 Supplemental Data S2 (raw data compiled from Williams et al. 2008 and Ellis et al. 2018)",10.7717/peerj.12574,CC BY 4.0,table,B,"greyhound forelimb; location distal; fascicle 9 mm, pennation 41 deg, PCSA 3.01 cm2; original study Williams et al. (2008); abbreviation expanded by Scout (check against Williams 2008)"
muscle_mass,forelimb,APL (abductor pollicis longus),muscle mass,19.5,g,7,racing greyhound,31.4,dissection (compiled),"Bishop, Wright & Pierce 2021 PeerJ 9:e12574 Supplemental Data S2 (raw data compiled from Williams et al. 2008 and Ellis et al. 2018)",10.7717/peerj.12574,CC BY 4.0,table,B,"greyhound forelimb; location distal; fascicle 22 mm, pennation 30 deg, PCSA 7.24 cm2; original study Williams et al. (2008); abbreviation expanded by Scout (check against Williams 2008)"
muscle_mass,forelimb,PT (pronator teres),muscle mass,5.1,g,7,racing greyhound,31.4,dissection (compiled),"Bishop, Wright & Pierce 2021 PeerJ 9:e12574 Supplemental Data S2 (raw data compiled from Williams et al. 2008 and Ellis et al. 2018)",10.7717/peerj.12574,CC BY 4.0,table,B,"greyhound forelimb; location distal; fascicle 13 mm, pennation 20 deg, PCSA 3.48 cm2; original study Williams et al. (2008); abbreviation expanded by Scout (check against Williams 2008)"
muscle_mass,forelimb,FCR (flexor carpi radialis),muscle mass,9.6,g,7,racing greyhound,31.4,dissection (compiled),"Bishop, Wright & Pierce 2021 PeerJ 9:e12574 Supplemental Data S2 (raw data compiled from Williams et al. 2008 and Ellis et al. 2018)",10.7717/peerj.12574,CC BY 4.0,table,B,"greyhound forelimb; location distal; fascicle 25 mm, pennation 15 deg, PCSA 3.50 cm2; original study Williams et al. (2008); abbreviation expanded by Scout (check against Williams 2008)"
muscle_mass,forelimb,FCU (flexor carpi ulnaris),muscle mass,26.4,g,7,racing greyhound,31.4,dissection (compiled),"Bishop, Wright & Pierce 2021 PeerJ 9:e12574 Supplemental Data S2 (raw data compiled from Williams et al. 2008 and Ellis et al. 2018)",10.7717/peerj.12574,CC BY 4.0,table,B,"greyhound forelimb; location distal; fascicle 13 mm, pennation 55 deg, PCSA 10.99 cm2; original study Williams et al. (2008); abbreviation expanded by Scout (check against Williams 2008)"
muscle_mass,forelimb,FDP (flexor digitorum profundus),muscle mass,46.9,g,7,racing greyhound,31.4,dissection (compiled),"Bishop, Wright & Pierce 2021 PeerJ 9:e12574 Supplemental Data S2 (raw data compiled from Williams et al. 2008 and Ellis et al. 2018)",10.7717/peerj.12574,CC BY 4.0,table,B,"greyhound forelimb; location distal; fascicle 13 mm, pennation 29 deg, PCSA 29.77 cm2; original study Williams et al. (2008); abbreviation expanded by Scout (check against Williams 2008)"
muscle_mass,forelimb,FDS (flexor digitorum superficialis),muscle mass,18.3,g,7,racing greyhound,31.4,dissection (compiled),"Bishop, Wright & Pierce 2021 PeerJ 9:e12574 Supplemental Data S2 (raw data compiled from Williams et al. 2008 and Ellis et al. 2018)",10.7717/peerj.12574,CC BY 4.0,table,B,"greyhound forelimb; location distal; fascicle 12 mm, pennation 41 deg, PCSA 10.86 cm2; original study Williams et al. (2008); abbreviation expanded by Scout (check against Williams 2008)"
muscle_mass,forelimb,"TOTAL forelimb muscle (one limb, incl. extrinsic)",muscle mass,2301,g,7,racing greyhound,31.4,dissection (compiled),"Bishop, Wright & Pierce 2021 PeerJ 9:e12574 Supplemental Data S2 (raw data compiled from Williams et al. 2008 and Ellis et al. 2018)",10.7717/peerj.12574,CC BY 4.0,table,B,"7.33% of body mass per forelimb; proximal 2110 g, distal 191 g"
muscle_mass,hindlimb,TOTAL hindlimb muscle (one limb),muscle mass,1642,g,1,greyhound,27,"dissection, part back-calculated from PCSA","Bishop, Wright & Pierce 2021 PeerJ 9:e12574 Supplemental Data S2 (raw data compiled from Williams et al. 2008 and Ellis et al. 2018)",10.7717/peerj.12574,CC BY 4.0,table,B,"6.08% of body mass per hindlimb; proximal 1426 g, distal 216 g; greyhounds are hypermuscled (57% total muscle vs ~44% ordinary dogs)"
muscle_mass,hindlimb,greyhound hindlimb muscle architecture table,"PCSA + Fmax + fibre lengths, 29 muscles",,,8 greyhounds 27±5 kg (model from 1 dissection),greyhound,27,dissection,"Ellis, Rankin & Hutchinson 2018 Front Bioeng Biotechnol 6:162, Table 2",10.3389/fbioe.2018.00162,CC BY 4.0,table,B,"full per-muscle table in the paper and in the repo .osim (fetched/03); includes Williams 2008 Fmax comparison column; shoulder height 60.5±8 cm, hip height 61.6±3.9 cm, torso length 61.0±7 cm"
muscle_mass,hindlimb,Adductor longus,muscle volume (CT),1.7,cm3,1,Dachshund,5.4,CT segmentation,"Brown et al. 2020 Front Bioeng Biotechnol 8:150, Table 2",10.3389/fbioe.2020.00150,CC BY 4.0,table,B,"pennation 41 deg, L_opt 2.2 cm, tendon slack 0.7 cm, Fmax 13.3 N at sigma 22.5 N/cm2; biceps femoris and semimembranosus listed per compartment"
muscle_mass,hindlimb,Adductor magnus et brevis,muscle volume (CT),35.1,cm3,1,Dachshund,5.4,CT segmentation,"Brown et al. 2020 Front Bioeng Biotechnol 8:150, Table 2",10.3389/fbioe.2020.00150,CC BY 4.0,table,B,"pennation 4 deg, L_opt 3.9 cm, tendon slack 0.5 cm, Fmax 202.4 N at sigma 22.5 N/cm2; biceps femoris and semimembranosus listed per compartment"
muscle_mass,hindlimb,Biceps femoris (patellar),muscle volume (CT),13.1,cm3,1,Dachshund,5.4,CT segmentation,"Brown et al. 2020 Front Bioeng Biotechnol 8:150, Table 2",10.3389/fbioe.2020.00150,CC BY 4.0,table,B,"pennation 0 deg, L_opt 5.1 cm, tendon slack 5.5 cm, Fmax 57.5 N at sigma 22.5 N/cm2; biceps femoris and semimembranosus listed per compartment"
muscle_mass,hindlimb,Biceps femoris (tibial),muscle volume (CT),13.1,cm3,1,Dachshund,5.4,CT segmentation,"Brown et al. 2020 Front Bioeng Biotechnol 8:150, Table 2",10.3389/fbioe.2020.00150,CC BY 4.0,table,B,"pennation 0 deg, L_opt 4.7 cm, tendon slack 5.0 cm, Fmax 62.5 N at sigma 22.5 N/cm2; biceps femoris and semimembranosus listed per compartment"
muscle_mass,hindlimb,Biceps femoris (calcaneal),muscle volume (CT),13.1,cm3,1,Dachshund,5.4,CT segmentation,"Brown et al. 2020 Front Bioeng Biotechnol 8:150, Table 2",10.3389/fbioe.2020.00150,CC BY 4.0,table,B,"pennation 0 deg, L_opt 6.5 cm, tendon slack 6.9 cm, Fmax 45.5 N at sigma 22.5 N/cm2; biceps femoris and semimembranosus listed per compartment"
muscle_mass,hindlimb,Extensor digitorum lateralis,muscle volume (CT),0.3,cm3,1,Dachshund,5.4,CT segmentation,"Brown et al. 2020 Front Bioeng Biotechnol 8:150, Table 2",10.3389/fbioe.2020.00150,CC BY 4.0,table,B,"pennation 10 deg, L_opt 0.4 cm, tendon slack 10.0 cm, Fmax 17.7 N at sigma 22.5 N/cm2; biceps femoris and semimembranosus listed per compartment"
muscle_mass,hindlimb,Extensor digitorum longus,muscle volume (CT),4.2,cm3,1,Dachshund,5.4,CT segmentation,"Brown et al. 2020 Front Bioeng Biotechnol 8:150, Table 2",10.3389/fbioe.2020.00150,CC BY 4.0,table,B,"pennation 2 deg, L_opt 2.5 cm, tendon slack 9.2 cm, Fmax 38.0 N at sigma 22.5 N/cm2; biceps femoris and semimembranosus listed per compartment"
muscle_mass,hindlimb,Flexor digitorum profundus,muscle volume (CT),5.7,cm3,1,Dachshund,5.4,CT segmentation,"Brown et al. 2020 Front Bioeng Biotechnol 8:150, Table 2",10.3389/fbioe.2020.00150,CC BY 4.0,table,B,"pennation 33 deg, L_opt 1.5 cm, tendon slack 11.6 cm, Fmax 71.7 N at sigma 22.5 N/cm2; biceps femoris and semimembranosus listed per compartment"
muscle_mass,hindlimb,Flexor digitorum superficialis,muscle volume (CT),3.5,cm3,1,Dachshund,5.4,CT segmentation,"Brown et al. 2020 Front Bioeng Biotechnol 8:150, Table 2",10.3389/fbioe.2020.00150,CC BY 4.0,table,B,"pennation 30 deg, L_opt 1.6 cm, tendon slack 16.8 cm, Fmax 42.6 N at sigma 22.5 N/cm2; biceps femoris and semimembranosus listed per compartment"
muscle_mass,hindlimb,Gastrocnemius lateralis,muscle volume (CT),6.7,cm3,1,Dachshund,5.4,CT segmentation,"Brown et al. 2020 Front Bioeng Biotechnol 8:150, Table 2",10.3389/fbioe.2020.00150,CC BY 4.0,table,B,"pennation 17 deg, L_opt 2.5 cm, tendon slack 6.5 cm, Fmax 57.6 N at sigma 22.5 N/cm2; biceps femoris and semimembranosus listed per compartment"
muscle_mass,hindlimb,Gastrocnemius medialis,muscle volume (CT),5.0,cm3,1,Dachshund,5.4,CT segmentation,"Brown et al. 2020 Front Bioeng Biotechnol 8:150, Table 2",10.3389/fbioe.2020.00150,CC BY 4.0,table,B,"pennation 21 deg, L_opt 2.1 cm, tendon slack 6.6 cm, Fmax 50.0 N at sigma 22.5 N/cm2; biceps femoris and semimembranosus listed per compartment"
muscle_mass,hindlimb,Gemelli,muscle volume (CT),1.0,cm3,1,Dachshund,5.4,CT segmentation,"Brown et al. 2020 Front Bioeng Biotechnol 8:150, Table 2",10.3389/fbioe.2020.00150,CC BY 4.0,table,B,"pennation 1 deg, L_opt 0.7 cm, tendon slack 1.0 cm, Fmax 30.3 N at sigma 22.5 N/cm2; biceps femoris and semimembranosus listed per compartment"
muscle_mass,hindlimb,Gluteus medius,muscle volume (CT),26.2,cm3,1,Dachshund,5.4,CT segmentation,"Brown et al. 2020 Front Bioeng Biotechnol 8:150, Table 2",10.3389/fbioe.2020.00150,CC BY 4.0,table,B,"pennation 13 deg, L_opt 3.3 cm, tendon slack 1.3 cm, Fmax 175.6 N at sigma 22.5 N/cm2; biceps femoris and semimembranosus listed per compartment"
muscle_mass,hindlimb,Gluteus profundus,muscle volume (CT),2.4,cm3,1,Dachshund,5.4,CT segmentation,"Brown et al. 2020 Front Bioeng Biotechnol 8:150, Table 2",10.3389/fbioe.2020.00150,CC BY 4.0,table,B,"pennation 3 deg, L_opt 2.9 cm, tendon slack 0.5 cm, Fmax 18.9 N at sigma 22.5 N/cm2; biceps femoris and semimembranosus listed per compartment"
muscle_mass,hindlimb,Gluteus superficialis,muscle volume (CT),4.7,cm3,1,Dachshund,5.4,CT segmentation,"Brown et al. 2020 Front Bioeng Biotechnol 8:150, Table 2",10.3389/fbioe.2020.00150,CC BY 4.0,table,B,"pennation 13 deg, L_opt 4.4 cm, tendon slack 0.6 cm, Fmax 23.5 N at sigma 22.5 N/cm2; biceps femoris and semimembranosus listed per compartment"
muscle_mass,hindlimb,Gracilis,muscle volume (CT),9.4,cm3,1,Dachshund,5.4,CT segmentation,"Brown et al. 2020 Front Bioeng Biotechnol 8:150, Table 2",10.3389/fbioe.2020.00150,CC BY 4.0,table,B,"pennation 5 deg, L_opt 2.8 cm, tendon slack 5.8 cm, Fmax 76.6 N at sigma 22.5 N/cm2; biceps femoris and semimembranosus listed per compartment"
muscle_mass,hindlimb,Iliopsoas,muscle volume (CT),16.9,cm3,1,Dachshund,5.4,CT segmentation,"Brown et al. 2020 Front Bioeng Biotechnol 8:150, Table 2",10.3389/fbioe.2020.00150,CC BY 4.0,table,B,"pennation 6 deg, L_opt 2.7 cm, tendon slack 2.0 cm, Fmax 140.0 N at sigma 22.5 N/cm2; biceps femoris and semimembranosus listed per compartment"
muscle_mass,hindlimb,Obturator externus,muscle volume (CT),2.0,cm3,1,Dachshund,5.4,CT segmentation,"Brown et al. 2020 Front Bioeng Biotechnol 8:150, Table 2",10.3389/fbioe.2020.00150,CC BY 4.0,table,B,"pennation 1 deg, L_opt 2.2 cm, tendon slack 0.1 cm, Fmax 20.7 N at sigma 22.5 N/cm2; biceps femoris and semimembranosus listed per compartment"
muscle_mass,hindlimb,Obturator internus,muscle volume (CT),3.5,cm3,1,Dachshund,5.4,CT segmentation,"Brown et al. 2020 Front Bioeng Biotechnol 8:150, Table 2",10.3389/fbioe.2020.00150,CC BY 4.0,table,B,"pennation 0 deg, L_opt 3.3 cm, tendon slack 1.3 cm, Fmax 23.9 N at sigma 22.5 N/cm2; biceps femoris and semimembranosus listed per compartment"
muscle_mass,hindlimb,Pectineus,muscle volume (CT),1.3,cm3,1,Dachshund,5.4,CT segmentation,"Brown et al. 2020 Front Bioeng Biotechnol 8:150, Table 2",10.3389/fbioe.2020.00150,CC BY 4.0,table,B,"pennation 8 deg, L_opt 0.9 cm, tendon slack 2.5 cm, Fmax 31.5 N at sigma 22.5 N/cm2; biceps femoris and semimembranosus listed per compartment"
muscle_mass,hindlimb,Peroneus longus,muscle volume (CT),1.0,cm3,1,Dachshund,5.4,CT segmentation,"Brown et al. 2020 Front Bioeng Biotechnol 8:150, Table 2",10.3389/fbioe.2020.00150,CC BY 4.0,table,B,"pennation 10 deg, L_opt 0.7 cm, tendon slack 6.9 cm, Fmax 30.2 N at sigma 22.5 N/cm2; biceps femoris and semimembranosus listed per compartment"
muscle_mass,hindlimb,Popliteus,muscle volume (CT),1.1,cm3,1,Dachshund,5.4,CT segmentation,"Brown et al. 2020 Front Bioeng Biotechnol 8:150, Table 2",10.3389/fbioe.2020.00150,CC BY 4.0,table,B,"pennation 0 deg, L_opt 2.0 cm, tendon slack 0.4 cm, Fmax 12.4 N at sigma 22.5 N/cm2; biceps femoris and semimembranosus listed per compartment"
muscle_mass,hindlimb,Quadratus femoris,muscle volume (CT),1.8,cm3,1,Dachshund,5.4,CT segmentation,"Brown et al. 2020 Front Bioeng Biotechnol 8:150, Table 2",10.3389/fbioe.2020.00150,CC BY 4.0,table,B,"pennation 13 deg, L_opt 2.3 cm, tendon slack 0.5 cm, Fmax 28.9 N at sigma 22.5 N/cm2; biceps femoris and semimembranosus listed per compartment"
muscle_mass,hindlimb,Rectus femoris,muscle volume (CT),10.7,cm3,1,Dachshund,5.4,CT segmentation,"Brown et al. 2020 Front Bioeng Biotechnol 8:150, Table 2",10.3389/fbioe.2020.00150,CC BY 4.0,table,B,"pennation 11 deg, L_opt 3.7 cm, tendon slack 6.8 cm, Fmax 17.3 N at sigma 22.5 N/cm2; biceps femoris and semimembranosus listed per compartment"
muscle_mass,hindlimb,Sartorius caudalis,muscle volume (CT),1.8,cm3,1,Dachshund,5.4,CT segmentation,"Brown et al. 2020 Front Bioeng Biotechnol 8:150, Table 2",10.3389/fbioe.2020.00150,CC BY 4.0,table,B,"pennation 2 deg, L_opt 8.9 cm, tendon slack 2.5 cm, Fmax 4.6 N at sigma 22.5 N/cm2; biceps femoris and semimembranosus listed per compartment"
muscle_mass,hindlimb,Sartorius cranialis,muscle volume (CT),4.8,cm3,1,Dachshund,5.4,CT segmentation,"Brown et al. 2020 Front Bioeng Biotechnol 8:150, Table 2",10.3389/fbioe.2020.00150,CC BY 4.0,table,B,"pennation 3 deg, L_opt 11.3 cm, tendon slack 0.8 cm, Fmax 9.5 N at sigma 22.5 N/cm2; biceps femoris and semimembranosus listed per compartment"
muscle_mass,hindlimb,Semimembranosus (tibial),muscle volume (CT),17.0,cm3,1,Dachshund,5.4,CT segmentation,"Brown et al. 2020 Front Bioeng Biotechnol 8:150, Table 2",10.3389/fbioe.2020.00150,CC BY 4.0,table,B,"pennation 0 deg, L_opt 7.0 cm, tendon slack 0.4 cm, Fmax 54.5 N at sigma 22.5 N/cm2; biceps femoris and semimembranosus listed per compartment"
muscle_mass,hindlimb,Semimembranosus (femoral),muscle volume (CT),9.2,cm3,1,Dachshund,5.4,CT segmentation,"Brown et al. 2020 Front Bioeng Biotechnol 8:150, Table 2",10.3389/fbioe.2020.00150,CC BY 4.0,table,B,"pennation 0 deg, L_opt 5.8 cm, tendon slack 0.3 cm, Fmax 35.6 N at sigma 22.5 N/cm2; biceps femoris and semimembranosus listed per compartment"
muscle_mass,hindlimb,Semitendinosus,muscle volume (CT),15.6,cm3,1,Dachshund,5.4,CT segmentation,"Brown et al. 2020 Front Bioeng Biotechnol 8:150, Table 2",10.3389/fbioe.2020.00150,CC BY 4.0,table,B,"pennation 0 deg, L_opt 6.3 cm, tendon slack 2.8 cm, Fmax 55.7 N at sigma 22.5 N/cm2; biceps femoris and semimembranosus listed per compartment"
muscle_mass,hindlimb,Tensor fascia lata,muscle volume (CT),6.2,cm3,1,Dachshund,5.4,CT segmentation,"Brown et al. 2020 Front Bioeng Biotechnol 8:150, Table 2",10.3389/fbioe.2020.00150,CC BY 4.0,table,B,"pennation 12 deg, L_opt 4.1 cm, tendon slack 6.0 cm, Fmax 33.5 N at sigma 22.5 N/cm2; biceps femoris and semimembranosus listed per compartment"
muscle_mass,hindlimb,Tibialis cranialis,muscle volume (CT),3.5,cm3,1,Dachshund,5.4,CT segmentation,"Brown et al. 2020 Front Bioeng Biotechnol 8:150, Table 2",10.3389/fbioe.2020.00150,CC BY 4.0,table,B,"pennation 13 deg, L_opt 2.7 cm, tendon slack 4.0 cm, Fmax 28.1 N at sigma 22.5 N/cm2; biceps femoris and semimembranosus listed per compartment"
muscle_mass,hindlimb,Vastus lateralis and intermedius,muscle volume (CT),19.2,cm3,1,Dachshund,5.4,CT segmentation,"Brown et al. 2020 Front Bioeng Biotechnol 8:150, Table 2",10.3389/fbioe.2020.00150,CC BY 4.0,table,B,"pennation 10 deg, L_opt 4.3 cm, tendon slack 4.6 cm, Fmax 99.0 N at sigma 22.5 N/cm2; biceps femoris and semimembranosus listed per compartment"
muscle_mass,hindlimb,Vastus medialis,muscle volume (CT),8.2,cm3,1,Dachshund,5.4,CT segmentation,"Brown et al. 2020 Front Bioeng Biotechnol 8:150, Table 2",10.3389/fbioe.2020.00150,CC BY 4.0,table,B,"pennation 13 deg, L_opt 4.1 cm, tendon slack 5.2 cm, Fmax 43.7 N at sigma 22.5 N/cm2; biceps femoris and semimembranosus listed per compartment"
muscle_mass,hindlimb,"whole hindlimb (29 muscles, PCSA + architecture)",study exists; PCSA and architectural index per muscle,,,1,mixed-breed,23,dissection,Shahar & Milgram 2001 Am J Vet Res 62:928-933,10.2460/ajvr.2001.62.928,closed,fact,B,"source of the Stark 2021 hindlimb muscle parameters; one healthy adult male dog, 23 kg; tables not open"
muscle_mass,forelimb,whole forelimb (44 muscles),study exists; morphometry per muscle,,,4,crossbred,,dissection,Shahar & Milgram 2005 J Morphol 263:107-117,10.1002/jmor.10295,closed,fact,B,source of the Stark 2021 forelimb muscle parameters; body masses not in abstract
muscle_mass,whole body,total skeletal muscle,muscle as % of live body mass,57,%,,greyhound,,carcass dissection,"Gunn 1978 (cited in Proc Nutr Soc 1985 S0029665185000489 and Gunn PhD thesis, era.ed.ac.uk/handle/1842/29789)",10.1079/PNS19850018 (citing review); thesis hdl: 1842/27478,closed,fact,C,most mammals ~40-44% per the same sources; citation chain second-hand: verify against the original before shipping | DOI added 2026-10-08: Gunn 1978 J Anat 127:615-24 has no DOI of its own; cited via Mathieu & co review PNS 1985 and the Edinburgh thesis record. Original still unverified (C).
muscle_mass,limbs,"limb muscle distribution, running vs fighting breeds","greyhounds have less distal limb muscle, weaker fore than hind",,,,greyhound vs pit bull,,dissection,Pasi & Carrier 2003 J Evol Biol 16:324-332,10.1046/j.1420-9101.2003.00512.x,closed,fact,B,qualitative from abstract; per-muscle tables not open
muscle_mass,hindlimb,cheetah vs greyhound hindlimb,cheetah has SMALLER hip extensor volume than greyhound; powers acceleration from back muscles,,,,cheetah vs greyhound,,dissection,Hudson et al. 2011 J Anat 218:363-374 (hindlimb); 218:375-385 (forelimb),10.1111/j.1469-7580.2010.01310.x,"closed (free to read in PMC, no licence)",fact,B,"supports giving a wolf large epaxials, not greyhound-grade hip extensors; tables not fetched (PMC XML restricted, Wiley blocked)"
muscle_mass,limbs,gray wolf whole-limb inertial data,body mass of dissected wolves,30.77,kg,7,gray wolf (Minnesota),30.77,cadaver limb dissection (whole-limb mass incl. bone),"Kilbourne & Hoffman 2013 PLoS ONE 8:e78392, Table 1",10.1371/journal.pone.0078392,CC BY,table,B,"also coyote n=2 11.49 kg, red fox 3.59 kg, gray fox n=4 3.75 kg, African hunting dog 22.05 kg; limb MASS (not muscle-only): mammal hindlimb mass = 10^-1.15 * BM^1.03 kg, forelimb similar isometry (Tables 4); per-species limb masses are in the paper supplement (not fetched)"
muscle_mass,limbs,"whole-limb muscle, amniote scaling",total limb muscle mass scaling,"Σm_muscle ∝ BM^1.0 (fore intercept -1.55, hind -1.28, log10 kg)",,32 spp,amniotes incl. greyhound,,literature compilation,"Bishop, Wright & Pierce 2021 PeerJ 9:e12574, Table 6",10.7717/peerj.12574,CC BY 4.0,table,B,"pan-amniote pGLS: hindlimb muscle ≈ 0.0529*BM^0.98 kg (~5.3% per limb), forelimb ≈ 0.0284*BM^1.00 (~2.8%, dominated by non-cursors; the greyhound forelimb is 7.3%)"
specific_tension,,dog hindlimb model,maximal isometric muscle stress,0.3,MPa,,greyhound,27,"model assumption, standard refs","Ellis, Rankin & Hutchinson 2018 (300 kN m-2; citing Sacks & Roy 1982, Alexander & Ker 1990, Williams et al. 2008)",10.3389/fbioe.2018.00162,CC BY 4.0,table,A,same value as our sigma = 0.3 MPa; Williams 2008 greyhound papers used the same
specific_tension,,dog pelvic limb model,specific tension,0.225,MPa,,Dachshund,5.4,model assumption,"Brown et al. 2020 (22.5 N/cm2, citing Spector 1980, Brown 1982, Roy 1982, Powell 1984)",10.3389/fbioe.2020.00150,CC BY 4.0,table,B,lower alternative used with CT muscle volumes
specific_tension,,muscle density,density,1.06,g/cm3,,canine data,,literature,"Brown et al. 2020 (canine tissue densities after Gong 1964, Ragetly 2008); Ellis 2018 uses 1060 kg/m3 for whole segments",10.3389/fbioe.2020.00150,CC BY 4.0,table,A,"classic mammalian value 1.0597 g/cm3 (Mendez & Keys 1960, fact); fat 0.95, cortical bone 2.00 g/cm3 in the same table"
specific_tension,,Stark 2021 model scaling,body mass the muscle forces are scaled to,13.81,kg,1,Beagle (Simon),13.81,paper full text + .osim comparison,Stark et al. 2021 Sci Rep 11:11335 (CC BY): muscle parameters from Shahar & Milgram and Williams et al. 'linearly scaled to the body mass of a Beagle' via log mass-PCSA relations (Suppl. 6 SFig. 3-4),10.1038/s41598-021-90058-0,CC BY 4.0,table,A,"VERIFIED in the repo files: every Fmax is byte-identical between stark_full_linear_spezzoo.osim (Shepherd geometry) and stark_beagle_fore_verified.osim, and the full model body masses sum to exactly 13.81 kg. The 'Shepherd-sized' full model carries BEAGLE-scaled forces and masses. Sum of all Fmax (151 real muscles) = 22.7 kN"
abdominal_wall,abdomen,"external/internal oblique, transversus, rectus",layer thickness,,mm,,dog,,,NONE FOUND OPEN,,,gap,,"searched Europe PMC (TAP/QL block papers, cadaver studies) and web; dog TAP studies report dye spread, never layer thickness; the only open layer measurements are cats (PMC9559481, PMC12041698) and rabbits (PMC10931383). Closest dog proxy below"
abdominal_wall,abdomen,"abdominal wall, cat (proxy)",TAP block injectate spread (lateral + subcostal approaches),"71-87 cranial-caudal, 55-58 ventral-dorsal",mm,12,cat cadavers,,ultrasound + CT,Garbin et al. 2022 Animals 12:2674,10.3390/ani12192674,CC BY 4.0,table,C,"cat, not dog; useful only as an order-of-magnitude anatomy reference for the three-layer wall"
abdominal_wall,abdomen,ventral abdominal subcutaneous fat (SAT at linea alba),CT linear SAT regression vs CTV subcutaneous fat %,"SAT correlates r=0.44; dogs n=205, tertiary hospital",,205,mixed,,CT,"BMC Vet Res 2026, abdominal visceral vs subcutaneous fat distribution",10.1186/s12917-026-05503-x,CC BY 4.0,table,C,"defines cranial abdominal height-width ratio measurement (internal, within costal arch); no mean SAT mm in tables; raw values not published"
body_widths,trunk/neck,withers height,height,64.82,cm,77,Kyrgyz Taigan (sighthound),20.94,caliper/tape on live dogs,"Kyrgyz Taigan morphometrics, Vet Med Sci 2025",10.1002/vms3.70409,CC BY 4.0,table,B,"fraction of withers height 1.00. n=77, 20.9 kg sighthound-type; male 66.2, female 62.9"
body_widths,trunk/neck,chest depth (sternum-withers),depth,30.66,cm,77,Kyrgyz Taigan (sighthound),20.94,caliper/tape on live dogs,"Kyrgyz Taigan morphometrics, Vet Med Sci 2025",10.1002/vms3.70409,CC BY 4.0,table,B,fraction of withers height 0.473. caliper; matches repo chest-floor 0.47 WH
body_widths,trunk/neck,chest width,width,12.49,cm,77,Kyrgyz Taigan (sighthound),20.94,caliper/tape on live dogs,"Kyrgyz Taigan morphometrics, Vet Med Sci 2025",10.1002/vms3.70409,CC BY 4.0,table,B,fraction of withers height 0.193. caliper at widest ribs; sighthounds are narrow - wolf EST 0.19-0.22 WH
body_widths,trunk/neck,chest circumference,circumference,69.3,cm,77,Kyrgyz Taigan (sighthound),20.94,caliper/tape on live dogs,"Kyrgyz Taigan morphometrics, Vet Med Sci 2025",10.1002/vms3.70409,CC BY 4.0,table,B,fraction of withers height 1.069. 
body_widths,trunk/neck,waist (abdominal) circumference,circumference,49.88,cm,77,Kyrgyz Taigan (sighthound),20.94,caliper/tape on live dogs,"Kyrgyz Taigan morphometrics, Vet Med Sci 2025",10.1002/vms3.70409,CC BY 4.0,table,B,fraction of withers height 0.770. behind last rib
body_widths,trunk/neck,neck circumference,circumference,34.18,cm,77,Kyrgyz Taigan (sighthound),20.94,caliper/tape on live dogs,"Kyrgyz Taigan morphometrics, Vet Med Sci 2025",10.1002/vms3.70409,CC BY 4.0,table,B,fraction of withers height 0.527. mid-neck; equivalent circular diameter 10.9 cm = 0.168 WH
body_widths,trunk/neck,head length,length,25.27,cm,77,Kyrgyz Taigan (sighthound),20.94,caliper/tape on live dogs,"Kyrgyz Taigan morphometrics, Vet Med Sci 2025",10.1002/vms3.70409,CC BY 4.0,table,B,fraction of withers height 0.390. matches repo wolf head 0.39 WH
body_widths,trunk/neck,rump height,height,65.27,cm,77,Kyrgyz Taigan (sighthound),20.94,caliper/tape on live dogs,"Kyrgyz Taigan morphometrics, Vet Med Sci 2025",10.1002/vms3.70409,CC BY 4.0,table,B,fraction of withers height 1.007. 
body_widths,trunk/neck,body length,length,64.36,cm,77,Kyrgyz Taigan (sighthound),20.94,caliper/tape on live dogs,"Kyrgyz Taigan morphometrics, Vet Med Sci 2025",10.1002/vms3.70409,CC BY 4.0,table,B,fraction of withers height 0.993. point of shoulder to ischium
body_widths,thorax,"thoracic depth/width ratio (internal, CT)",TD/TW classification,"broad <0.75, normal 0.75-1.25, deep >1.25; TD at deepest sternum-vertebrae, TW between medial borders of 8th ribs",ratio,115,"mixed, 17.6 kg mean",17.58,CT,Soeratanapant et al. 2024 Vet World 17:2635-2643,10.14202/vetworld.2024.2635-2643,CC BY (Vet World open access),table,B,"normal VHS 9.17±0.12 v (lateral), deep-chested 8.85; wolf is a normal-to-deep thorax: use TD/TW ≈ 1.0-1.25 internal"
body_widths,hindlimb,thigh total cross-section at mid-femur (F50),"muscle CSA (median, IQR)",3342 (2083-4183); total CSA 4517 (3159-5301),mm2,39 dogs / 76 limbs,"mixed small-medium, median 8.0 kg",8.0,CT,"Front Vet Sci 2026, hindlimb muscle condition score",10.3389/fvets.2026.1854592,CC BY 4.0,table,B,muscle CSA rises ~206 mm2 per kg body mass at F50 (LMM within this small-dog sample); muscle/total ratio 78% at F50; equivalent circular thigh width at F50 ≈ 76 mm for 8 kg
body_widths,trunk,sled dog girths,withers height; chest circ; pelvic circ,Hwi 54-59 cm; CC 65-71 cm (1.20 WH); PC 47-53 cm,cm,27,long-distance sled dogs (husky type),22,"tape, live dogs","Vet Sci 2025 sled dog BCS validation, Table 2",10.3390/vetsci12080766,CC BY 4.0,table,B,athletic BCS 4-5 dogs ~22 kg: the best open body-shape proxy for a lean working wolf-sized dog; CC/Hwi ≈ 1.17-1.20 vs Taigan 1.07
body_widths,neck,"cervical epaxial vs hypaxial muscle, C1-C2",dorsal-to-ventral muscle CSA ratio,3.5-4.2 (controls),ratio,49,small breeds (<10 kg),,CT,"Vet Comp Orthop Traumatol 2022, paraspinal musculature with/without AAI",10.1055/s-0042-1748860,CC BY-NC-ND,fact,B,dorsal neck muscle mass ~4x ventral at the atlas/axis: put the neck bulk dorsal to the cervical spine
skin_fat,whole body,skin total thickness range,thickness,0.5-5,mm,,dog (textbook),,literature,veterinary dermatology references (e.g. J Hellenic Vet Med Soc review; Theerawatanasirikul 2012 10.4142/jvs.2012.13.2.163),10.4142/jvs.2012.13.2.163,CC BY-NC (jvs),fact,B,"thickest: forehead, dorsal neck, dorsal thorax, rump, tail base; thinnest: pinnae, axilla, inguinal, ventral abdomen; thicker dorsal than ventral, proximal than distal"
skin_fat,trunk,skin total thickness by breed,thickness (mean±SE),0.97 (Beagle) to 3.10 (Doberman); Dachshund 1.32,mm,8 breeds,"8 breeds incl. GSD, Labrador",,Vernier caliper + histology,Sumena et al. 2025 J Indian Vet Assoc 23(2):54-65,10.55296/JIVA/23.2.2025.54-65,unclear (facts only),fact,B,dermis 947-2800 um dominates; epidermis 29-85 um (1.5-7% of total)
skin_fat,trunk,subcutaneous fat by breed,thickness,"0.40 (Pug) to 7.50 (Doberman); Beagle 2.18, Dachshund 3.91",mm,8 breeds,8 breeds,,Vernier caliper,"Sumena et al. 2025 JIVA 23(2):54-65, Table 5",10.55296/JIVA/23.2.2025.54-65,unclear (facts only),fact,B,site not specified per region
skin_fat,trunk/limb,chest (behind elbow),subcutaneous fat (ultrasound) / skinfold (plicometer),US 2.2-3.5; fold 8.0-12.9 (double fold),mm,27,sled dogs BCS 4-7,22,real-time ultrasound + plicometry,"Vet Sci 2025 sled dog BCS validation, Table 2",10.3390/vetsci12080766,CC BY 4.0,table,B,lean athletic ~22 kg dogs: closest proxy for a lean wolf; halve the fold for one-side skin+fat
skin_fat,trunk/limb,flank,subcutaneous fat (ultrasound) / skinfold (plicometer),US 2.7-4.5; fold 7.2-11.6,mm,27,sled dogs BCS 4-7,22,real-time ultrasound + plicometry,"Vet Sci 2025 sled dog BCS validation, Table 2",10.3390/vetsci12080766,CC BY 4.0,table,B,lean athletic ~22 kg dogs: closest proxy for a lean wolf; halve the fold for one-side skin+fat
skin_fat,trunk/limb,"lumbar (L3-L5, off midline)",subcutaneous fat (ultrasound) / skinfold (plicometer),US 4.1-8.2; fold 8.4-12.2,mm,27,sled dogs BCS 4-7,22,real-time ultrasound + plicometry,"Vet Sci 2025 sled dog BCS validation, Table 2",10.3390/vetsci12080766,CC BY 4.0,table,B,lean athletic ~22 kg dogs: closest proxy for a lean wolf; halve the fold for one-side skin+fat
skin_fat,trunk/limb,medial thigh,subcutaneous fat (ultrasound) / skinfold (plicometer),US 2.1-2.6; fold ,mm,27,sled dogs BCS 4-7,22,real-time ultrasound + plicometry,"Vet Sci 2025 sled dog BCS validation, Table 2",10.3390/vetsci12080766,CC BY 4.0,table,B,lean athletic ~22 kg dogs: closest proxy for a lean wolf; halve the fold for one-side skin+fat
skin_fat,trunk/limb,forechest,subcutaneous fat (ultrasound) / skinfold (plicometer),US ; fold 7.3-13.0,mm,27,sled dogs BCS 4-7,22,real-time ultrasound + plicometry,"Vet Sci 2025 sled dog BCS validation, Table 2",10.3390/vetsci12080766,CC BY 4.0,table,B,lean athletic ~22 kg dogs: closest proxy for a lean wolf; halve the fold for one-side skin+fat
skin_fat,trunk/limb,inguinal fold,subcutaneous fat (ultrasound) / skinfold (plicometer),US ; fold 4.3-6.7,mm,27,sled dogs BCS 4-7,22,real-time ultrasound + plicometry,"Vet Sci 2025 sled dog BCS validation, Table 2",10.3390/vetsci12080766,CC BY 4.0,table,B,lean athletic ~22 kg dogs: closest proxy for a lean wolf; halve the fold for one-side skin+fat
skin_fat,head/limbs,epidermis by site,relative thickness,"thickest digital web, thinnest axilla",,27,5 breeds,,histology,Theerawatanasirikul et al. 2012 J Vet Sci 13:163,10.4142/jvs.2012.13.2.163,CC BY-NC,fact,B,"epidermis is tens of um: irrelevant to silhouette, matters only for texture"
epaxial,lumbar,"epaxial muscle CSA at mid-L3 (one side, visual)","CSA normalised by L4 vertebral length (median, IQR)",66.7 (48.0-85.9) controls; 50.3 (36.2-67.8) hypercortisolism,mm2/mm,66 controls,"small breeds, median 7.0 kg",7.0,CT,Yoshida et al. 2024 J Vet Intern Med 38:1334-1344,10.1111/jvim.17065,CC BY-NC (facts only),fact,B,"healthy epaxial CSA ≈ 67 x L4-length mm2 per side in small dogs; NOT scale-free (CSA/L grows ~linearly with size), so treat as a small-dog anchor; attenuation 33.2 HU controls"
epaxial,lumbar,lumbar epaxial attenuation,"mean HU, controls L1-L3",51.8-54.2,HU,30,"French bulldog, Bichon, mixed",,CT,"Animals 2025, attenuation of lumbar epaxial musculature",10.3390/ani15101468,CC BY 4.0,table,B,quality (fat infiltration) not size
epaxial,thoracolumbar,longissimus + multifidus,"CSA and fat infiltration, IVDD vs non-compressive",CSA smaller with compressive IVDD (p=0.015 multifidi),,30,large breeds,,MRI,Boström et al. 2022 Res Vet Sci,10.1016/j.rvsc.2022.03.011,closed,fact,C,no absolute CSA in abstract; confirms longissimus+multifidus are the measured epaxial compartments
epaxial,lumbar,erector spinae complex composition and position,anatomy,"longissimus lumborum + iliocostalis lumborum merge into one thick muscle lateral to multifidus; complex sits dorsal to the transverse processes, wrapped in thoracolumbar fascia",,,dog/cat ESP-block anatomy,,dissection + ultrasound,"Animals 2025 lumbar ESP block (10.3390/ani15152157, cats) + canine ESP refs therein (Portela 2020 10.1016/j.vaa.2019.10.005)",10.3390/ani15152157,CC BY 4.0,table,B,"lateral extent: iliocostalis is the most lateral, reaching the transverse-process tips / rib angles; model the lumbar epaxial mass as filling spinous process to transverse-process tip"
epaxial,dorsal midline,spinous process tips vs epaxial bulk,do the epaxials rise above the spinous process tips?,"NO: only skin, subcutaneous fat and thoracolumbar fascia cover the dorsal midline; the tips stay palpable in normal-condition dogs",,,dog,,BCS palpation standard + ESP dissection,"WSAVA BCS protocol as applied in Vet Sci 2025 sled-dog study (palpation over lumbar vertebrae and all bony prominences, 10.3390/vetsci12080766); ESP dissections open the midline through skin/fat/fascia only (10.3390/ani15152157)",10.3390/vetsci12080766,CC BY 4.0,table,B,"CONFIRMED for the render fix: epaxial dorsal surface slopes from just below the spinous tips laterally; in heavy coat the fur can stand above the tips, muscle must not"
epaxial,thoracolumbar,epaxial muscle mass (dissection),mass in grams,,g,,,,,NONE FOUND OPEN,,,gap,,"no open canid epaxial dissection masses; Stark longissimus/iliocostalis/QL/sacrocaudalis are placeholders (Fmax 1 N: excluded); leads: E.L. Webster RVC greyhound spine thesis (worktribe 1405533, licence unknown); Hudson 2011 says cheetah accelerates from back muscles (closed)"
epaxial,neck,cervical dorsal muscle CSA,"dorsal muscle CSA normalised to C2 height, controls","143 (C1 level), 164 (C1-C2), 258 (C2 mid)",mm2/mm,47-49,small breeds,,CT,VCOT 2022 paraspinal musculature AAI study,10.1055/s-0042-1748860,CC BY-NC-ND,fact,B,with the 3.5-4.2 dorsal:ventral ratio this sizes the nape in small dogs; scale with vertebra size
