level_or_station,quantity,value,unit,measure_type,n,breed_or_species,body_mass_kg,method,source,doi,licence,use,confidence,notes
T8 (medial borders of 8th ribs at most lateral curvature),thoracic width TW,13.21 ± 1.28,cm,internal,20,Indian Spitz,11.87,DV radiograph,"Bodh et al. 2016, Vet World 9:371-376, Table 5",10.14202/vetworld.2016.371-376,CC BY 4.0 (data CC0),table,B,"radiographic: small VD magnification (~5-10%) inflates slightly; table printed unitless, cm per the methods"
T8 (medial borders of 8th ribs),thoracic width TW,16.59 ± 1.49,cm,internal,20,Mongrel (Indian),16.25,DV radiograph,"Bodh et al. 2016, Vet World 9:371-376, Table 5",10.14202/vetworld.2016.371-376,CC BY 4.0 (data CC0),table,B,
T8 (medial borders of 8th ribs),thoracic width TW,19.68 ± 1.99,cm,internal,20,Labrador retriever,27.31,DV radiograph,"Bodh et al. 2016, Vet World 9:371-376, Table 5",10.14202/vetworld.2016.371-376,CC BY 4.0 (data CC0),table,B,"Lab WH ~55-57 cm: internal TW ~0.34 WH; Labs are broad-chested"
xiphoid level (cranial edge of xiphoid to ventral vertebral column),thoracic depth TD,10.86 ± 1.37,cm,internal,20,Indian Spitz,11.87,lateral radiograph,"Bodh et al. 2016, Vet World 9:371-376, Table 5",10.14202/vetworld.2016.371-376,CC BY 4.0 (data CC0),table,B,
xiphoid level,thoracic depth TD,15.38 ± 1.53,cm,internal,20,Mongrel (Indian),16.25,lateral radiograph,"Bodh et al. 2016, Vet World 9:371-376, Table 5",10.14202/vetworld.2016.371-376,CC BY 4.0 (data CC0),table,B,
xiphoid level,thoracic depth TD,17.70 ± 2.00,cm,internal,20,Labrador retriever,27.31,lateral radiograph,"Bodh et al. 2016, Vet World 9:371-376, Table 5",10.14202/vetworld.2016.371-376,CC BY 4.0 (data CC0),table,B,
T8 vs xiphoid,TD/TW ratio,0.82 / 0.93 / 0.89,ratio,internal,60,Spitz / Mongrel / Labrador,11.9-27.3,radiograph,"Bodh et al. 2016, Vet World 9:371-376",10.14202/vetworld.2016.371-376,CC BY 4.0,table,B,"ordinary dogs: internal width SLIGHTLY GREATER than internal depth at these levels"
T8,thoracic width TW,17.97 ± 0.47,cm,internal,15,German Shepherd,,VD radiograph,"Haryana Veterinarian 61(SI):56-59 (2022), thoracic radiographic reference values in GSD, Table 1 group II",,no licence statement (treat closed),fact,C,"group II = age >6 months (may include subadults; weights not tabulated); same 8th-rib medial-border landmark; TD/TW ~1.0"
xiphoid level,thoracic depth TD,18.50 ± 0.40 (right) / 17.33 ± 1.16 (left),cm,internal,15,German Shepherd,,lateral radiograph,"Haryana Veterinarian 61(SI):56-59 (2022), Table 1 group II",,closed,fact,C,"GSD internal TD ≈ 0.6 x external chest depth (GSD external ~0.47-0.5 WH): spinous processes + vertebral bodies + sternum + skin make up the rest"
T8,TD/TW classification,"broad <0.75, normal 0.75-1.25, deep >1.25; TD at xiphoid, TW between medial borders of 8th ribs (greatest dimension), measured on CT reconstructions",ratio,internal,115,"mixed, 115 dogs",,CT,"Soeratanapant et al. 2024, Vet World 17:2635-2643",10.14202/vetworld.2024.2635-2643,CC BY 4.0,table,B,"IMPORTANT: ratio is depth OVER width; only 6/115 dogs were 'deep' (>1.25): 3 mixed, 2 German Shepherd, 1 Italian Greyhound; other GSDs in this study measured BROAD (<0.75); most dogs sit 0.7-1.0"
T8,TD/TW breed means,"Pug 0.75, Pomeranian 0.75, Yorkshire 0.70, Dachshund 0.83, Bulldog 0.77, Shih Tzu 0.79, Lhasa Apso 0.80, Boston 0.78",ratio,internal,,8 small breeds,,radiograph,"Jepsen-Grant et al. 2013 Vet Radiol Ultrasound 54:3-8, as quoted in Soeratanapant 2024 (CC BY)",10.1111/vru.12004,closed (cited via CC BY text),fact,B,"even 'deep-chested' Dachshund is 0.83: internal depth rarely exceeds internal width except in extreme sighthounds"
cranial chest (just behind caput humeri),chest width,12.49 (0.193 WH),cm,skin,77,Kyrgyz Taigan (sighthound),20.94,caliper/stick on live dogs,"Ari et al. 2025, Vet Med Sci 11:e70409 (PMC12077753)",10.1002/vms3.70409,PMC states CC BY-NC-ND 4.0 (scout-14 recorded CC BY: Atlas should recheck),fact,B,"CORRECTION to scout/14: methods define chest width as 'horizontal measurement taken just behind the caput humeri' = CRANIAL chest at the shoulder joints, NOT the widest ribs (T8-T11). 0.19 WH is the narrow front station, apples-to-oranges vs a T8-T11 mesh width"
withers-sternum,chest depth,30.66 (0.473 WH),cm,skin,77,Kyrgyz Taigan,20.94,measuring stick,"Ari et al. 2025, Vet Med Sci 11:e70409",10.1002/vms3.70409,see above,fact,B,"external skin depth incl. withers soft tissue; internal TD ≈ 0.6 x this (GSD chain above)"
whole thorax,Stark full-model thorax mesh bony extents,"width 187.5, depth 221.6, length 339.7; WH 616.8 → width 0.304 WH",mm,bony external,1 model,"Stark 2021 'full linear' (Shepherd-sized, Beagle CT bones stretched: trunk x1.25)",,own trimesh measurement of ref/research/scout/10-stark-meshes/meshes/thorax.glb,"Stark et al. 2021 Sci Rep 11:11335, model files MIT",10.1038/s41598-021-90058-0,MIT (model) / CC BY (paper),table,A,"measured 2026-10-08; axis X=left-right, Y=cranio-caudal, Z=dorso-ventral; depth includes spinous processes and sternum; bony depth:width at widest slice ≈ 1.05-1.13"
whole thorax,Stark Beagle thorax mesh bony extents (full x0.8 trunk scale),"width 150.0, depth 177.3; WH 356 → width 0.421 WH",mm,bony external,1 model,Beagle (Stark verified model; CT subject 13.81 kg),13.81,own measurement (mesh x0.8),"Stark et al. 2021 Sci Rep 11:11335",10.1038/s41598-021-90058-0,MIT,table,A,"the UNSCALED source mesh is NOT at fault: 150 mm bony width matches a real 13.8 kg dog (Spitz 11.9 kg internal TW 132 mm + ribs); Beagles are broad-chested AND short-legged, hence the huge 0.42 WH fraction"
station 0.03 of thorax length (rib 1),mesh width / max width,0.17,fraction,bony external,1 model,Stark full model,,own measurement (20 slices along Y),Stark 2021 thorax.glb,10.1038/s41598-021-90058-0,MIT,table,A,width profile cranial→caudal; thorax length 339.7 mm
station 0.13,mesh width / max width,0.41,fraction,bony external,1 model,Stark full model,,own measurement,Stark 2021 thorax.glb,10.1038/s41598-021-90058-0,MIT,table,A,
station 0.23,mesh width / max width,0.56,fraction,bony external,1 model,Stark full model,,own measurement,Stark 2021 thorax.glb,10.1038/s41598-021-90058-0,MIT,table,A,
station 0.33,mesh width / max width,0.74,fraction,bony external,1 model,Stark full model,,own measurement,Stark 2021 thorax.glb,10.1038/s41598-021-90058-0,MIT,table,A,
station 0.43,mesh width / max width,0.84,fraction,bony external,1 model,Stark full model,,own measurement,Stark 2021 thorax.glb,10.1038/s41598-021-90058-0,MIT,table,A,
station 0.53,mesh width / max width,0.89,fraction,bony external,1 model,Stark full model,,own measurement,Stark 2021 thorax.glb,10.1038/s41598-021-90058-0,MIT,table,A,
station 0.63,mesh width / max width,0.95,fraction,bony external,1 model,Stark full model,,own measurement,Stark 2021 thorax.glb,10.1038/s41598-021-90058-0,MIT,table,A,
station 0.73-0.93 (ribs ~9-13),mesh width / max width,0.99-1.00 (plateau; depth tapers from station ~0.8 while width holds),fraction,bony external,1 model,Stark full model,,own measurement,Stark 2021 thorax.glb,10.1038/s41598-021-90058-0,MIT,table,A,"widest region is the caudal third (~ribs 9-11, roughly T8-T11 heads), matching Firefly's observed widest station"
mid-thorax,wolf mean rib length (arc),237,mm,bony,2,Canis lupus (adult males),,osteology (Law 2025 via repo),ref/research/skeleton/REPORT.md §3,,already in repo,fact,B,"rib arc length alone cannot pin width: the ventral third of the thoracic hoop is costal cartilage of unknown length, so 237 mm is consistent with bony widths anywhere ~0.20-0.30 WH; not a decisive check"
widest level (~ribs 9-11 / T8-T11),RECOMMENDED wolf bony rib-cage full width,0.26 (band 0.24-0.28),fraction of WH,bony external,,Canis lupus ~32-40 kg; WH ~0.75 m,32-40,derived: GSD internal TW 18 cm minus ~5-10% radiographic magnification plus 2 rib thicknesses ≈ 18-19 cm bony; wolf WH 75 cm and wolves narrower-chested than GSD,"derived from Bodh 2016 + Haryana 2022 + Soeratanapant 2024 + Stark mesh cross-check",,derivation,use,EST,"half-width 0.12-0.14 WH; skin-to-skin at same level ≈ bony + 2-4 mm/side muscle+skin ≈ 0.27-0.30 WH; Firefly's scaled mesh at 0.45 WH full width is ~1.7-1.9x too wide"
T8 (internal),Beagle internal TW (interpolated),13.5-14.5,cm,internal,,Beagle,13.8,interpolation between Bodh Spitz (11.9 kg: 13.2) and mongrel (16.3 kg: 16.6),Bodh et al. 2016,10.14202/vetworld.2016.371-376,CC BY 4.0,derivation,EST,"→ bony external ~14.7-15.7 cm; Stark Beagle mesh 150 mm sits inside this band: mesh verified correct"
